,,,,,,,,,,,,,,,,,,,,,,,,,,,,,,,,,,,,,,,,,,,,,,,,,,,,,,,,,,,,,,,,,,,,,,,,,,,,,,,,,,,,,,,,,,,,,,,,,,,,,,,,,,,,,,,,,,,,,,,,,,,,,,,,,,,,,,,,,,,,,,,,,,,,,,,,,,,,,,,,,,,,,,,,,,,,,,,,,,,,,,,,,,,,,,,,,,,,,,,,,,,,,,,,,,,,,,,,,,,,,,,,,,,,,,,,,,,,,,,,,,,,,,,,,,,,,,,,,,,,,,,,,,,,,,,,,,,,,,,,,,,,,,,,,,,,,,,,,,,,,,,,,,,,,,,,,,,,,,,,,,,,,,,,,,,,,,,,,,,,,,,,,,,,,,,,,,,,,,,,,,,,,,,,,,,,,,,,,,,,,,,,,,,,,,,,,,,,,,,,,,,,,,,,,,,,,,,,,,,,,,,,,,,,,,,,,,,,,,,,,,,,,,,,,,,,,,,,,,,,,,,,,,,,,,,,,,,,,,,,,,,,,,,,,,,,,,,,,,,,,,,,,,,,,,,,,,,,,,,,,,,,,,,,,,,,,,,,,,,,,,,,,,,,,,,,,,,,,,,,,,,,,,,,,,,,,,,,,,,,,,,,,,,,,,,,,,,,,,,,,,,,,,,,,,,,,,,,,,,,,,,,,,,,,,,,,,,,,,,,,,,,,,,,,,,,,,,,,,,,,,,,,,,,,,,,,,,,,,,,,,,,,,,,,,,,,,,,,,,,,,,,,,,,,,,,,,,,,,,,,,,,,,,,,,,,,,,,,,,,,,,,,,,,,,,,,,,,,,,,,,,,,,,,,,,,,,,,,,,,,,,,,,,,,,,,,,,,,,,,,,,,,,,,,,,,,,,,,,,,,,,,,,,,,,,,,,,,,,,,,,,,,,,,,,,,,,,,,,,,,,,,,,,,,,,,,,,,,,,,,,,,,,,,,,,,,,,,,,,,,,,,,,,,,,,,,,,,,,,,,,,,,,,,,,,,,,,,,,,,,,,,,,,,,,,,,,,,,,,,,,,,,,,,,,,,,,,,,,,,,,,,,,,,,,,,,,,,,,,,,,,,,,,,,,,,,,,,,,,,,,,
,,,,,,,,,,,,,,,,,,,,,,,,,,,,,,,,,,,,,,,,,,,,,,,,,,,,,,,,,,,,,,,,,,,,,,,,,,,,,,,,,,,,,,,,,,,,,,,,,,,,,,,,,,,,,,,,,,,,,,,,,,,,,,,,,,,,,,,,,,,,,,,,,,,,,,,,,,,,,,,,,,,,,,,,,,,,,,,,,,,,,,,,,,,,,,,,,,,,,,,,,,,,,,,,,,,,,,,,,,,,,,,,,,,,,,,,,,,,,,,,,,,,,,,,,,,,,,,,,,,,,,,,,,,,,,,,,,,,,,,,,,,,,,,,,,,,,,,,,,,,,,,,,,,,,,,,,,,,,,,,,,,,,,,,,,,,,,,,,,,,,,,,,,,,,,,,,,,,,,,,,,,,,,,,,,,,,,,,,,,,,,,,,,,,,,,,,,,,,,,,,,,,,,,,,,,,,,,,,,,,,,,,,,,,,,,,,,,,,,,,,,,,,,,,,,,,,,,,,,,,,,,,,,,,,,,,,,,,,,,,,,,,,,,,,,,,,,,,,,,,,,,,,,,,,,,,,,,,,,,,,,,,,,,,,,,,,,,,,,,,,,,,,,,,,,,,,,,,,,,,,,,,,,,,,,,,,,,,,,,,,,,,,,,,,,,,,,,,,,,,,,,,,,,,,,,,,,,,,,,,,,,,,,,,,,,,,,,,,,,,,,,,,,,,,,,,,,,,,,,,,,,,,,,,,,,,,,,,,,,,,,,,,,,,,,,,,,,,,,,,,,,,,,,,,,,,,,,,,,,,,,,,,,,,,,,,,,,,,,,,,,,,,,,,,,,,,,,,,,,,,,,,,,,,,,,,,,,,,,,,,,,,,,,,,,,,,,,,,,,,,,,,,,,,,,,,,,,,,,,,,,,,,,,,,,,,,,,,,,,,,,,,,,,,,,,,,,,,,,,,,,,,,,,,,,,,,,,,,,,,,,,,,,,,,,,,,,,,,,,,,,,,,,,,,,,,,,,,,,,,,,,,,,,,,,,,,,,,,,,,,,,,,,,,,,,,,,,,,,,,,,,,,,,,,,,,,,,,,,,,,,,,,,,,,,,,,,,,,,,,,,,,,,,,,,,,,,,,,,,,,,,
,,,,,,,,,,,,,,,,,,,,,,,,,,,,,,,,,,,,,,,,,,,,,,,,,,,,,,,,,,,,,,,,,,,,,,,,,,,,,,,,,,,,,,,,,,,,,,,,,,,,,,,,,,,,,,,,,,,,,,,,,,,,,,,,,,,,,,,,,,,,,,,,,,,,,,,,,,,,,,,,,,,,,,,,,,,,,,,,,,,,,,,,,,,,,,,,,,,,,,,,,,,,,,,,,,,,,,,,,,,,,,,,,,,,,,,,,,,,,,,,,,,,,,,,,,,,,,,,,,,,,,,,,,,,,,,,,,,,,,,,,,,,,,,,,,,,,,,,,,,,,,,,,,,,,,,,,,,,,,,,,,,,,,,,,,,,,,,,,,,,,,,,,,,,,,,,,,,,,,,,,,,,,,,,,,,,,,,,,,,,,,,,,,,,,,,,,,,,,,,,,,,,,,,,,,,,,,,,,,,,,,,,,,,,,,,,,,,,,,,,,,,,,,,,,,,,,,,,,,,,,,,,,,,,,,,,,,,,,,,,,,,,,,,,,,,,,,,,,,,,,,,,,,,,,,,,,,,,,,,,,,,,,,,,,,,,,,,,,,,,,,,,,,,,,,,,,,,,,,,,,,,,,,,,,,,,,,,,,,,,,,,,,,,,,,,,,,,,,,,,,,,,,,,,,,,,,,,,,,,,,,,,,,,,,,,,,,,,,,,,,,,,,,,,,,,,,,,,,,,,,,,,,,,,,,,,,,,,,,,,,,,,,,,,,,,,,,,,,,,,,,,,,,,,,,,,,,,,,,,,,,,,,,,,,,,,,,,,,,,,,,,,,,,,,,,,,,,,,,,,,,,,,,,,,,,,,,,,,,,,,,,,,,,,,,,,,,,,,,,,,,,,,,,,,,,,,,,,,,,,,,,,,,,,,,,,,,,,,,,,,,,,,,,,,,,,,,,,,,,,,,,,,,,,,,,,,,,,,,,,,,,,,,,,,,,,,,,,,,,,,,,,,,,,,,,,,,,,,,,,,,,,,,,,,,,,,,,,,,,,,,,,,,,,,,,,,,,,,,,,,,,,,,,,,,,,,,,,,,,,,,,,,,,,,,,,,,,,,,,,,,,,,,,,,,,,,,,,,,,,,,,
,,,,,,,,,,,,,,,,,,,,,,,,,,,,,,,,,,,,,,,,,,,,,,,,,,,,,,,,,,,,,,,,,,,,,,,,,,,,,,,,,,,,,,,,,,,,,,,,,,,,,,,,,,,,,,,,,,,,,,,,,,,,,,,,,,,,,,,,,,,,,,,,,,,,,,,,,,,,,,,,,,,,,,,,,,,,,,,,,,,,,,,,,,,,,,,,,,,,,,,,,,,,,,,,,,,,,,,,,,,,,,,,,,,,,,,,,,,,,,,,,,,,,,,,,,,,,,,,,,,,,,,,,,,,,,,,,,,,,,,,,,,,,,,,,,,,,,,,,,,,,,,,,,,,,,,,,,,,,,,,,,,,,,,,,,,,,,,,,,,,,,,,,,,,,,,,,,,,,,,,,,,,,,,,,,,,,,,,,,,,,,,,,,,,,,,,,,,,,,,,,,,,,,,,,,,,,,,,,,,,,,,,,,,,,,,,,,,,,,,,,,,,,,,,,,,,,,,,,,,,,,,,,,,,,,,,,,,,,,,,,,,,,,,,,,,,,,,,,,,,,,,,,,,,,,,,,,,,,,,,,,,,,,,,,,,,,,,,,,,,,,,,,,,,,,,,,,,,,,,,,,,,,,,,,,,,,,,,,,,,,,,,,,,,,,,,,,,,,,,,,,,,,,,,,,,,,,,,,,,,,,,,,,,,,,,,,,,,,,,,,,,,,,,,,,,,,,,,,,,,,,,,,,,,,,,,,,,,,,,,,,,,,,,,,,,,,,,,,,,,,,,,,,,,,,,,,,,,,,,,,,,,,,,,,,,,,,,,,,,,,,,,,,,,,,,,,,,,,,,,,,,,,,,,,,,,,,,,,,,,,,,,,,,,,,,,,,,,,,,,,,,,,,,,,,,,,,,,,,,,,,,,,,,,,,,,,,,,,,,,,,,,,,,,,,,,,,,,,,,,,,,,,,,,,,,,,,,,,,,,,,,,,,,,,,,,,,,,,,,,,,,,,,,,,,,,,,,,,,,,,,,,,,,,,,,,,,,,,,,,,,,,,,,,,,,,,,,,,,,,,,,,,,,,,,,,,,,,,,,,,,,,,,,,,,,,,,,,,,,,,,,,,,,,,,,,,,,,,,,,,,,
,,,,,,,,,,,,,,,,,,,,,,,,,,,,,,,,,,,,,,,,,,,,,,,,,,,,,,,,,,,,,,,,,,,,,,,,,,,,,,,,,,,,,,,,,,,,,,,,,,,,,,,,,,,,,,,,,,,,,,,,,,,,,,,,,,,,,,,,,,,,,,,,,,,,,,,,,,,,,,,,,,,,,,,,,,,,,,,,,,,,,,,,,,,,,,,,,,,,,,,,,,,,,,,,,,,,,,,,,,,,,,,,,,,,,,,,,,,,,,,,,,,,,,,,,,,,,,,,,,,,,,,,,,,,,,,,,,,,,,,,,,,,,,,,,,,,,,,,,,,,,,,,,,,,,,,,,,,,,,,,,,,,,,,,,,,,,,,,,,,,,,,,,,,,,,,,,,,,,,,,,,,,,,,,,,,,,,,,,,,,,,,,,,,,,,,,,,,,,,,,,,,,,,,,,,,,,,,,,,,,,,,,,,,,,,,,,,,,,,,,,,,,,,,,,,,,,,,,,,,,,,,,,,,,,,,,,,,,,,,,,,,,,,,,,,,,,,,,,,,,,,,,,,,,,,,,,,,,,,,,,,,,,,,,,,,,,,,,,,,,,,,,,,,,,,,,,,,,,,,,,,,,,,,,,,,,,,,,,,,,,,,,,,,,,,,,,,,,,,,,,,,,,,,,,,,,,,,,,,,,,,,,,,,,,,,,,,,,,,,,,,,,,,,,,,,,,,,,,,,,,,,,,,,,,,,,,,,,,,,,,,,,,,,,,,,,,,,,,,,,,,,,,,,,,,,,,,,,,,,,,,,,,,,,,,,,,,,,,,,,,,,,,,,,,,,,,,,,,,,,,,,,,,,,,,,,,,,,,,,,,,,,,,,,,,,,,,,,,,,,,,,,,,,,,,,,,,,,,,,,,,,,,,,,,,,,,,,,,,,,,,,,,,,,,,,,,,,,,,,,,,,,,,,,,,,,,,,,,,,,,,,,,,,,,,,,,,,,,,,,,,,,,,,,,,,,,,,,,,,,,,,,,,,,,,,,,,,,,,,,,,,,,,,,,,,,,,,,,,,,,,,,,,,,,,,,,,,,,,,,,,,,,,,,,,,,,,,,,,,,,,,,,,,,,,,,,,,,,,,,,,,
,,,,,,,,,,,,,,,,,,,,,,,,,,,,,,,,,,,,,,,,,,,,,,,,,,,,,,,,,,,,,,,,,,,,,,,,,,,,,,,,,,,,,,,,,,,,,,,,,,,,,,,,,,,,,,,,,,,,,,,,,,,,,,,,,,,,,,,,,,,,,,,,,,,,,,,,,,,,,,,,,,,,,,,,,,,,,,,,,,,,,,,,,,,,,,,,,,,,,,,,,,,,,,,,,,,,,,,,,,,,,,,,,,,,,,,,,,,,,,,,,,,,,,,,,,,,,,,,,,,,,,,,,,,,,,,,,,,,,,,,,,,,,,,,,,,,,,,,,,,,,,,,,,,,,,,,,,,,,,,,,,,,,,,,,,,,,,,,,,,,,,,,,,,,,,,,,,,,,,,,,,,,,,,,,,,,,,,,,,,,,,,,,,,,,,,,,,,,,,,,,,,,,,,,,,,,,,,,,,,,,,,,,,,,,,,,,,,,,,,,,,,,,,,,,,,,,,,,,,,,,,,,,,,,,,,,,,,,,,,,,,,,,,,,,,,,,,,,,,,,,,,,,,,,,,,,,,,,,,,,,,,,,,,,,,,,,,,,,,,,,,,,,,,,,,,,,,,,,,,,,,,,,,,,,,,,,,,,,,,,,,,,,,,,,,,,,,,,,,,,,,,,,,,,,,,,,,,,,,,,,,,,,,,,,,,,,,,,,,,,,,,,,,,,,,,,,,,,,,,,,,,,,,,,,,,,,,,,,,,,,,,,,,,,,,,,,,,,,,,,,,,,,,,,,,,,,,,,,,,,,,,,,,,,,,,,,,,,,,,,,,,,,,,,,,,,,,,,,,,,,,,,,,,,,,,,,,,,,,,,,,,,,,,,,,,,,,,,,,,,,,,,,,,,,,,,,,,,,,,,,,,,,,,,,,,,,,,,,,,,,,,,,,,,,,,,,,,,,,,,,,,,,,,,,,,,,,,,,,,,,,,,,,,,,,,,,,,,,,,,,,,,,,,,,,,,,,,,,,,,,,,,,,,,,,,,,,,,,,,,,,,,,,,,,,,,,,,,,,,,,,,,,,,,,,,,,,,,,,,,,,,,,,,,,,,,,,,,,,,,,,,,,,,,,,,,,,,,,,,,,,,
,,,,,,,,,,,,,,,,,,,,,,,,,,,,,,,,,,,,,,,,,,,,,,,,,,,,,,,,,,,,,,,,,,,,,,,,,,,,,,,,,,,,,,,,,,,,,,,,,,,,,,,,,,,,,,,,,,,,,,,,,,,,,,,,,,,,,,,,,,,,,,,,,,,,,,,,,,,,,,,,,,,,,,,,,,,,,,,,,,,,,,,,,,,,,,,,,,,,,,,,,,,,,,,,,,,,,,,,,,,,,,,,,,,,,,,,,,,,,,,,,,,,,,,,,,,,,,,,,,,,,,,,,,,,,,,,,,,,,,,,,,,,,,,,,,,,,,,,,,,,,,,,,,,,,,,,,,,,,,,,,,,,,,,,,,,,,,,,,,,,,,,,,,,,,,,,,,,,,,,,,,,,,,,,,,,,,,,,,,,,,,,,,,,,,,,,,,,,,,,,,,,,,,,,,,,,,,,,,,,,,,,,,,,,,,,,,,,,,,,,,,,,,,,,,,,,,,,,,,,,,,,,,,,,,,,,,,,,,,,,,,,,,,,,,,,,,,,,,,,,,,,,,,,,,,,,,,,,,,,,,,,,,,,,,,,,,,,,,,,,,,,,,,,,,,,,,,,,,,,,,,,,,,,,,,,,,,,,,,,,,,,,,,,,,,,,,,,,,,,,,,,,,,,,,,,,,,,,,,,,,,,,,,,,,,,,,,,,,,,,,,,,,,,,,,,,,,,,,,,,,,,,,,,,,,,,,,,,,,,,,,,,,,,,,,,,,,,,,,,,,,,,,,,,,,,,,,,,,,,,,,,,,,,,,,,,,,,,,,,,,,,,,,,,,,,,,,,,,,,,,,,,,,,,,,,,,,,,,,,,,,,,,,,,,,,,,,,,,,,,,,,,,,,,,,,,,,,,,,,,,,,,,,,,,,,,,,,,,,,,,,,,,,,,,,,,,,,,,,,,,,,,,,,,,,,,,,,,,,,,,,,,,,,,,,,,,,,,,,,,,,,,,,,,,,,,,,,,,,,,,,,,,,,,,,,,,,,,,,,,,,,,,,,,,,,,,,,,,,,,,,,,,,,,,,,,,,,,,,,,,,,,,,,,,,,,,,,,,,,,,,,,,,,,,,,,,,,,,,,,,,,
,,,,,,,,,,,,,,,,,,,,,,,,,,,,,,,,,,,,,,,,,,,,,,,,,,,,,,,,,,,,,,,,,,,,,,,,,,,,,,,,,,,,,,,,,,,,,,,,,,,,,,,,,,,,,,,,,,,,,,,,,,,,,,,,,,,,,,,,,,,,,,,,,,,,,,,,,,,,,,,,,,,,,,,,,,,,,,,,,,,,,,,,,,,,,,,,,,,,,,,,,,,,,,,,,,,,,,,,,,,,,,,,,,,,,,,,,,,,,,,,,,,,,,,,,,,,,,,,,,,,,,,,,,,,,,,,,,,,,,,,,,,,,,,,,,,,,,,,,,,,,,,,,,,,,,,,,,,,,,,,,,,,,,,,,,,,,,,,,,,,,,,,,,,,,,,,,,,,,,,,,,,,,,,,,,,,,,,,,,,,,,,,,,,,,,,,,,,,,,,,,,,,,,,,,,,,,,,,,,,,,,,,,,,,,,,,,,,,,,,,,,,,,,,,,,,,,,,,,,,,,,,,,,,,,,,,,,,,,,,,,,,,,,,,,,,,,,,,,,,,,,,,,,,,,,,,,,,,,,,,,,,,,,,,,,,,,,,,,,,,,,,,,,,,,,,,,,,,,,,,,,,,,,,,,,,,,,,,,,,,,,,,,,,,,,,,,,,,,,,,,,,,,,,,,,,,,,,,,,,,,,,,,,,,,,,,,,,,,,,,,,,,,,,,,,,,,,,,,,,,,,,,,,,,,,,,,,,,,,,,,,,,,,,,,,,,,,,,,,,,,,,,,,,,,,,,,,,,,,,,,,,,,,,,,,,,,,,,,,,,,,,,,,,,,,,,,,,,,,,,,,,,,,,,,,,,,,,,,,,,,,,,,,,,,,,,,,,,,,,,,,,,,,,,,,,,,,,,,,,,,,,,,,,,,,,,,,,,,,,,,,,,,,,,,,,,,,,,,,,,,,,,,,,,,,,,,,,,,,,,,,,,,,,,,,,,,,,,,,,,,,,,,,,,,,,,,,,,,,,,,,,,,,,,,,,,,,,,,,,,,,,,,,,,,,,,,,,,,,,,,,,,,,,,,,,,,,,,,,,,,,,,,,,,,,,,,,,,,,,,,,,,,,,,,,,,,,,,,,,,,,,
,,,,,,,,,,,,,,,,,,,,,,,,,,,,,,,,,,,,,,,,,,,,,,,,,,,,,,,,,,,,,,,,,,,,,,,,,,,,,,,,,,,,,,,,,,,,,,,,,,,,,,,,,,,,,,,,,,,,,,,,,,,,,,,,,,,,,,,,,,,,,,,,,,,,,,,,,,,,,,,,,,,,,,,,,,,,,,,,,,,,,,,,,,,,,,,,,,,,,,,,,,,,,,,,,,,,,,,,,,,,,,,,,,,,,,,,,,,,,,,,,,,,,,,,,,,,,,,,,,,,,,,,,,,,,,,,,,,,,,,,,,,,,,,,,,,,,,,,,,,,,,,,,,,,,,,,,,,,,,,,,,,,,,,,,,,,,,,,,,,,,,,,,,,,,,,,,,,,,,,,,,,,,,,,,,,,,,,,,,,,,,,,,,,,,,,,,,,,,,,,,,,,,,,,,,,,,,,,,,,,,,,,,,,,,,,,,,,,,,,,,,,,,,,,,,,,,,,,,,,,,,,,,,,,,,,,,,,,,,,,,,,,,,,,,,,,,,,,,,,,,,,,,,,,,,,,,,,,,,,,,,,,,,,,,,,,,,,,,,,,,,,,,,,,,,,,,,,,,,,,,,,,,,,,,,,,,,,,,,,,,,,,,,,,,,,,,,,,,,,,,,,,,,,,,,,,,,,,,,,,,,,,,,,,,,,,,,,,,,,,,,,,,,,,,,,,,,,,,,,,,,,,,,,,,,,,,,,,,,,,,,,,,,,,,,,,,,,,,,,,,,,,,,,,,,,,,,,,,,,,,,,,,,,,,,,,,,,,,,,,,,,,,,,,,,,,,,,,,,,,,,,,,,,,,,,,,,,,,,,,,,,,,,,,,,,,,,,,,,,,,,,,,,,,,,,,,,,,,,,,,,,,,,,,,,,,,,,,,,,,,,,,,,,,,,,,,,,,,,,,,,,,,,,,,,,,,,,,,,,,,,,,,,,,,,,,,,,,,,,,,,,,,,,,,,,,,,,,,,,,,,,,,,,,,,,,,,,,,,,,,,,,,,,,,,,,,,,,,,,,,,,,,,,,,,,,,,,,,,,,,,,,,,,,,,,,,,,,,,,,,,,,,,,,,,,,,,,,,,,,,,,
,,,,,,,,,,,,,,,,,,,,,,,,,,,,,,,,,,,,,,,,,,,,,,,,,,,,,,,,,,,,,,,,,,,,,,,,,,,,,,,,,,,,,,,,,,,,,,,,,,,,,,,,,,,,,,,,,,,,,,,,,,,,,,,,,,,,,,,,,,,,,,,,,,,,,,,,,,,,,,,,,,,,,,,,,,,,,,,,,,,,,,,,,,,,,,,,,,,,,,,,,,,,,,,,,,,,,,,,,,,,,,,,,,,,,,,,,,,,,,,,,,,,,,,,,,,,,,,,,,,,,,,,,,,,,,,,,,,,,,,,,,,,,,,,,,,,,,,,,,,,,,,,,,,,,,,,,,,,,,,,,,,,,,,,,,,,,,,,,,,,,,,,,,,,,,,,,,,,,,,,,,,,,,,,,,,,,,,,,,,,,,,,,,,,,,,,,,,,,,,,,,,,,,,,,,,,,,,,,,,,,,,,,,,,,,,,,,,,,,,,,,,,,,,,,,,,,,,,,,,,,,,,,,,,,,,,,,,,,,,,,,,,,,,,,,,,,,,,,,,,,,,,,,,,,,,,,,,,,,,,,,,,,,,,,,,,,,,,,,,,,,,,,,,,,,,,,,,,,,,,,,,,,,,,,,,,,,,,,,,,,,,,,,,,,,,,,,,,,,,,,,,,,,,,,,,,,,,,,,,,,,,,,,,,,,,,,,,,,,,,,,,,,,,,,,,,,,,,,,,,,,,,,,,,,,,,,,,,,,,,,,,,,,,,,,,,,,,,,,,,,,,,,,,,,,,,,,,,,,,,,,,,,,,,,,,,,,,,,,,,,,,,,,,,,,,,,,,,,,,,,,,,,,,,,,,,,,,,,,,,,,,,,,,,,,,,,,,,,,,,,,,,,,,,,,,,,,,,,,,,,,,,,,,,,,,,,,,,,,,,,,,,,,,,,,,,,,,,,,,,,,,,,,,,,,,,,,,,,,,,,,,,,,,,,,,,,,,,,,,,,,,,,,,,,,,,,,,,,,,,,,,,,,,,,,,,,,,,,,,,,,,,,,,,,,,,,,,,,,,,,,,,,,,,,,,,,,,,,,,,,,,,,,,,,,,,,,,,,,,,,,,,,,,,,,,,,,,,,,,,,,,
,,,,,,,,,,,,,,,,,,,,,,,,,,,,,,,,,,,,,,,,,,,,,,,,,,,,,,,,,,,,,,,,,,,,,,,,,,,,,,,,,,,,,,,,,,,,,,,,,,,,,,,,,,,,,,,,,,,,,,,,,,,,,,,,,,,,,,,,,,,,,,,,,,,,,,,,,,,,,,,,,,,,,,,,,,,,,,,,,,,,,,,,,,,,,,,,,,,,,,,,,,,,,,,,,,,,,,,,,,,,,,,,,,,,,,,,,,,,,,,,,,,,,,,,,,,,,,,,,,,,,,,,,,,,,,,,,,,,,,,,,,,,,,,,,,,,,,,,,,,,,,,,,,,,,,,,,,,,,,,,,,,,,,,,,,,,,,,,,,,,,,,,,,,,,,,,,,,,,,,,,,,,,,,,,,,,,,,,,,,,,,,,,,,,,,,,,,,,,,,,,,,,,,,,,,,,,,,,,,,,,,,,,,,,,,,,,,,,,,,,,,,,,,,,,,,,,,,,,,,,,,,,,,,,,,,,,,,,,,,,,,,,,,,,,,,,,,,,,,,,,,,,,,,,,,,,,,,,,,,,,,,,,,,,,,,,,,,,,,,,,,,,,,,,,,,,,,,,,,,,,,,,,,,,,,,,,,,,,,,,,,,,,,,,,,,,,,,,,,,,,,,,,,,,,,,,,,,,,,,,,,,,,,,,,,,,,,,,,,,,,,,,,,,,,,,,,,,,,,,,,,,,,,,,,,,,,,,,,,,,,,,,,,,,,,,,,,,,,,,,,,,,,,,,,,,,,,,,,,,,,,,,,,,,,,,,,,,,,,,,,,,,,,,,,,,,,,,,,,,,,,,,,,,,,,,,,,,,,,,,,,,,,,,,,,,,,,,,,,,,,,,,,,,,,,,,,,,,,,,,,,,,,,,,,,,,,,,,,,,,,,,,,,,,,,,,,,,,,,,,,,,,,,,,,,,,,,,,,,,,,,,,,,,,,,,,,,,,,,,,,,,,,,,,,,,,,,,,,,,,,,,,,,,,,,,,,,,,,,,,,,,,,,,,,,,,,,,,,,,,,,,,,,,,,,,,,,,,,,,,,,,,,,,,,,,,,,,,,,,,,,,,,,,,,,,,,,,,,,,,,,,
,,,,,,,,,,,,,,,,,,,,,,,,,,,,,,,,,,,,,,,,,,,,,,,,,,,,,,,,,,,,,,,,,,,,,,,,,,,,,,,,,,,,,,,,,,,,,,,,,,,,,,,,,,,,,,,,,,,,,,,,,,,,,,,,,,,,,,,,,,,,,,,,,,,,,,,,,,,,,,,,,,,,,,,,,,,,,,,,,,,,,,,,,,,,,,,,,,,,,,,,,,,,,,,,,,,,,,,,,,,,,,,,,,,,,,,,,,,,,,,,,,,,,,,,,,,,,,,,,,,,,,,,,,,,,,,,,,,,,,,,,,,,,,,,,,,,,,,,,,,,,,,,,,,,,,,,,,,,,,,,,,,,,,,,,,,,,,,,,,,,,,,,,,,,,,,,,,,,,,,,,,,,,,,,,,,,,,,,,,,,,,,,,,,,,,,,,,,,,,,,,,,,,,,,,,,,,,,,,,,,,,,,,,,,,,,,,,,,,,,,,,,,,,,,,,,,,,,,,,,,,,,,,,,,,,,,,,,,,,,,,,,,,,,,,,,,,,,,,,,,,,,,,,,,,,,,,,,,,,,,,,,,,,,,,,,,,,,,,,,,,,,,,,,,,,,,,,,,,,,,,,,,,,,,,,,,,,,,,,,,,,,,,,,,,,,,,,,,,,,,,,,,,,,,,,,,,,,,,,,,,,,,,,,,,,,,,,,,,,,,,,,,,,,,,,,,,,,,,,,,,,,,,,,,,,,,,,,,,,,,,,,,,,,,,,,,,,,,,,,,,,,,,,,,,,,,,,,,,,,,,,,,,,,,,,,,,,,,,,,,,,,,,,,,,,,,,,,,,,,,,,,,,,,,,,,,,,,,,,,,,,,,,,,,,,,,,,,,,,,,,,,,,,,,,,,,,,,,,,,,,,,,,,,,,,,,,,,,,,,,,,,,,,,,,,,,,,,,,,,,,,,,,,,,,,,,,,,,,,,,,,,,,,,,,,,,,,,,,,,,,,,,,,,,,,,,,,,,,,,,,,,,,,,,,,,,,,,,,,,,,,,,,,,,,,,,,,,,,,,,,,,,,,,,,,,,,,,,,,,,,,,,,,,,,,,,,,,,,,,,,,,,,,,,,,,,,,,,,,,,,,,
,,,,,,,,,,,,,,,,,,,,,,,,,,,,,,,,,,,,,,,,,,,,,,,,,,,,,,,,,,,,,,,,,,,,,,,,,,,,,,,,,,,,,,,,,,,,,,,,,,,,,,,,,,,,,,,,,,,,,,,,,,,,,,,,,,,,,,,,,,,,,,,,,,,,,,,,,,,,,,,,,,,,,,,,,,,,,,,,,,,,,,,,,,,,,,,,,,,,,,,,,,,,,,,,,,,,,,,,,,,,,,,,,,,,,,,,,,,,,,,,,,,,,,,,,,,,,,,,,,,,,,,,,,,,,,,,,,,,,,,,,,,,,,,,,,,,,,,,,,,,,,,,,,,,,,,,,,,,,,,,,,,,,,,,,,,,,,,,,,,,,,,,,,,,,,,,,,,,,,,,,,,,,,,,,,,,,,,,,,,,,,,,,,,,,,,,,,,,,,,,,,,,,,,,,,,,,,,,,,,,,,,,,,,,,,,,,,,,,,,,,,,,,,,,,,,,,,,,,,,,,,,,,,,,,,,,,,,,,,,,,,,,,,,,,,,,,,,,,,,,,,,,,,,,,,,,,,,,,,,,,,,,,,,,,,,,,,,,,,,,,,,,,,,,,,,,,,,,,,,,,,,,,,,,,,,,,,,,,,,,,,,,,,,,,,,,,,,,,,,,,,,,,,,,,,,,,,,,,,,,,,,,,,,,,,,,,,,,,,,,,,,,,,,,,,,,,,,,,,,,,,,,,,,,,,,,,,,,,,,,,,,,,,,,,,,,,,,,,,,,,,,,,,,,,,,,,,,,,,,,,,,,,,,,,,,,,,,,,,,,,,,,,,,,,,,,,,,,,,,,,,,,,,,,,,,,,,,,,,,,,,,,,,,,,,,,,,,,,,,,,,,,,,,,,,,,,,,,,,,,,,,,,,,,,,,,,,,,,,,,,,,,,,,,,,,,,,,,,,,,,,,,,,,,,,,,,,,,,,,,,,,,,,,,,,,,,,,,,,,,,,,,,,,,,,,,,,,,,,,,,,,,,,,,,,,,,,,,,,,,,,,,,,,,,,,,,,,,,,,,,,,,,,,,,,,,,,,,,,,,,,,,,,,,,,,,,,,,,,,,,,,,,,,,,,,,,,,,,,,,,,,
,,,,,,,,,,,,,,,,,,,,,,,,,,,,,,,,,,,,,,,,,,,,,,,,,,,,,,,,,,,,,,,,,,,,,,,,,,,,,,,,,,,,,,,,,,,,,,,,,,,,,,,,,,,,,,,,,,,,,,,,,,,,,,,,,,,,,,,,,,,,,,,,,,,,,,,,,,,,,,,,,,,,,,,,,,,,,,,,,,,,,,,,,,,,,,,,,,,,,,,,,,,,,,,,,,,,,,,,,,,,,,,,,,,,,,,,,,,,,,,,,,,,,,,,,,,,,,,,,,,,,,,,,,,,,,,,,,,,,,,,,,,,,,,,,,,,,,,,,,,,,,,,,,,,,,,,,,,,,,,,,,,,,,,,,,,,,,,,,,,,,,,,,,,,,,,,,,,,,,,,,,,,,,,,,,,,,,,,,,,,,,,,,,,,,,,,,,,,,,,,,,,,,,,,,,,,,,,,,,,,,,,,,,,,,,,,,,,,,,,,,,,,,,,,,,,,,,,,,,,,,,,,,,,,,,,,,,,,,,,,,,,,,,,,,,,,,,,,,,,,,,,,,,,,,,,,,,,,,,,,,,,,,,,,,,,,,,,,,,,,,,,,,,,,,,,,,,,,,,,,,,,,,,,,,,,,,,,,,,,,,,,,,,,,,,,,,,,,,,,,,,,,,,,,,,,,,,,,,,,,,,,,,,,,,,,,,,,,,,,,,,,,,,,,,,,,,,,,,,,,,,,,,,,,,,,,,,,,,,,,,,,,,,,,,,,,,,,,,,,,,,,,,,,,,,,,,,,,,,,,,,,,,,,,,,,,,,,,,,,,,,,,,,,,,,,,,,,,,,,,,,,,,,,,,,,,,,,,,,,,,,,,,,,,,,,,,,,,,,,,,,,,,,,,,,,,,,,,,,,,,,,,,,,,,,,,,,,,,,,,,,,,,,,,,,,,,,,,,,,,,,,,,,,,,,,,,,,,,,,,,,,,,,,,,,,,,,,,,,,,,,,,,,,,,,,,,,,,,,,,,,,,,,,,,,,,,,,,,,,,,,,,,,,,,,,,,,,,,,,,,,,,,,,,,,,,,,,,,,,,,,,,,,,,,,,,,,,,,,,,,,,,,,,,,,,,,,,,,,,,,,,
,,,,,,,,,,,,,,,,,,,,,,,,,,,,,,,,,,,,,,,,,,,,,,,,,,,,,,,,,,,,,,,,,,,,,,,,,,,,,,,,,,,,,,,,,,,,,,,,,,,,,,,,,,,,,,,,,,,,,,,,,,,,,,,,,,,,,,,,,,,,,,,,,,,,,,,,,,,,,,,,,,,,,,,,,,,,,,,,,,,,,,,,,,,,,,,,,,,,,,,,,,,,,,,,,,,,,,,,,,,,,,,,,,,,,,,,,,,,,,,,,,,,,,,,,,,,,,,,,,,,,,,,,,,,,,,,,,,,,,,,,,,,,,,,,,,,,,,,,,,,,,,,,,,,,,,,,,,,,,,,,,,,,,,,,,,,,,,,,,,,,,,,,,,,,,,,,,,,,,,,,,,,,,,,,,,,,,,,,,,,,,,,,,,,,,,,,,,,,,,,,,,,,,,,,,,,,,,,,,,,,,,,,,,,,,,,,,,,,,,,,,,,,,,,,,,,,,,,,,,,,,,,,,,,,,,,,,,,,,,,,,,,,,,,,,,,,,,,,,,,,,,,,,,,,,,,,,,,,,,,,,,,,,,,,,,,,,,,,,,,,,,,,,,,,,,,,,,,,,,,,,,,,,,,,,,,,,,,,,,,,,,,,,,,,,,,,,,,,,,,,,,,,,,,,,,,,,,,,,,,,,,,,,,,,,,,,,,,,,,,,,,,,,,,,,,,,,,,,,,,,,,,,,,,,,,,,,,,,,,,,,,,,,,,,,,,,,,,,,,,,,,,,,,,,,,,,,,,,,,,,,,,,,,,,,,,,,,,,,,,,,,,,,,,,,,,,,,,,,,,,,,,,,,,,,,,,,,,,,,,,,,,,,,,,,,,,,,,,,,,,,,,,,,,,,,,,,,,,,,,,,,,,,,,,,,,,,,,,,,,,,,,,,,,,,,,,,,,,,,,,,,,,,,,,,,,,,,,,,,,,,,,,,,,,,,,,,,,,,,,,,,,,,,,,,,,,,,,,,,,,,,,,,,,,,,,,,,,,,,,,,,,,,,,,,,,,,,,,,,,,,,,,,,,,,,,,,,,,,,,,,,,,,,,,,,,,,,,,,,,,,,,,,,,,,,,,,,,,,,,,,,
,,,,,,,,,,,,,,,,,,,,,,,,,,,,,,,,,,,,,,,,,,,,,,,,,,,,,,,,,,,,,,,,,,,,,,,,,,,,,,,,,,,,,,,,,,,,,,,,,,,,,,,,,,,,,,,,,,,,,,,,,,,,,,,,,,,,,,,,,,,,,,,,,,,,,,,,,,,,,,,,,,,,,,,,,,,,,,,,,,,,,,,,,,,,,,,,,,,,,,,,,,,,,,,,,,,,,,,,,,,,,,,,,,,,,,,,,,,,,,,,,,,,,,,,,,,,,,,,,,,,,,,,,,,,,,,,,,,,,,,,,,,,,,,,,,,,,,,,,,,,,,,,,,,,,,,,,,,,,,,,,,,,,,,,,,,,,,,,,,,,,,,,,,,,,,,,,,,,,,,,,,,,,,,,,,,,,,,,,,,,,,,,,,,,,,,,,,,,,,,,,,,,,,,,,,,,,,,,,,,,,,,,,,,,,,,,,,,,,,,,,,,,,,,,,,,,,,,,,,,,,,,,,,,,,,,,,,,,,,,,,,,,,,,,,,,,,,,,,,,,,,,,,,,,,,,,,,,,,,,,,,,,,,,,,,,,,,,,,,,,,,,,,,,,,,,,,,,,,,,,,,,,,,,,,,,,,,,,,,,,,,,,,,,,,,,,,,,,,,,,,,,,,,,,,,,,,,,,,,,,,,,,,,,,,,,,,,,,,,,,,,,,,,,,,,,,,,,,,,,,,,,,,,,,,,,,,,,,,,,,,,,,,,,,,,,,,,,,,,,,,,,,,,,,,,,,,,,,,,,,,,,,,,,,,,,,,,,,,,,,,,,,,,,,,,,,,,,,,,,,,,,,,,,,,,,,,,,,,,,,,,,,,,,,,,,,,,,,,,,,,,,,,,,,,,,,,,,,,,,,,,,,,,,,,,,,,,,,,,,,,,,,,,,,,,,,,,,,,,,,,,,,,,,,,,,,,,,,,,,,,,,,,,,,,,,,,,,,,,,,,,,,,,,,,,,,,,,,,,,,,,,,,,,,,,,,,,,,,,,,,,,,,,,,,,,,,,,,,,,,,,,,,,,,,,,,,,,,,,,,,,,,,,,,,,,,,,,,,,,,,,,,,,,,,,,,,,,,,,,,,,,
,,,,,,,,,,,,,,,,,,,,,,,,,,,,,,,,,,,,,,,,,,,,,,,,,,,,,,,,,,,,,,,,,,,,,,,,,,,,,,,,,,,,,,,,,,,,,,,,,,,,,,,,,,,,,,,,,,,,,,,,,,,,,,,,,,,,,,,,,,,,,,,,,,,,,,,,,,,,,,,,,,,,,,,,,,,,,,,,,,,,,,,,,,,,,,,,,,,,,,,,,,,,,,,,,,,,,,,,,,,,,,,,,,,,,,,,,,,,,,,,,,,,,,,,,,,,,,,,,,,,,,,,,,,,,,,,,,,,,,,,,,,,,,,,,,,,,,,,,,,,,,,,,,,,,,,,,,,,,,,,,,,,,,,,,,,,,,,,,,,,,,,,,,,,,,,,,,,,,,,,,,,,,,,,,,,,,,,,,,,,,,,,,,,,,,,,,,,,,,,,,,,,,,,,,,,,,,,,,,,,,,,,,,,,,,,,,,,,,,,,,,,,,,,,,,,,,,,,,,,,,,,,,,,,,,,,,,,,,,,,,,,,,,,,,,,,,,,,,,,,,,,,,,,,,,,,,,,,,,,,,,,,,,,,,,,,,,,,,,,,,,,,,,,,,,,,,,,,,,,,,,,,,,,,,,,,,,,,,,,,,,,,,,,,,,,,,,,,,,,,,,,,,,,,,,,,,,,,,,,,,,,,,,,,,,,,,,,,,,,,,,,,,,,,,,,,,,,,,,,,,,,,,,,,,,,,,,,,,,,,,,,,,,,,,,,,,,,,,,,,,,,,,,,,,,,,,,,,,,,,,,,,,,,,,,,,,,,,,,,,,,,,,,,,,,,,,,,,,,,,,,,,,,,,,,,,,,,,,,,,,,,,,,,,,,,,,,,,,,,,,,,,,,,,,,,,,,,,,,,,,,,,,,,,,,,,,,,,,,,,,,,,,,,,,,,,,,,,,,,,,,,,,,,,,,,,,,,,,,,,,,,,,,,,,,,,,,,,,,,,,,,,,,,,,,,,,,,,,,,,,,,,,,,,,,,,,,,,,,,,,,,,,,,,,,,,,,,,,,,,,,,,,,,,,,,,,,,,,,,,,,,,,,,,,,,,,,,,,,,,,,,,,,,,,,,,,,,,,,,,,,,
,,,,,,,,,,,,,,,,,,,,,,,,,,,,,,,,,,,,,,,,,,,,,,,,,,,,,,,,,,,,,,,,,,,,,,,,,,,,,,,,,,,,,,,,,,,,,,,,,,,,,,,,,,,,,,,,,,,,,,,,,,,,,,,,,,,,,,,,,,,,,,,,,,,,,,,,,,,,,,,,,,,,,,,,,,,,,,,,,,,,,,,,,,,,,,,,,,,,,,,,,,,,,,,,,,,,,,,,,,,,,,,,,,,,,,,,,,,,,,,,,,,,,,,,,,,,,,,,,,,,,,,,,,,,,,,,,,,,,,,,,,,,,,,,,,,,,,,,,,,,,,,,,,,,,,,,,,,,,,,,,,,,,,,,,,,,,,,,,,,,,,,,,,,,,,,,,,,,,,,,,,,,,,,,,,,,,,,,,,,,,,,,,,,,,,,,,,,,,,,,,,,,,,,,,,,,,,,,,,,,,,,,,,,,,,,,,,,,,,,,,,,,,,,,,,,,,,,,,,,,,,,,,,,,,,,,,,,,,,,,,,,,,,,,,,,,,,,,,,,,,,,,,,,,,,,,,,,,,,,,,,,,,,,,,,,,,,,,,,,,,,,,,,,,,,,,,,,,,,,,,,,,,,,,,,,,,,,,,,,,,,,,,,,,,,,,,,,,,,,,,,,,,,,,,,,,,,,,,,,,,,,,,,,,,,,,,,,,,,,,,,,,,,,,,,,,,,,,,,,,,,,,,,,,,,,,,,,,,,,,,,,,,,,,,,,,,,,,,,,,,,,,,,,,,,,,,,,,,,,,,,,,,,,,,,,,,,,,,,,,,,,,,,,,,,,,,,,,,,,,,,,,,,,,,,,,,,,,,,,,,,,,,,,,,,,,,,,,,,,,,,,,,,,,,,,,,,,,,,,,,,,,,,,,,,,,,,,,,,,,,,,,,,,,,,,,,,,,,,,,,,,,,,,,,,,,,,,,,,,,,,,,,,,,,,,,,,,,,,,,,,,,,,,,,,,,,,,,,,,,,,,,,,,,,,,,,,,,,,,,,,,,,,,,,,,,,,,,,,,,,,,,,,,,,,,,,,,,,,,,,,,,,,,,,,,,,,,,,,,,,,,,,,,,,,,,,,,,,,,,,,,
,,,,,,,,,,,,,,,,,,,,,,,,,,,,,,,,,,,,,,,,,,,,,,,,,,,,,,,,,,,,,,,,,,,,,,,,,,,,,,,,,,,,,,,,,,,,,,,,,,,,,,,,,,,,,,,,,,,,,,,,,,,,,,,,,,,,,,,,,,,,,,,,,,,,,,,,,,,,,,,,,,,,,,,,,,,,,,,,,,,,,,,,,,,,,,,,,,,,,,,,,,,,,,,,,,,,,,,,,,,,,,,,,,,,,,,,,,,,,,,,,,,,,,,,,,,,,,,,,,,,,,,,,,,,,,,,,,,,,,,,,,,,,,,,,,,,,,,,,,,,,,,,,,,,,,,,,,,,,,,,,,,,,,,,,,,,,,,,,,,,,,,,,,,,,,,,,,,,,,,,,,,,,,,,,,,,,,,,,,,,,,,,,,,,,,,,,,,,,,,,,,,,,,,,,,,,,,,,,,,,,,,,,,,,,,,,,,,,,,,,,,,,,,,,,,,,,,,,,,,,,,,,,,,,,,,,,,,,,,,,,,,,,,,,,,,,,,,,,,,,,,,,,,,,,,,,,,,,,,,,,,,,,,,,,,,,,,,,,,,,,,,,,,,,,,,,,,,,,,,,,,,,,,,,,,,,,,,,,,,,,,,,,,,,,,,,,,,,,,,,,,,,,,,,,,,,,,,,,,,,,,,,,,,,,,,,,,,,,,,,,,,,,,,,,,,,,,,,,,,,,,,,,,,,,,,,,,,,,,,,,,,,,,,,,,,,,,,,,,,,,,,,,,,,,,,,,,,,,,,,,,,,,,,,,,,,,,,,,,,,,,,,,,,,,,,,,,,,,,,,,,,,,,,,,,,,,,,,,,,,,,,,,,,,,,,,,,,,,,,,,,,,,,,,,,,,,,,,,,,,,,,,,,,,,,,,,,,,,,,,,,,,,,,,,,,,,,,,,,,,,,,,,,,,,,,,,,,,,,,,,,,,,,,,,,,,,,,,,,,,,,,,,,,,,,,,,,,,,,,,,,,,,,,,,,,,,,,,,,,,,,,,,,,,,,,,,,,,,,,,,,,,,,,,,,,,,,,,,,,,,,,,,,,,,,,,,,,,,,,,,,,,,,,,,,,,,,,,,,,,,,,
,,,,,,,,,,,,,,,,,,,,,,,,,,,,,,,,,,,,,,,,,,,,,,,,,,,,,,,,,,,,,,,,,,,,,,,,,,,,,,,,,,,,,,,,,,,,,,,,,,,,,,,,,,,,,,,,,,,,,,,,,,,,,,,,,,,,,,,,,,,,,,,,,,,,,,,,,,,,,,,,,,,,,,,,,,,,,,,,,,,,,,,,,,,,,,,,,,,,,,,,,,,,,,,,,,,,,,,,,,,,,,,,,,,,,,,,,,,,,,,,,,,,,,,,,,,,,,,,,,,,,,,,,,,,,,,,,,,,,,,,,,,,,,,,,,,,,,,,,,,,,,,,,,,,,,,,,,,,,,,,,,,,,,,,,,,,,,,,,,,,,,,,,,,,,,,,,,,,,,,,,,,,,,,,,,,,,,,,,,,,,,,,,,,,,,,,,,,,,,,,,,,,,,,,,,,,,,,,,,,,,,,,,,,,,,,,,,,,,,,,,,,,,,,,,,,,,,,,,,,,,,,,,,,,,,,,,,,,,,,,,,,,,,,,,,,,,,,,,,,,,,,,,,,,,,,,,,,,,,,,,,,,,,,,,,,,,,,,,,,,,,,,,,,,,,,,,,,,,,,,,,,,,,,,,,,,,,,,,,,,,,,,,,,,,,,,,,,,,,,,,,,,,,,,,,,,,,,,,,,,,,,,,,,,,,,,,,,,,,,,,,,,,,,,,,,,,,,,,,,,,,,,,,,,,,,,,,,,,,,,,,,,,,,,,,,,,,,,,,,,,,,,,,,,,,,,,,,,,,,,,,,,,,,,,,,,,,,,,,,,,,,,,,,,,,,,,,,,,,,,,,,,,,,,,,,,,,,,,,,,,,,,,,,,,,,,,,,,,,,,,,,,,,,,,,,,,,,,,,,,,,,,,,,,,,,,,,,,,,,,,,,,,,,,,,,,,,,,,,,,,,,,,,,,,,,,,,,,,,,,,,,,,,,,,,,,,,,,,,,,,,,,,,,,,,,,,,,,,,,,,,,,,,,,,,,,,,,,,,,,,,,,,,,,,,,,,,,,,,,,,,,,,,,,,,,,,,,,,,,,,,,,,,,,,,,,,,,,,,,,,,,,,,,,,,,,,,,,,,,,,,,
,,,,,,,,,,,,,,,,,,,,,,,,,,,,,,,,,,,,,,,,,,,,,,,,,,,,,,,,,,,,,,,,,,,,,,,,,,,,,,,,,,,,,,,,,,,,,,,,,,,,,,,,,,,,,,,,,,,,,,,,,,,,,,,,,,,,,,,,,,,,,,,,,,,,,,,,,,,,,,,,,,,,,,,,,,,,,,,,,,,,,,,,,,,,,,,,,,,,,,,,,,,,,,,,,,,,,,,,,,,,,,,,,,,,,,,,,,,,,,,,,,,,,,,,,,,,,,,,,,,,,,,,,,,,,,,,,,,,,,,,,,,,,,,,,,,,,,,,,,,,,,,,,,,,,,,,,,,,,,,,,,,,,,,,,,,,,,,,,,,,,,,,,,,,,,,,,,,,,,,,,,,,,,,,,,,,,,,,,,,,,,,,,,,,,,,,,,,,,,,,,,,,,,,,,,,,,,,,,,,,,,,,,,,,,,,,,,,,,,,,,,,,,,,,,,,,,,,,,,,,,,,,,,,,,,,,,,,,,,,,,,,,,,,,,,,,,,,,,,,,,,,,,,,,,,,,,,,,,,,,,,,,,,,,,,,,,,,,,,,,,,,,,,,,,,,,,,,,,,,,,,,,,,,,,,,,,,,,,,,,,,,,,,,,,,,,,,,,,,,,,,,,,,,,,,,,,,,,,,,,,,,,,,,,,,,,,,,,,,,,,,,,,,,,,,,,,,,,,,,,,,,,,,,,,,,,,,,,,,,,,,,,,,,,,,,,,,,,,,,,,,,,,,,,,,,,,,,,,,,,,,,,,,,,,,,,,,,,,,,,,,,,,,,,,,,,,,,,,,,,,,,,,,,,,,,,,,,,,,,,,,,,,,,,,,,,,,,,,,,,,,,,,,,,,,,,,,,,,,,,,,,,,,,,,,,,,,,,,,,,,,,,,,,,,,,,,,,,,,,,,,,,,,,,,,,,,,,,,,,,,,,,,,,,,,,,,,,,,,,,,,,,,,,,,,,,,,,,,,,,,,,,,,,,,,,,,,,,,,,,,,,,,,,,,,,,,,,,,,,,,,,,,,,,,,,,,,,,,,,,,,,,,,,,,,,,,,,,,,,,,,,,,,,,,,,,,,,,,,,,,,,
,,,,,,,,,,,,,,,,,,,,,,,,,,,,,,,,,,,,,,,,,,,,,,,,,,,,,,,,,,,,,,,,,,,,,,,,,,,,,,,,,,,,,,,,,,,,,,,,,,,,,,,,,,,,,,,,,,,,,,,,,,,,,,,,,,,,,,,,,,,,,,,,,,,,,,,,,,,,,,,,,,,,,,,,,,,,,,,,,,,,,,,,,,,,,,,,,,,,,,,,,,,,,,,,,,,,,,,,,,,,,,,,,,,,,,,,,,,,,,,,,,,,,,,,,,,,,,,,,,,,,,,,,,,,,,,,,,,,,,,,,,,,,,,,,,,,,,,,,,,,,,,,,,,,,,,,,,,,,,,,,,,,,,,,,,,,,,,,,,,,,,,,,,,,,,,,,,,,,,,,,,,,,,,,,,,,,,,,,,,,,,,,,,,,,,,,,,,,,,,,,,,,,,,,,,,,,,,,,,,,,,,,,,,,,,,,,,,,,,,,,,,,,,,,,,,,,,,,,,,,,,,,,,,,,,,,,,,,,,,,,,,,,,,,,,,,,,,,,,,,,,,,,,,,,,,,,,,,,,,,,,,,,,,,,,,,,,,,,,,,,,,,,,,,,,,,,,,,,,,,,,,,,,,,,,,,,,,,,,,,,,,,,,,,,,,,,,,,,,,,,,,,,,,,,,,,,,,,,,,,,,,,,,,,,,,,,,,,,,,,,,,,,,,,,,,,,,,,,,,,,,,,,,,,,,,,,,,,,,,,,,,,,,,,,,,,,,,,,,,,,,,,,,,,,,,,,,,,,,,,,,,,,,,,,,,,,,,,,,,,,,,,,,,,,,,,,,,,,,,,,,,,,,,,,,,,,,,,,,,,,,,,,,,,,,,,,,,,,,,,,,,,,,,,,,,,,,,,,,,,,,,,,,,,,,,,,,,,,,,,,,,,,,,,,,,,,,,,,,,,,,,,,,,,,,,,,,,,,,,,,,,,,,,,,,,,,,,,,,,,,,,,,,,,,,,,,,,,,,,,,,,,,,,,,,,,,,,,,,,,,,,,,,,,,,,,,,,,,,,,,,,,,,,,,,,,,,,,,,,,,,,,,,,,,,,,,,,,,,,,,,,,,,,,,,,,,,,,,,,,,,,
,,,,,,,,,,,,,,,,,,,,,,,,,,,,,,,,,,,,,,,,,,,,,,,,,,,,,,,,,,,,,,,,,,,,,,,,,,,,,,,,,,,,,,,,,,,,,,,,,,,,,,,,,,,,,,,,,,,,,,,,,,,,,,,,,,,,,,,,,,,,,,,,,,,,,,,,,,,,,,,,,,,,,,,,,,,,,,,,,,,,,,,,,,,,,,,,,,,,,,,,,,,,,,,,,,,,,,,,,,,,,,,,,,,,,,,,,,,,,,,,,,,,,,,,,,,,,,,,,,,,,,,,,,,,,,,,,,,,,,,,,,,,,,,,,,,,,,,,,,,,,,,,,,,,,,,,,,,,,,,,,,,,,,,,,,,,,,,,,,,,,,,,,,,,,,,,,,,,,,,,,,,,,,,,,,,,,,,,,,,,,,,,,,,,,,,,,,,,,,,,,,,,,,,,,,,,,,,,,,,,,,,,,,,,,,,,,,,,,,,,,,,,,,,,,,,,,,,,,,,,,,,,,,,,,,,,,,,,,,,,,,,,,,,,,,,,,,,,,,,,,,,,,,,,,,,,,,,,,,,,,,,,,,,,,,,,,,,,,,,,,,,,,,,,,,,,,,,,,,,,,,,,,,,,,,,,,,,,,,,,,,,,,,,,,,,,,,,,,,,,,,,,,,,,,,,,,,,,,,,,,,,,,,,,,,,,,,,,,,,,,,,,,,,,,,,,,,,,,,,,,,,,,,,,,,,,,,,,,,,,,,,,,,,,,,,,,,,,,,,,,,,,,,,,,,,,,,,,,,,,,,,,,,,,,,,,,,,,,,,,,,,,,,,,,,,,,,,,,,,,,,,,,,,,,,,,,,,,,,,,,,,,,,,,,,,,,,,,,,,,,,,,,,,,,,,,,,,,,,,,,,,,,,,,,,,,,,,,,,,,,,,,,,,,,,,,,,,,,,,,,,,,,,,,,,,,,,,,,,,,,,,,,,,,,,,,,,,,,,,,,,,,,,,,,,,,,,,,,,,,,,,,,,,,,,,,,,,,,,,,,,,,,,,,,,,,,,,,,,,,,,,,,,,,,,,,,,,,,,,,,,,,,,,,,,,,,,,,,,,,,,,,,,,,,,,,,,,,,,,,,,,
,,,,,,,,,,,,,,,,,,,,,,,,,,,,,,,,,,,,,,,,,,,,,,,,,,,,,,,,,,,,,,,,,,,,,,,,,,,,,,,,,,,,,,,,,,,,,,,,,,,,,,,,,,,,,,,,,,,,,,,,,,,,,,,,,,,,,,,,,,,,,,,,,,,,,,,,,,,,,,,,,,,,,,,,,,,,,,,,,,,,,,,,,,,,,,,,,,,,,,,,,,,,,,,,,,,,,,,,,,,,,,,,,,,,,,,,,,,,,,,,,,,,,,,,,,,,,,,,,,,,,,,,,,,,,,,,,,,,,,,,,,,,,,,,,,,,,,,,,,,,,,,,,,,,,,,,,,,,,,,,,,,,,,,,,,,,,,,,,,,,,,,,,,,,,,,,,,,,,,,,,,,,,,,,,,,,,,,,,,,,,,,,,,,,,,,,,,,,,,,,,,,,,,,,,,,,,,,,,,,,,,,,,,,,,,,,,,,,,,,,,,,,,,,,,,,,,,,,,,,,,,,,,,,,,,,,,,,,,,,,,,,,,,,,,,,,,,,,,,,,,,,,,,,,,,,,,,,,,,,,,,,,,,,,,,,,,,,,,,,,,,,,,,,,,,,,,,,,,,,,,,,,,,,,,,,,,,,,,,,,,,,,,,,,,,,,,,,,,,,,,,,,,,,,,,,,,,,,,,,,,,,,,,,,,,,,,,,,,,,,,,,,,,,,,,,,,,,,,,,,,,,,,,,,,,,,,,,,,,,,,,,,,,,,,,,,,,,,,,,,,,,,,,,,,,,,,,,,,,,,,,,,,,,,,,,,,,,,,,,,,,,,,,,,,,,,,,,,,,,,,,,,,,,,,,,,,,,,,,,,,,,,,,,,,,,,,,,,,,,,,,,,,,,,,,,,,,,,,,,,,,,,,,,,,,,,,,,,,,,,,,,,,,,,,,,,,,,,,,,,,,,,,,,,,,,,,,,,,,,,,,,,,,,,,,,,,,,,,,,,,,,,,,,,,,,,,,,,,,,,,,,,,,,,,,,,,,,,,,,,,,,,,,,,,,,,,,,,,,,,,,,,,,,,,,,,,,,,,,,,,,,,,,,,,,,,,,,,,,,,,,,,,,,,,,,,,,,,,,,,,,,
,,,,,,,,,,,,,,,,,,,,,,,,,,,,,,,,,,,,,,,,,,,,,,,,,,,,,,,,,,,,,,,,,,,,,,,,,,,,,,,,,,,,,,,,,,,,,,,,,,,,,,,,,,,,,,,,,,,,,,,,,,,,,,,,,,,,,,,,,,,,,,,,,,,,,,,,,,,,,,,,,,,,,,,,,,,,,,,,,,,,,,,,,,,,,,,,,,,,,,,,,,,,,,,,,,,,,,,,,,,,,,,,,,,,,,,,,,,,,,,,,,,,,,,,,,,,,,,,,,,,,,,,,,,,,,,,,,,,,,,,,,,,,,,,,,,,,,,,,,,,,,,,,,,,,,,,,,,,,,,,,,,,,,,,,,,,,,,,,,,,,,,,,,,,,,,,,,,,,,,,,,,,,,,,,,,,,,,,,,,,,,,,,,,,,,,,,,,,,,,,,,,,,,,,,,,,,,,,,,,,,,,,,,,,,,,,,,,,,,,,,,,,,,,,,,,,,,,,,,,,,,,,,,,,,,,,,,,,,,,,,,,,,,,,,,,,,,,,,,,,,,,,,,,,,,,,,,,,,,,,,,,,,,,,,,,,,,,,,,,,,,,,,,,,,,,,,,,,,,,,,,,,,,,,,,,,,,,,,,,,,,,,,,,,,,,,,,,,,,,,,,,,,,,,,,,,,,,,,,,,,,,,,,,,,,,,,,,,,,,,,,,,,,,,,,,,,,,,,,,,,,,,,,,,,,,,,,,,,,,,,,,,,,,,,,,,,,,,,,,,,,,,,,,,,,,,,,,,,,,,,,,,,,,,,,,,,,,,,,,,,,,,,,,,,,,,,,,,,,,,,,,,,,,,,,,,,,,,,,,,,,,,,,,,,,,,,,,,,,,,,,,,,,,,,,,,,,,,,,,,,,,,,,,,,,,,,,,,,,,,,,,,,,,,,,,,,,,,,,,,,,,,,,,,,,,,,,,,,,,,,,,,,,,,,,,,,,,,,,,,,,,,,,,,,,,,,,,,,,,,,,,,,,,,,,,,,,,,,,,,,,,,,,,,,,,,,,,,,,,,,,,,,,,,,,,,,,,,,,,,,,,,,,,,,,,,,,,,,,,,,,,,,,,,,,,,,,,,,,,,,,,
,,,,,,,,,,,,,,,,,,,,,,,,,,,,,,,,,,,,,,,,,,,,,,,,,,,,,,,,,,,,,,,,,,,,,,,,,,,,,,,,,,,,,,,,,,,,,,,,,,,,,,,,,,,,,,,,,,,,,,,,,,,,,,,,,,,,,,,,,,,,,,,,,,,,,,,,,,,,,,,,,,,,,,,,,,,,,,,,,,,,,,,,,,,,,,,,,,,,,,,,,,,,,,,,,,,,,,,,,,,,,,,,,,,,,,,,,,,,,,,,,,,,,,,,,,,,,,,,,,,,,,,,,,,,,,,,,,,,,,,,,,,,,,,,,,,,,,,,,,,,,,,,,,,,,,,,,,,,,,,,,,,,,,,,,,,,,,,,,,,,,,,,,,,,,,,,,,,,,,,,,,,,,,,,,,,,,,,,,,,,,,,,,,,,,,,,,,,,,,,,,,,,,,,,,,,,,,,,,,,,,,,,,,,,,,,,,,,,,,,,,,,,,,,,,,,,,,,,,,,,,,,,,,,,,,,,,,,,,,,,,,,,,,,,,,,,,,,,,,,,,,,,,,,,,,,,,,,,,,,,,,,,,,,,,,,,,,,,,,,,,,,,,,,,,,,,,,,,,,,,,,,,,,,,,,,,,,,,,,,,,,,,,,,,,,,,,,,,,,,,,,,,,,,,,,,,,,,,,,,,,,,,,,,,,,,,,,,,,,,,,,,,,,,,,,,,,,,,,,,,,,,,,,,,,,,,,,,,,,,,,,,,,,,,,,,,,,,,,,,,,,,,,,,,,,,,,,,,,,,,,,,,,,,,,,,,,,,,,,,,,,,,,,,,,,,,,,,,,,,,,,,,,,,,,,,,,,,,,,,,,,,,,,,,,,,,,,,,,,,,,,,,,,,,,,,,,,,,,,,,,,,,,,,,,,,,,,,,,,,,,,,,,,,,,,,,,,,,,,,,,,,,,,,,,,,,,,,,,,,,,,,,,,,,,,,,,,,,,,,,,,,,,,,,,,,,,,,,,,,,,,,,,,,,,,,,,,,,,,,,,,,,,,,,,,,,,,,,,,,,,,,,,,,,,,,,,,,,,,,,,,,,,,,,,,,,,,,,,,,,,,,,,,,,,,,,,,,,,,,,,,,
,,,,,,,,,,,,,,,,,,,,,,,,,,,,,,,,,,,,,,,,,,,,,,,,,,,,,,,,,,,,,,,,,,,,,,,,,,,,,,,,,,,,,,,,,,,,,,,,,,,,,,,,,,,,,,,,,,,,,,,,,,,,,,,,,,,,,,,,,,,,,,,,,,,,,,,,,,,,,,,,,,,,,,,,,,,,,,,,,,,,,,,,,,,,,,,,,,,,,,,,,,,,,,,,,,,,,,,,,,,,,,,,,,,,,,,,,,,,,,,,,,,,,,,,,,,,,,,,,,,,,,,,,,,,,,,,,,,,,,,,,,,,,,,,,,,,,,,,,,,,,,,,,,,,,,,,,,,,,,,,,,,,,,,,,,,,,,,,,,,,,,,,,,,,,,,,,,,,,,,,,,,,,,,,,,,,,,,,,,,,,,,,,,,,,,,,,,,,,,,,,,,,,,,,,,,,,,,,,,,,,,,,,,,,,,,,,,,,,,,,,,,,,,,,,,,,,,,,,,,,,,,,,,,,,,,,,,,,,,,,,,,,,,,,,,,,,,,,,,,,,,,,,,,,,,,,,,,,,,,,,,,,,,,,,,,,,,,,,,,,,,,,,,,,,,,,,,,,,,,,,,,,,,,,,,,,,,,,,,,,,,,,,,,,,,,,,,,,,,,,,,,,,,,,,,,,,,,,,,,,,,,,,,,,,,,,,,,,,,,,,,,,,,,,,,,,,,,,,,,,,,,,,,,,,,,,,,,,,,,,,,,,,,,,,,,,,,,,,,,,,,,,,,,,,,,,,,,,,,,,,,,,,,,,,,,,,,,,,,,,,,,,,,,,,,,,,,,,,,,,,,,,,,,,,,,,,,,,,,,,,,,,,,,,,,,,,,,,,,,,,,,,,,,,,,,,,,,,,,,,,,,,,,,,,,,,,,,,,,,,,,,,,,,,,,,,,,,,,,,,,,,,,,,,,,,,,,,,,,,,,,,,,,,,,,,,,,,,,,,,,,,,,,,,,,,,,,,,,,,,,,,,,,,,,,,,,,,,,,,,,,,,,,,,,,,,,,,,,,,,,,,,,,,,,,,,,,,,,,,,,,,,,,,,,,,,,,,,,,,,,,,,,,,,,,,,,,,,,,,,,,,
,,,,,,,,,,,,,,,,,,,,,,,,,,,,,,,,,,,,,,,,,,,,,,,,,,,,,,,,,,,,,,,,,,,,,,,,,,,,,,,,,,,,,,,,,,,,,,,,,,,,,,,,,,,,,,,,,,,,,,,,,,,,,,,,,,,,,,,,,,,,,,,,,,,,,,,,,,,,,,,,,,,,,,,,,,,,,,,,,,,,,,,,,,,,,,,,,,,,,,,,,,,,,,,,,,,,,,,,,,,,,,,,,,,,,,,,,,,,,,,,,,,,,,,,,,,,,,,,,,,,,,,,,,,,,,,,,,,,,,,,,,,,,,,,,,,,,,,,,,,,,,,,,,,,,,,,,,,,,,,,,,,,,,,,,,,,,,,,,,,,,,,,,,,,,,,,,,,,,,,,,,,,,,,,,,,,,,,,,,,,,,,,,,,,,,,,,,,,,,,,,,,,,,,,,,,,,,,,,,,,,,,,,,,,,,,,,,,,,,,,,,,,,,,,,,,,,,,,,,,,,,,,,,,,,,,,,,,,,,,,,,,,,,,,,,,,,,,,,,,,,,,,,,,,,,,,,,,,,,,,,,,,,,,,,,,,,,,,,,,,,,,,,,,,,,,,,,,,,,,,,,,,,,,,,,,,,,,,,,,,,,,,,,,,,,,,,,,,,,,,,,,,,,,,,,,,,,,,,,,,,,,,,,,,,,,,,,,,,,,,,,,,,,,,,,,,,,,,,,,,,,,,,,,,,,,,,,,,,,,,,,,,,,,,,,,,,,,,,,,,,,,,,,,,,,,,,,,,,,,,,,,,,,,,,,,,,,,,,,,,,,,,,,,,,,,,,,,,,,,,,,,,,,,,,,,,,,,,,,,,,,,,,,,,,,,,,,,,,,,,,,,,,,,,,,,,,,,,,,,,,,,,,,,,,,,,,,,,,,,,,,,,,,,,,,,,,,,,,,,,,,,,,,,,,,,,,,,,,,,,,,,,,,,,,,,,,,,,,,,,,,,,,,,,,,,,,,,,,,,,,,,,,,,,,,,,,,,,,,,,,,,,,,,,,,,,,,,,,,,,,,,,,,,,,,,,,,,,,,,,,,,,,,,,,,,,,,,,,,,,,,,,,,,,,,,,,,,,,,,,,,,
,,,,,,,,,,,,,,,,,,,,,,,,,,,,,,,,,,,,,,,,,,,,,,,,,,,,,,,,,,,,,,,,,,,,,,,,,,,,,,,,,,,,,,,,,,,,,,,,,,,,,,,,,,,,,,,,,,,,,,,,,,,,,,,,,,,,,,,,,,,,,,,,,,,,,,,,,,,,,,,,,,,,,,,,,,,,,,,,,,,,,,,,,,,,,,,,,,,,,,,,,,,,,,,,,,,,,,,,,,,,,,,,,,,,,,,,,,,,,,,,,,,,,,,,,,,,,,,,,,,,,,,,,,,,,,,,,,,,,,,,,,,,,,,,,,,,,,,,,,,,,,,,,,,,,,,,,,,,,,,,,,,,,,,,,,,,,,,,,,,,,,,,,,,,,,,,,,,,,,,,,,,,,,,,,,,,,,,,,,,,,,,,,,,,,,,,,,,,,,,,,,,,,,,,,,,,,,,,,,,,,,,,,,,,,,,,,,,,,,,,,,,,,,,,,,,,,,,,,,,,,,,,,,,,,,,,,,,,,,,,,,,,,,,,,,,,,,,,,,,,,,,,,,,,,,,,,,,,,,,,,,,,,,,,,,,,,,,,,,,,,,,,,,,,,,,,,,,,,,,,,,,,,,,,,,,,,,,,,,,,,,,,,,,,,,,,,,,,,,,,,,,,,,,,,,,,,,,,,,,,,,,,,,,,,,,,,,,,,,,,,,,,,,,,,,,,,,,,,,,,,,,,,,,,,,,,,,,,,,,,,,,,,,,,,,,,,,,,,,,,,,,,,,,,,,,,,,,,,,,,,,,,,,,,,,,,,,,,,,,,,,,,,,,,,,,,,,,,,,,,,,,,,,,,,,,,,,,,,,,,,,,,,,,,,,,,,,,,,,,,,,,,,,,,,,,,,,,,,,,,,,,,,,,,,,,,,,,,,,,,,,,,,,,,,,,,,,,,,,,,,,,,,,,,,,,,,,,,,,,,,,,,,,,,,,,,,,,,,,,,,,,,,,,,,,,,,,,,,,,,,,,,,,,,,,,,,,,,,,,,,,,,,,,,,,,,,,,,,,,,,,,,,,,,,,,,,,,,,,,,,,,,,,,,,,,,,,,,,,,,,,,,,,,,,,,,,,,,,,,,,,,
,,,,,,,,,,,,,,,,,,,,,,,,,,,,,,,,,,,,,,,,,,,,,,,,,,,,,,,,,,,,,,,,,,,,,,,,,,,,,,,,,,,,,,,,,,,,,,,,,,,,,,,,,,,,,,,,,,,,,,,,,,,,,,,,,,,,,,,,,,,,,,,,,,,,,,,,,,,,,,,,,,,,,,,,,,,,,,,,,,,,,,,,,,,,,,,,,,,,,,,,,,,,,,,,,,,,,,,,,,,,,,,,,,,,,,,,,,,,,,,,,,,,,,,,,,,,,,,,,,,,,,,,,,,,,,,,,,,,,,,,,,,,,,,,,,,,,,,,,,,,,,,,,,,,,,,,,,,,,,,,,,,,,,,,,,,,,,,,,,,,,,,,,,,,,,,,,,,,,,,,,,,,,,,,,,,,,,,,,,,,,,,,,,,,,,,,,,,,,,,,,,,,,,,,,,,,,,,,,,,,,,,,,,,,,,,,,,,,,,,,,,,,,,,,,,,,,,,,,,,,,,,,,,,,,,,,,,,,,,,,,,,,,,,,,,,,,,,,,,,,,,,,,,,,,,,,,,,,,,,,,,,,,,,,,,,,,,,,,,,,,,,,,,,,,,,,,,,,,,,,,,,,,,,,,,,,,,,,,,,,,,,,,,,,,,,,,,,,,,,,,,,,,,,,,,,,,,,,,,,,,,,,,,,,,,,,,,,,,,,,,,,,,,,,,,,,,,,,,,,,,,,,,,,,,,,,,,,,,,,,,,,,,,,,,,,,,,,,,,,,,,,,,,,,,,,,,,,,,,,,,,,,,,,,,,,,,,,,,,,,,,,,,,,,,,,,,,,,,,,,,,,,,,,,,,,,,,,,,,,,,,,,,,,,,,,,,,,,,,,,,,,,,,,,,,,,,,,,,,,,,,,,,,,,,,,,,,,,,,,,,,,,,,,,,,,,,,,,,,,,,,,,,,,,,,,,,,,,,,,,,,,,,,,,,,,,,,,,,,,,,,,,,,,,,,,,,,,,,,,,,,,,,,,,,,,,,,,,,,,,,,,,,,,,,,,,,,,,,,,,,,,,,,,,,,,,,,,,,,,,,,,,,,,,,,,,,,,,,,,,,,,,,,,,,,,,,,,,,,,,,,,
,,,,,,,,,,,,,,,,,,,,,,,,,,,,,,,,,,,,,,,,,,,,,,,,,,,,,,,,,,,,,,,,,,,,,,,,,,,,,,,,,,,,,,,,,,,,,,,,,,,,,,,,,,,,,,,,,,,,,,,,,,,,,,,,,,,,,,,,,,,,,,,,,,,,,,,,,,,,,,,,,,,,,,,,,,,,,,,,,,,,,,,,,,,,,,,,,,,,,,,,,,,,,,,,,,,,,,,,,,,,,,,,,,,,,,,,,,,,,,,,,,,,,,,,,,,,,,,,,,,,,,,,,,,,,,,,,,,,,,,,,,,,,,,,,,,,,,,,,,,,,,,,,,,,,,,,,,,,,,,,,,,,,,,,,,,,,,,,,,,,,,,,,,,,,,,,,,,,,,,,,,,,,,,,,,,,,,,,,,,,,,,,,,,,,,,,,,,,,,,,,,,,,,,,,,,,,,,,,,,,,,,,,,,,,,,,,,,,,,,,,,,,,,,,,,,,,,,,,,,,,,,,,,,,,,,,,,,,,,,,,,,,,,,,,,,,,,,,,,,,,,,,,,,,,,,,,,,,,,,,,,,,,,,,,,,,,,,,,,,,,,,,,,,,,,,,,,,,,,,,,,,,,,,,,,,,,,,,,,,,,,,,,,,,,,,,,,,,,,,,,,,,,,,,,,,,,,,,,,,,,,,,,,,,,,,,,,,,,,,,,,,,,,,,,,,,,,,,,,,,,,,,,,,,,,,,,,,,,,,,,,,,,,,,,,,,,,,,,,,,,,,,,,,,,,,,,,,,,,,,,,,,,,,,,,,,,,,,,,,,,,,,,,,,,,,,,,,,,,,,,,,,,,,,,,,,,,,,,,,,,,,,,,,,,,,,,,,,,,,,,,,,,,,,,,,,,,,,,,,,,,,,,,,,,,,,,,,,,,,,,,,,,,,,,,,,,,,,,,,,,,,,,,,,,,,,,,,,,,,,,,,,,,,,,,,,,,,,,,,,,,,,,,,,,,,,,,,,,,,,,,,,,,,,,,,,,,,,,,,,,,,,,,,,,,,,,,,,,,,,,,,,,,,,,,,,,,,,,,,,,,,,,,,,,,,,,,,,,,,,,,,,,,,,,,,,,,,,,,,,,,,
64,,,,,,,,,,,,,,,,,,,,,,,,,,,,,,,,,,,,,,,,,,,,,,,,,,,,,,,,,,,,,,,,,,,,,,,,,,,,,,,,,,,,,,,,,,,,,,,,,,,,,,,,,,,,,,,,,,,,,,,,,,,,,,,,,,,,,,,,,,,,,,,,,,,,,,,,,,,,,,,,,,,,,,,,,,,,,,,,,,,,,,,,,,,,,,,,,,,,,,,,,,,,,,,,,,,,,,,,,,,,,,,,,,,,,,,,,,,,,,,,,,,,,,,,,,,,,,,,,,,,,,,,,,,,,,,,,,,,,,,,,,,,,,,,,,,,,,,,,,,,,,,,,,,,,,,,,,,,,,,,,,,,,,,,,,,,,,,,,,,,,,,,,,,,,,,,,,,,,,,,,,,,,,,,,,,,,,,,,,,,,,,,,,,,,,,,,,,,,,,,,,,,,,,,,,,,,,,,,,,,,,,,,,,,,,,,,,,,,,,,,,,,,,,,,,,,,,,,,,,,,,,,,,,,,,,,,,,,,,,,,,,,,,,,,,,,,,,,,,,,,,,,,,,,,,,,,,,,,,,,,,,,,,,,,,,,,,,,,,,,,,,,,,,,,,,,,,,,,,,,,,,,,,,,,,,,,,,,,,,,,,,,,,,,,,,,,,,,,,,,,,,,,,,,,,,,,,,,,,,,,,,,,,,,,,,,,,,,,,,,,,,,,,,,,,,,,,,,,,,,,,,,,,,,,,,,,,,,,,,,,,,,,,,,,,,,,,,,,,,,,,,,,,,,,,,,,,,,,,,,,,,,,,,,,,,,,,,,,,,,,,,,,,,,,,,,,,,,,,,,,,,,,,,,,,,,,,,,,,,,,,,,,,,,,,,,,,,,,,,,,,,,,,,,,,,,,,,,,,,,,,,,,,,,,,,,,,,,,,,,,,,,,,,,,,,,,,,,,,,,,,,,,,,,,,,,,,,,,,,,,,,,,,,,,,,,,,,,,,,,,,,,,,,,,,,,,,,,,,,,,,,,,,,,,,,,,,,,,,,,,,,,,,,,,,,,,,,,,,,,,,,,,,,,,,,,,,,,,,,,,,,,,,,,,,,,,,,,,,,,,,,,,,,,,,,,,,,,,,,,,,,
211656.9,204607.5,202102.7,203307.3,202365.5,201939,204049.4,197924.1,196191.7,198059.9,198212.1,202405,197918.9,351054.3,351428.6,333563.6,317063.3,326889.4,319587.2,314522.7,317405.1,306246.6,309533,307468.4,309817.4,302433.5,293676.3,294845.4,294469.2,291583.8,293697.3,289954.7,291377.6,284899.3,282717.3,283969.4,283171.5,284452.1,289401.1,284885.4,277911.1,279546.7,276604.3,274958.1,271987.4,271770.3,272252,268815.3,269717.8,265572.8,264834,268095.4,266873.3,264613.2,264653.2,261994.5,259738.6,262431,259019.8,260603.3,258944.6,259314.2,260502.8,255269.7,254152.1,254171.4,254731.4,254902.3,258729.4,255871.4,253559.7,246607.6,247306.3,247859.4,254222.6,267207.7,263440.3,241832.8,240083.1,240266.1,245446.5,244797.6,240231.3,236394.2,234997.7,237144,240965.6,238509.2,231468.4,230807.8,231958.3,232279,230736.6,229046.2,228107.6,228373.7,227858,225658.1,227631.1,223879.1,226309.9,224976.4,225170.6,222530.3,222198.7,220215,218852,220697,216176.9,214641.6,216925.9,214172.7,219947.6,212094.2,215785.9,213331.9,210435.9,210424.4,210480.8,211440.6,210646,208946,207437.8,207991.7,204202.4,205583.1,202966.2,205489.8,202445.5,201919.3,201776.4,202270.4,201856.2,203207.5,203211.5,197489.1,196010.9,195797.8,193600.6,198280.3,195179.4,192879.7,192769.1,192404.9,190835.7,189543.5,189709.5,187897.4,186776,188607.4,186464.3,186806.3,182984.4,185440.1,183784.6,184402.2,179789.8,181787.2,182151.1,180691,181402.1,180123.4,181582.9,175107,176884.9,177867.5,174562.2,176547.7,172474.3,173335,172261,172944.2,169093.6,170569.1,167939,166572.3,167497.7,165703.3,166122,164671.6,164623.7,163632.9,162178,164169.5,164934.7,160204.4,160305.1,160256.4,159713,160935.8,157988.8,159093.2,156252.9,157340.8,155665.9,155448.9,153625.1,154237.1,154764.5,157233.2,150737.1,150527.2,149681.6,149278.8,148354.9,147731.7,151279.4,148680.8,146528.5,149433.5,147002.1,145054.9,144934.9,145834.8,143424.3,148753.6,142753.6,140663.5,139290,140592.6,138426.6,139115.6,139245.7,141476.7,135642.1,137507.6,135264.8,135101.4,135925.2,134259.4,133850.1,132880.3,131209.5,130874.5,131181.2,130891,129056.9,128392.2,130668.7,127822.2,127219,127192,127042.7,127502.2,125899.2,124453.2,127220.3,123762.5,123928.1,122786.1,123450.7,121717.4,125511.3,121276.7,119751.8,119091.9,117549.9,118543.2,119701,116366.6,115904.7,116921.5,114616.7,115391.2,113921.6,113048.2,113744.4,112278.4,111466.2,110669.1,112792.1,114140.8,110640.7,110635.1,108469.3,111184.4,112022.8,108110,108518.8,106984.2,107579.2,105921.1,107375.7,104417.2,106473,103214.2,102558,105521.1,102563.9,102432.9,103427.3,100332.3,100237.2,101847.5,99530.2,99198.2,432987.4,445046.3,366674.8,344716.7,341650.9,337802.8,345643.3,344349.7,341282.4,344111.7,333900.7,340786.9,336888.6,333025.5,329703.4,327547.4,325596.8,326055.3,325029.2,328312.8,323972.8,324887.7,320484.5,318088.5,316907.4,318683,319496,315649.9,313057.8,313293.9,314327.7,317219.9,315837.7,310327.8,309120,307479.1,304469.5,304870.7,312028.3,307324.8,302482.4,301998,304089.2,301380.2,300736.6,303974.3,296622.3,298314.8,294694.1,293518.9,294142.7,291619.5,292260.3,294454.7,288098.6,287062,287855.8,285418.4,289173.1,285261.3,284362.9,283779.7,281482.5,281356.9,278675,280467.7,280758.3,276440,275141.2,276023.7,274012.7,274024.9,271082,273254.8,269622.6,269453.6,269416,266565,268433.6,265520.6,265082.5,264902.2,262187.6,260639.3,261000.2,262114.8,261245.6,257802.8,259777.3,257128.9,257174.2,257828.8,252880.1,254093,252592,251214.6,253903.8,253049,248014.7,247379.6,249830,251018.4,245830.7,243497.9,243747.9,247095.3,242272.6,242284.5,239770.8,240322.8,238380,236566,239575.2,236847.4,236012.6,233270.8,231575.7,231423.4,230524.2,228174.7,228003.8,228206.5,227863,226383.4,227100.2,225113.1,223657.1,223314.8,222606.9,224299.2,226300.7,219995.8,221350.4,219088.5,220019.2,222640.4,219567.3,217689.5,215883.6,215727.6,214468.2,215527.4,210679.8,209201.9,210000.4,209446.8,206755,205444.1,210392.8,207902.2,204901.7,204178,202057.8,201570.6,200266,199506.3,199314.2,198768.7,197042.3,198087.5,199952.2,194713.7,194194,192970.8,192312.8,191758.8,190924.5,192205.8,193463,189139.3,187535.5,186368.5,186303.4,190745.2,186333,184443.4,183334.9,185417,182821.8,185485.9,181973.1,186274.6,184414.9,179341.8,178421.8,176981.4,175669.6,175046.5,175005,178997,175455.9,172508.5,171466.7,170747.4,169059,169583.2,167660.8,168215.7,166507.9,165409.4,165127.5,164366.3,164947,163748.1,167628.9,163955.8,162739,160232.2,160478.1,159476.5,161535.3,157151.5,156698.4,158607.9,156246.3,155405.7,154431.1,154482.9,154380,152631.6,152636.3,150288.7,149473.1,148810.6,150067.6,148027.9,147650.6,146438.2,147343.1,146977.6,,,,,,,,,,,,,,,,,,,,,,,,,,,,,,,,,,,,,,,,,,,,,,,,,,,,,,,,,,,,,,,,,,,,,,,,,,,,,,,,,,,,,,,,,,,,,,,,,,,,,,,,,,,,,,,,,,,,,,,,,,,,,,,,,,,,,,,,,,,,,,,,,,,,,,,,,,,,,,,,,,,,,,,,,,,,,,,,,,,,,,,,,,,,,,,,,,,,,,,,,,,,,,,,,,,,,,,,,,,,,,,,,,,,,,,,,,,,,,,,,,,,,,,,,,,,,,,,,,,,,,,,,,,,,,,,,,,,,,,,,,,,,,,,,,,,,,,,,,,,,,,,,,,,,,,,,,,,,,,,,,,,,,,,,,,,,,,,,,,,,,,,,,,,,,,,,,,,,,,,,,,,,,,,,,,,,,,,,,,,,,,,,,,,,,,,,,,,,,,,,,,,,,,,,,,,,,,,,,,,,,,,,,,,,,,,,,,,,,,,,,,,,,,,,,,,,,,,,,,,,,,,,,,,,,,,,,,,,,,,,,,,,,,,,,,,,,,,,,
5499.44525384152,3292.63853163386,5047.96145983703,7410.57426249815,4537.30468817483,8313.96483835079,7660.74554248258,3860.93921935525,3344.7187574842,7155.99671526538,5906.59731806543,10156.0212463127,8866.2689566193,28727.554310762,26180.5663133724,25905.9219021443,15448.6012962699,23949.7798653766,16811.5911455295,18501.177494359,18145.6034433199,9404.12872921014,16235.1438620735,19320.1263579949,17670.6018837314,8495.19439644163,6177.46407966534,10712.3968601284,7996.15789405554,6694.33209347862,11002.2023355932,8355.23936820484,18722.6043190815,5320.22961179517,7832.67956207978,9527.15038659981,11775.6153625476,12225.7244770561,17878.9270275248,9322.63627712438,7771.58165583643,10592.3614621313,4459.69284069355,7917.68321122621,3536.84379700948,5490.53747723198,9728.89008172167,6082.18067710002,5318.39001954539,3425.26932598819,3882.58276008238,8107.48056769522,9379.51113450068,5678.68047662092,7860.65804143931,3134.71112438345,3201.03001478517,11310.3999732793,5631.43517922188,8119.55141139104,5521.53600207607,6521.38178609411,9113.82489286347,4004.77204372761,3682.3331809541,4954.16870927909,7140.21652643983,7283.87284119284,12009.6375299174,8665.8421941167,6587.15519527714,4083.02374880839,1837.8806665408,6543.31859736836,29058.66227402,69495.3195834879,54225.2727180274,4291.53245874297,2889.55096280835,3617.22666785849,13425.4230907881,10676.9188043909,9148.80921273972,4158.18351901137,3425.40703339683,8220.9694210733,7684.59375344953,8062.32648805542,3020.73225853894,3209.77471691291,1897.95082772037,7667.99494290681,5923.04869321722,3269.05802946353,2641.0361687119,5652.38529885098,3441.74138740519,3794.38012650873,8928.58054476995,4499.97976415203,6556.59544868965,8981.76122545635,9549.25769308217,6320.92864221706,3045.13958994037,4840.58995486202,4537.87938726156,9554.89033601817,4608.51729470071,3572.16237655071,10452.9500827916,3225.402371109,11142.6578437203,3498.03290118572,8326.32551276038,3338.50254022834,2495.03949868534,2953.79079226076,2645.96816139407,5208.29155609912,7433.239072646,5828.5565394301,2611.46386364259,7144.91264311732,3035.42441476934,5799.27544229066,3663.07626638231,8094.00874172441,4702.46848297076,5735.35677568924,7446.80887957311,11611.9972939867,8311.07622125772,8559.12216747593,9571.60998009797,3491.30422780816,3900.77230102507,6598.31830090062,4295.43114379815,12145.7759831693,7559.90776251786,4482.23238155076,2970.34836901892,4899.25791319461,4718.62235191586,4119.50666544754,3625.81087482511,2236.83105208139,2970.08484727289,11523.2241456595,4483.75210064071,8232.55070571826,2935.06487530041,9499.77607279947,7828.05587046433,6595.79869310761,2524.80150154863,2750.29904636649,7890.80916073321,3473.32917466162,9062.43366197942,7160.54521822342,11217.3282761786,2505.82046887286,6598.31374839225,4213.28550210192,2168.78392960971,11262.273483232,2827.73576676935,2519.47296075985,3070.55340650871,5405.81974048957,1856.32331953964,7994.7916580456,2080.31936650762,1908.0720956563,5950.8527502834,2552.96781761498,2759.47478899719,2077.72943378102,2756.29820391207,2518.46057256324,1522.23111108516,5978.93493395307,10123.1295232475,2221.72631577839,1824.83384022887,3415.0245875152,2489.95479655533,4722.58441016263,1435.17817709161,8673.48666018715,2136.19523920451,6702.9525965138,3083.78326266797,4102.27696800475,1913.63165212117,3643.2094657199,5092.86830883257,9071.88353344797,2129.2314967299,2565.96695224237,2280.06126623338,2400.21715684227,2139.98782187604,2094.48514225122,8381.95437565462,4267.16186709621,2735.42222010099,8454.12001137118,4101.5797349585,2268.89539693266,3771.56128737748,8119.24168325535,4897.08198942096,12362.9883676148,1815.71407440709,1363.3871423774,1882.58823018855,5772.73819488349,2317.75351963443,5039.91618537011,6694.45594918329,11268.8868231664,2053.02213280271,5022.25582781284,2476.31037365405,3680.70606753046,6996.36333787458,5182.54247342836,4398.83925219673,2713.82014674681,2290.53449608989,3008.75538129048,5813.64075639736,6836.44862320911,2763.51995549959,2861.88429768454,9627.74643124986,3175.57560136741,2628.13296636393,4273.46294655231,7255.55169890998,3109.48383712367,3726.06276561914,2977.80623203652,4185.51122723776,1570.11430935599,5618.05746282072,4107.14809001737,6215.46565789277,2727.80201301748,11947.3507807287,3119.01327167566,1918.65889505028,3302.70732211553,1064.04547208598,3461.18736209925,7356.36604128243,2326.08580141738,2154.23846044129,4528.84629041682,1376.28606926193,3824.98891211174,1605.5363382164,1250.33016084197,1139.77631333716,2273.3488855773,1515.11398911105,1228.87866230424,2310.46875715249,9036.95238451548,3904.29197024107,1877.05759397817,1428.46475863658,4102.06607021931,7548.60861056894,1040.76958705245,2170.93865003648,2419.34232569285,4854.6903505785,1240.0224415532,4568.13686917933,868.774078802999,7416.4316517072,1313.28179255888,1376.37640200637,11079.649196713,3951.43480129546,2274.30006082458,7572.65953648753,1399.61582427306,2173.81379147341,5880.98486177651,2519.25084984494,2736.46888444863,15470.7708793066,21120.1025042231,14495.2495268086,11573.4440187679,10112.9608748158,3913.1766521729,11673.0502635582,14613.4136026536,13377.8160250468,13895.3255293522,4540.14968059669,21857.6531649163,15378.2061820545,13038.2641759638,10023.1615571136,3566.87367623557,3285.85523451996,6907.62745971598,4591.0433285305,9606.05660565828,10022.3891784566,8469.57835825767,4326.40426143158,3534.66777473892,3960.46378316704,7807.99282786556,9633.87606314302,8535.57792679819,2907.96564246859,3752.4014073953,7884.46789651091,6345.35764599251,8354.9348032565,5369.84377591916,5842.59653084331,2946.59869642572,2590.59569511639,4708.11984294745,11979.8886105933,9529.82773308218,4813.04648729772,5591.12179163438,9480.6182967615,10161.8476316509,11570.6553852599,7912.06825116613,4270.6679688311,4882.17628613397,4765.05904009127,4580.8728049964,5174.73574311878,3537.52563398643,8536.15735887967,16616.4132782419,4059.11501575296,4003.90650906503,9131.76410850244,4912.68257110557,12470.5073713943,5878.96164395645,4838.39414245861,5599.54254183123,4869.57936239535,7035.22264434862,3874.58531114406,5443.71082687781,9118.29868451347,5517.74130520008,4538.21560136189,6053.14322480478,3695.43469251814,8537.13661923924,4504.13543313253,4352.41043816208,3317.93664797868,4222.5196322154,5353.56969175189,4316.80784839909,4540.38273472378,3169.83421227883,4696.80523216461,5722.94341129535,4377.89589744764,3411.46140239048,5400.02262958221,9235.48598011436,10721.8524746841,4953.94558351668,5506.25119598928,4538.05914093973,5133.63347174516,10976.3660228086,3681.66171570514,7657.16026561632,9914.679083729,3886.20080684351,10845.1058680351,10495.2149625966,4758.38056135348,3089.19522781509,8038.20749780558,13430.6680250835,3556.99701839753,3371.62636159795,3225.93088890633,10134.0980199413,4318.27162441436,6095.55791357754,5685.2993236944,8152.76077030216,3582.89405059343,4143.38707393413,11705.8393576312,7365.89776077718,9389.54683795881,6981.01272182068,4413.58481282506,4863.43637542199,3867.12131809811,3396.65472847101,3018.17099876362,2725.34675673472,2569.57843494479,4262.87814093301,3621.43144810631,3517.56211190522,3318.60869274393,3833.70151275355,2982.35628134683,9275.31469127718,8939.41531831547,2295.03879415287,5323.36351901273,5817.18706841106,5818.78024255179,12570.4682419639,14404.0862493175,6663.66634568889,4709.65616107541,7607.74671268993,3786.26241386762,15512.4753250766,3575.09290632969,2919.815308086,7912.59228768367,7864.84091525202,2705.73161188532,2544.98362579321,12006.9238062415,8646.19395778024,4001.73637451433,5152.4602106394,2867.53156720007,4490.94640359913,2753.53042071043,2431.30221394946,3229.14050484026,3964.95049850002,3241.79998183451,3955.27471303266,9873.019709176,2846.74410706532,2916.11937722416,2695.4419880812,3441.70586902613,2951.05520864054,2422.50349156955,5579.19591578094,11213.5739173557,3589.03205923578,3912.0135267319,2929.68672007397,3032.06567650944,10227.755035523,4559.10242140807,3589.04125854741,3338.08819036685,2043.06267919296,2690.24525110837,10107.8633136122,3230.30127421921,9437.76433272203,9380.83595481294,1937.02961601864,3444.98194802559,2743.40170834191,2199.68352269139,2000.20650322799,2744.67488461242,7966.29170665722,6972.40666962754,2971.64470921034,2157.63723910104,1965.54036675244,1640.56352107033,4933.58980864847,2016.41810038384,2795.91817755019,2352.45925457689,1600.40315754083,1949.91431435674,2279.75037863554,4015.1049799476,1712.77166215076,6444.18053492193,4779.05369061468,8672.1988112717,1648.46991682186,2486.71145848845,2338.01773826557,7678.7413038278,1879.60304615392,1598.88288779663,8671.69654617186,3709.40995757187,2727.9167081615,2736.04712638101,3150.58867338929,8474.1623905978,4305.56931840094,3989.60360186322,1958.8443900536,1432.06691727571,1763.42912153187,4074.46506918393,1617.35047050553,2212.50407155934,1416.09288772547,4007.94165653921,3647.44681478245,,,,,,,,,,,,,,,,,,,,,,,,,,,,,,,,,,,,,,,,,,,,,,,,,,,,,,,,,,,,,,,,,,,,,,,,,,,,,,,,,,,,,,,,,,,,,,,,,,,,,,,,,,,,,,,,,,,,,,,,,,,,,,,,,,,,,,,,,,,,,,,,,,,,,,,,,,,,,,,,,,,,,,,,,,,,,,,,,,,,,,,,,,,,,,,,,,,,,,,,,,,,,,,,,,,,,,,,,,,,,,,,,,,,,,,,,,,,,,,,,,,,,,,,,,,,,,,,,,,,,,,,,,,,,,,,,,,,,,,,,,,,,,,,,,,,,,,,,,,,,,,,,,,,,,,,,,,,,,,,,,,,,,,,,,,,,,,,,,,,,,,,,,,,,,,,,,,,,,,,,,,,,,,,,,,,,,,,,,,,,,,,,,,,,,,,,,,,,,,,,,,,,,,,,,,,,,,,,,,,,,,,,,,,,,,,,,,,,,,,,,,,,,,,,,,,,,,,,,,,,,,,,,,,,,,,,,,,,,,,,,,,,,,,,,,,,,,,,,
,,,,,,,,,,,,,,,,,,,,,,,,,,,,,,,,,,,,,,,,,,,,,,,,,,,,,,,,,,,,,,,,,,,,,,,,,,,,,,,,,,,,,,,,,,,,,,,,,,,,,,,,,,,,,,,,,,,,,,,,,,,,,,,,,,,,,,,,,,,,,,,,,,,,,,,,,,,,,,,,,,,,,,,,,,,,,,,,,,,,,,,,,,,,,,,,,,,,,,,,,,,,,,,,,,,,,,,,,,,,,,,,,,,,,,,,,,,,,,,,,,,,,,,,,,,,,,,,,,,,,,,,,,,,,,,,,,,,,,,,,,,,,,,,,,,,,,,,,,,,,,,,,,,,,,,,,,,,,,,,,,,,,,,,,,,,,,,,,,,,,,,,,,,,,,,,,,,,,,,,,,,,,,,,,,,,,,,,,,,,,,,,,,,,,,,,,,,,,,,,,,,,,,,,,,,,,,,,,,,,,,,,,,,,,,,,,,,,,,,,,,,,,,,,,,,,,,,,,,,,,,,,,,,,,,,,,,,,,,,,,,,,,,,,,,,,,,,,,,,,,,,,,,,,,,,,,,,,,,,,,,,,,,,,,,,,,,,,,,,,,,,,,,,,,,,,,,,,,,,,,,,,,,,,,,,,,,,,,,,,,,,,,,,,,,,,,,,,,,,,,,,,,,,,,,,,,,,,,,,,,,,,,,,,,,,,,,,,,,,,,,,,,,,,,,,,,,,,,,,,,,,,,,,,,,,,,,,,,,,,,,,,,,,,,,,,,,,,,,,,,,,,,,,,,,,,,,,,,,,,,,,,,,,,,,,,,,,,,,,,,,,,,,,,,,,,,,,,,,,,,,,,,,,,,,,,,,,,,,,,,,,,,,,,,,,,,,,,,,,,,,,,,,,,,,,,,,,,,,,,,,,,,,,,,,,,,,,,,,,,,,,,,,,,,,,,,,,,,,,,,,,,,,,,,,,,,,,,,,,,,,,,,,,,,,,,,,,,,,,,,,,,,,,,,,,,,,,,,,,,,,,,,,,,,,,,,,,,,,,,,,,,,,,,,,,,,,,,,,,,,,,,,,,,,,,,,,,,,,,,,,,,,,,,,,,,,,,,,,,,,,,,,,,,,,,,,,,,,,,,,,,
12895924,9886247.3,11538271.5,10961199.6,10525106,12715124.7,11738276.4,13983614.8,13830577.1,11592524.8,10589407,10656398.2,10891419.9,12301210.1,10014010,7664814.4,6720811.2,6588968.7,5730254.4,4878660.6,5716556.5,6016014.9,5896528.6,5848632.6,5756147.2,4843670.6,4493333.3,3763758,3522637,3513002.4,4008171.5,4598982.8,4914493.7,4137790.1,5217579.8,4600422.3,4364861.1,4546938.9,4545983.2,3541021.1,3533005.5,3387798.8,3792850.2,4583867.2,3250759.9,3530443.7,3509195.3,3523223.8,3472471.6,3513343.8,3511928.2,3541777.5,3080601.3,3742593,3816910.9,3174812.9,3513766,3520087.1,3463516.8,3513574,3826155.6,2736286.7,2586988.2,2638418,2638877.3,2590657.1,2638535.4,2639747.3,2638177.5,2588401.7,2637997.3,2520543.5,1768586.7,1766974.3,1766560.8,1770981.2,1767988.7,1767640.8,1766157,1768118.4,1791667.4,1798126.4,1767821.5,2203867.1,1782626.7,1874300.6,1766972,1768658.4,1614527.3,1490591.6,1769264,1767570.3,1766813.7,1768456.3,1766666.8,1766029.1,1766960.9,1767203.8,1769337.3,1768498.2,1768786.9,1766271.8,1765901.2,1766126.9,1764193.5,1768009.4,1775298.6,1764896.4,1767015.1,1767822,1768172.8,1767689.2,1770888.9,1768947.6,1769054.6,1768749.2,1769941.2,2080344.4,2649274.9,2541834.4,2842785,2964374.7,2226843.1,1359085.4,893830.1,895948.5,896710.6,892503.4,891751.9,890349.3,890305.9,890824.8,899864.5,891206.2,890848.6,890011.6,891953.4,891002.1,914253.9,891168.6,891719.6,890854,890950.9,891152.2,891525.9,891837.1,890902.7,890170.9,890187.9,896913.8,890227.4,889449.4,889745.4,889868.2,891584.8,890022.6,889670.3,943489.6,889457.2,888382.8,1481509.3,453677.5,889922.9,888521.8,889244.6,889720.4,889107.6,890820,890697.6,888067.7,889116.9,900653.9,894250.9,889077.6,889839.9,925933.3,965614.8,922029.4,907594.5,889267.9,888903.3,890448,888557.2,888355,889943.5,888794.4,888539.4,888584.6,888316.3,886921.8,888432.9,895019.8,893383.8,890419.7,887476.6,815311.3,888163.3,888312.3,887930.9,887952.9,890423.9,889529,887998.1,1322254.5,887956,887968.1,887200.3,887520.3,887327.7,887088.7,887552.6,886925.6,887624.7,756968.7,1023625.6,886436.2,886655.7,900745.5,887227.6,886318.3,886317.3,886226.2,887337.4,885887.3,465786.2,452589.8,1326180.4,886392.1,1046616.2,888807.4,888332.3,898917.2,888995.3,892831.1,1934793.4,1777471.4,1768583.4,1517115.8,2785355.8,2389434.9,3195458.3,2788730.7,1200506.5,590078.7,1182068.1,900534.9,525780.1,1247659.3,886212.7,885103,885535.8,884875.9,883534.1,885595.2,476273.4,1293051,884713.3,884852.5,884739.5,884613.3,886060.8,883617.4,884938.6,884287.3,884812.2,883848.6,883570.2,882065.5,883379.9,883480.9,883215.1,883392.8,883538.3,883709,884548.9,883285.1,882100.5,882883.1,884141.2,882746.7,882682.7,883124,884021.2,884039.6,882626.2,882663.3,886390,578969.4,1192488.1,883645.5,883214.2,884522.6,883408.9,883672.5,882501.2,883449.9,1650510.4,3699061.3,4428470.8,2859574.6,3817952,1867798.9,3786850.2,2827579,2821537.9,2813315.4,2803574.1,2806252.6,2307268.2,1356389.2,1800580.1,1791391.1,1852150.7,1794476.8,1602738.4,1943301.3,1773332.6,1950590,1776191.7,1775226.4,1769929.5,2207180.3,1170934.2,1772345,1774104,1777655.6,1777459.7,1416833.3,1774282.4,1774791.3,1772658.5,1334297.7,909090.2,897007.5,898160.5,898986,898046.2,897767.8,900790.6,907110.6,897740.5,897425.3,900677.3,898270,897279.5,899999.7,910193.3,897363.9,991071.5,898516.6,895374.7,896988.7,896727.5,896813.9,904334.2,902694.4,896165.1,899057.2,1058092.3,897418,896338.5,894738.6,900935.1,896826.8,901666.1,906937.6,896547.5,898766.6,893323.7,897130,1180604.5,900712.2,898150.5,903278.8,896117.1,895421.5,893900.7,902912,894144.8,893597.4,893118.6,893781.9,893329.1,892570,892124.8,910127.5,894368.5,894795.3,894305.1,895814,892811.6,1243065.5,896355.1,896908.1,894877.8,895487.5,895424.9,894034.6,896895.4,948097,897894.9,892321.4,891915.5,893357.8,894515.8,894146.8,894021.8,893601.3,894108.4,893430.1,893574.1,1012477.8,898165.9,892717.1,892414.1,892660.3,895681,893475.5,891623.5,892905.4,892658.6,895044.2,891964.3,892783.1,892082.6,891857.9,891501.7,894428.5,898823.1,890586,890099.5,889871.3,890303.6,891807.9,891564.1,891238.4,891063.2,890448,890298.1,888701.1,888911.2,889378.5,888986.5,889209.6,892851.4,893386.1,888456.6,888172.1,889369.9,889980,887573.2,889477.1,887870.5,887585.8,887221.7,887658.1,887205.5,888966.1,886813.2,889380.8,886438.4,887124.7,888953.2,888082.2,886338.3,886683.1,887500.4,890112.7,886854.9,894428.3,886813.4,920062.3,899684,887752,888404.1,887202,887808.2,909873.8,887751.5,961557.6,886428.5,1176424.5,885593.8,888355.4,886430.2,886510.2,885061.2,885130.1,1140726.2,888255.4,885866.1,885713.6,886634.2,885682,886266.9,886993,903274.8,887296.2,888589.4,888320.1,885775.9,889155.6,885433.7,885562.9,892001.8,885209,886171.9,884362.1,884913.1,886707.3,884889.9,892314.2,886728.3,934847.1,884148.3,884021,883913.4,896519.3,883598.9,883644.7,883880.9,883926.7,883986.1,884112.3,885428.2,883412.8,883688,941735.2,883142.1,884018.4,883373.4,883604.9,882926.4,841469,883585.3,761247.9,883526.2,882990.3,882725.4,883210.9,882301.9,882481.5,882439,883107.6,882790.5,882472.6,882199.1,885089.5,909622.6,882184.1,882613.6,882295.3,907032.7,883003,881808.2,882067.5,881626.6,881526.3,813988.3,1325683.4,2782101.3,2776532.5,2787850.1,2813209.6,1967905.4,1369028.5,889313,1030944.8,881510.2,881041.7,881138.1,881491.9,881124.7,717396.6,883074.1,,,,,,,,,,,,,,,,,,,,,,,,,,,,,,,,,,,,,,,,,,,,,,,,,,,,,,,,,,,,,,,,,,,,,,,,,,,,,,,,,,,,,,,,,,,,,,,,,,,,,,,,,,,,,,,,,,,,,,,,,,,,,,,,,,,,,,,,,,,,,,,,,,,,,,,,,,,,,,,,,,,,,,,,,,,,,,,,,,,,,,,,,,,,,,,,,,,,,,,,,,,,,,,,,,,,,,,,,,,,,,,,,,,,,,,,,,,,,,,,,,,,,,,,,,,,,,,,,,,,,,,,,,,,,,,,,,,,,,,,,,,,,,,,,,,,,,,,,,,,,,,,,,,,,,,,,,,,,,,,,,,,,,,,,,,,,,,,,,,,,,,,,,,,,,,,,,,,,,,,,,,,,,,,,,,,,,,,,,,,,,,,,,,,,,,,,,,,,,,,,,,,,,,,,,,,,,,,,,,,,,,,,,,,,,,,,,,,,,,,,,,,,,,,,
4759428.94158507,3081044.14652046,3017116.70122841,4377985.89066173,3985663.25876565,5005715.85736342,4724527.4683705,5404546.3671582,4594990.63200611,4401499.13330553,5377064.70522424,6602089.7350322,6392193.15967731,5727534.39724829,4404476.97017029,4135176.84248476,3687063.7372469,4724415.44594887,4151221.4930171,4310034.28749399,4137103.67734477,4146188.75958663,6249397.39636018,6210962.79784896,6366426.68429106,5254962.1872366,5987489.17583519,5580885.12068652,4508129.3925666,4498796.17298097,5389858.76280461,6676286.66170484,6959973.53719963,6452795.75466021,7381734.96828661,6667805.62054789,6488369.4238349,6545488.08187649,6549607.48860226,4537584.58285817,4525967.04139704,4435020.03552838,4915723.7806444,6633033.35391555,4231367.81976053,4522992.61798334,4495548.93613,4514237.23611651,4450284.04731114,4501085.38163333,4499143.80787621,4539577.68691372,4131498.03979302,4810223.69723821,4960909.81467812,4141543.03506203,4502218.53118287,4509892.44072444,4440284.23862367,4501915.68100865,4963419.13930108,4195943.74385088,4125548.50013161,4205485.34317543,4205959.44807693,4128175.67046296,4205503.86638014,4208056.51155088,4206147.02615219,4128596.67065947,4206042.08222859,4030286.09566457,3670483.56727554,3671846.53758699,3671277.04364598,3680503.17963303,3674353.20068411,3673765.75025079,3670426.328594,3674609.70375026,3660375.55388968,3662908.06045009,3671375.59461041,4708168.48298603,3705953.30726762,3907379.25821058,3672822.59578261,3676195.40897138,3370853.20831201,3155292.84331219,3677537.05908947,3675609.51567184,3674560.98973297,3678806.87778228,3674943.89947266,3675005.84232891,3676160.41535279,3675576.44155921,3682239.21313561,3680523.53741336,3681113.22822852,3675745.2741401,3675193.54248274,3675668.35771399,3671902.1971709,3677043.6348956,3681725.23786729,3673253.93136649,3678136.62081088,3679707.72805429,3680573.93132082,3677315.27157922,3686419.38343167,3682201.14984801,3682515.2114826,3681908.03766932,3684502.21639441,4402915.78834199,6290659.24340368,5616471.09932061,6459461.41610152,6306571.39712503,4771489.01874546,2974779.96849026,2755507.64802505,2765164.70656295,2768821.97067414,2752607.13319142,2753383.2812759,2749603.16460911,2749580.47728127,2751529.87768291,2752098.57003981,2753060.6368679,2752153.98302264,2749369.06964946,2752754.25990775,2752869.88262038,2826317.70435037,2753014.11767249,2752620.91955407,2752220.59465819,2752785.98723243,2753462.96141745,2752443.86994695,2755777.07496724,2752987.37260348,2751503.16689189,2752545.44446027,2773806.89610846,2752176.19552476,2751772.46696307,2752199.35944531,2752325.56974965,2750544.05638795,2752276.64463857,2751330.55605219,2735980.30308075,2752524.1413488,2749132.22062029,4624086.48700704,1374530.0313051,2754350.29573152,2749806.48575769,2752310.72423083,2751009.47820962,2751760.50674171,2755324.39029962,2757115.98923909,2748859.5744398,2752339.44086406,2758536.64068403,2768411.5275477,2752399.28766414,2750672.59103003,2740929.70769616,2734962.02806888,2740217.20201439,2746495.49960779,2752336.77953724,2752665.74290999,2752215.62873349,2752547.2640277,2752424.34711813,2756639.25793735,2752723.92773413,2753343.77990222,2753830.66939689,2753013.5201127,2748477.590129,2753628.89628648,2756045.11370239,2750685.29428096,2751733.19388054,2750607.97360645,2522507.70346843,2752950.97691316,2752548.73653521,2752527.01339585,2752348.87484064,2760247.18785975,2751933.10344234,2752569.81462889,4126314.37604804,2752914.66253836,2753778.92278542,2751954.5479636,2751708.60442433,2750529.94778158,2750776.21504489,2750379.59976684,2750500.35359194,2747397.93492558,2313982.82366285,3184174.47304548,2750614.04836099,2750829.6558462,2745386.34863613,2750256.27913393,2750166.3751665,2750324.8498942,2750478.77323675,2752843.81800886,2749535.3219759,1402516.14360967,1376145.18865487,4122042.45480854,2750949.28714546,3257772.05727097,2759028.80012898,2750270.38209232,2746682.82371849,2759898.47311821,2748972.34498039,4067619.31960909,3714394.12707762,3692943.34267993,3216904.51163516,6325349.53620848,6025922.13548251,6866343.75029902,6333878.05224084,2821584.98917113,1818383.94479665,3691147.8357189,2747060.88516308,1616398.95565224,3899231.27469406,2752418.98441236,2752878.68712933,2753851.33631759,2752426.16389175,2747909.66142147,2754072.91735373,1460297.57462536,4042626.2758892,2752358.20515362,2752128.71427116,2751914.36470397,2751514.22731892,2750921.28490668,2747977.68922898,2752407.27284908,2751676.25598681,2753162.21338154,2751775.89208998,2751527.62514288,2747831.13656709,2751128.5561518,2750768.49005924,2750233.99180181,2750885.54348667,2751173.75887481,2749524.84365321,2755708.94257856,2752326.9822073,2748396.48868504,2751053.99303533,2755227.82309509,2750832.07628302,2750324.70331842,2752237.43070393,2754303.72589359,2755231.5399226,2750492.83304881,2750954.84322468,2761542.33233729,1785257.9817704,3730319.68725897,2753336.67297385,2751834.33079996,2756242.78969478,2752992.5634701,2753582.29757134,2749417.66449276,2754347.0915591,3495578.19037036,4077583.75610625,6401473.60052711,6486439.78706056,9327044.97585132,3884278.83182089,9232063.13419039,6340869.59500041,6371307.30334537,6361871.56304724,6338564.77079303,6345558.99911395,4967102.79400087,2980411.3002329,3741903.51784898,3722172.6715503,3851947.90240707,3729561.22259564,3338311.41585936,4061454.43335357,3684607.68373433,4079378.06987345,3690895.44903811,3686206.41985781,3678154.85692324,4711491.47855963,2798438.44361076,3683138.27620233,3686829.2910698,3693643.9577902,3693537.29277832,3060074.53132669,3687204.87682039,3689147.4096956,3685188.77836085,2949620.3690245,2794616.90178448,2757762.91672646,2762430.93960809,2763156.79486529,2761600.58930995,2762488.04489756,2762254.36764109,2758569.01873345,2762518.08380813,2763004.13264033,2761670.92523667,2763563.78966516,2763393.505475,2770863.68844028,2803114.61309622,2763899.63249506,3059140.62732603,2768293.06410198,2756635.33122517,2761781.71364594,2763052.19432932,2762543.45293924,2787940.76193331,2763172.0169659,2762280.42769032,2762207.48183794,3274476.18812183,2764616.10124842,2762500.87188568,2757019.65246859,2774403.7631807,2762765.67976973,2762972.64513279,2758103.41477211,2763629.8512711,2772128.06644499,2755570.27149175,2762115.19842288,3661888.14580206,2778500.48319324,2769967.11324017,2783784.32046753,2763775.64508878,2760964.95152539,2758585.71163144,2787479.15757593,2755727.01291425,2756768.84916697,2756262.76369794,2756350.91769243,2755673.97727874,2755216.68414716,2754013.30025804,2811294.22830021,2759998.10872456,2761998.9730748,2760879.88195239,2762481.99759817,2755166.54405985,3862615.40533755,2767995.32400386,2768329.4409571,2763393.89122835,2766781.47080331,2764619.50196818,2762650.23001944,2763074.59501003,2771731.440389,2754504.36607413,2757149.65815811,2755606.38567583,2759875.76146012,2766311.70084074,2761640.66085413,2763697.22199688,2761201.6733443,2762612.65616028,2762254.98332892,2757201.70807793,3136113.56036348,2777253.17680631,2758383.37997778,2758359.48124853,2759433.92710933,2769770.09358466,2761006.15970435,2757918.74698836,2760332.60300498,2759929.48287134,2767700.3308831,2761176.42121397,2765270.64404262,2761644.43480773,2761240.24237493,2760511.90409984,2769249.80974095,2765735.76656582,2757394.67505474,2756600.96445094,2755784.60770193,2756548.26863175,2760030.40211603,2761918.31560266,2762550.26706235,2760123.92540874,2757067.1323521,2757666.17811751,2753121.71647025,2754435.65196603,2754849.08772873,2754264.14440926,2754956.58206216,2763444.94988806,2768860.98645098,2753237.04384676,2753049.92841594,2752729.53795846,2758074.12481471,2751977.43050148,2757788.2935388,2752940.22839082,2752047.23837234,2752846.52846112,2753127.5368589,2753551.40405361,2753033.0820598,2753165.42207126,2759730.54010048,2751251.43048453,2751826.61805932,2759404.63246866,2756684.78225196,2752725.04198218,2753553.68492372,2755330.1574831,2763224.12813414,2752888.36302425,2751211.61988544,2753031.09540873,2858798.51234582,2752941.68226883,2754428.26234915,2754910.9187568,2753407.22656542,2754894.18578991,2826231.02052935,2755883.8385561,2990518.78655227,2753177.63490445,3671736.9514172,2751873.21942772,2761628.59099893,2754609.8357894,2755016.74074881,2750869.21957918,2751741.38386701,3559657.56813139,2760908.71586408,2753541.01671653,2753159.72451623,2756703.35525714,2754185.85838469,2755164.44809434,2757875.58190362,2808709.56782833,2759018.86809161,2762977.86867037,2762781.92664666,2755199.19791987,2765729.0591322,2753711.61979528,2754070.29868486,2759996.06179992,2753076.61167893,2756462.37142709,2751999.91179185,2753170.00502618,2760550.95820941,2753562.52777764,2749781.19578893,2751217.23703006,2741239.33311269,2752852.24092895,2753050.5596583,2752815.00520973,2748479.83130647,2751948.34521683,2752383.09409751,2752909.70881782,2753229.82856652,2753523.09823076,2753863.86677725,2758563.74781728,2751562.96647281,2752356.63398776,2936610.17985813,2751943.68127993,2753711.31989431,2751636.20942341,2752354.88026205,2751573.94852785,2619422.87865493,2752998.79247167,2366053.87248283,2753291.91455795,2752820.25052539,2752503.28493614,2752524.23709593,2752327.0668285,2752957.56341827,2751696.73359584,2753021.56711467,2753493.78954017,2753077.020711,2752657.71125812,2751065.86148041,2743581.53662804,2752189.67619827,2753785.0524133,2752095.45238985,2830924.91907363,2755376.23832871,2751529.43103035,2752542.31646786,2752530.28822759,2751587.32494157,2537699.69215307,2947325.88148663,6326023.72755815,6309768.2841217,6341057.35752358,6413980.38792531,4156014.68476208,3001607.40598571,2749447.02714859,2739837.04283135,2753252.45644495,2751640.92127153,2751414.5209179,2752402.280937,2752439.61912236,2234880.56278144,2759807.57124822,,,,,,,,,,,,,,,,,,,,,,,,,,,,,,,,,,,,,,,,,,,,,,,,,,,,,,,,,,,,,,,,,,,,,,,,,,,,,,,,,,,,,,,,,,,,,,,,,,,,,,,,,,,,,,,,,,,,,,,,,,,,,,,,,,,,,,,,,,,,,,,,,,,,,,,,,,,,,,,,,,,,,,,,,,,,,,,,,,,,,,,,,,,,,,,,,,,,,,,,,,,,,,,,,,,,,,,,,,,,,,,,,,,,,,,,,,,,,,,,,,,,,,,,,,,,,,,,,,,,,,,,,,,,,,,,,,,,,,,,,,,,,,,,,,,,,,,,,,,,,,,,,,,,,,,,,,,,,,,,,,,,,,,,,,,,,,,,,,,,,,,,,,,,,,,,,,,,,,,,,,,,,,,,,,,,,,,,,,,,,,,,,,,,,,,,,,,,,,,,,,,,,,,,,,,,,,,,,,,,,,,,,,,,,,,,,,,,,,,,,,,,,,,,,
,,,,,,,,,,,,,,,,,,,,,,,,,,,,,,,,,,,,,,,,,,,,,,,,,,,,,,,,,,,,,,,,,,,,,,,,,,,,,,,,,,,,,,,,,,,,,,,,,,,,,,,,,,,,,,,,,,,,,,,,,,,,,,,,,,,,,,,,,,,,,,,,,,,,,,,,,,,,,,,,,,,,,,,,,,,,,,,,,,,,,,,,,,,,,,,,,,,,,,,,,,,,,,,,,,,,,,,,,,,,,,,,,,,,,,,,,,,,,,,,,,,,,,,,,,,,,,,,,,,,,,,,,,,,,,,,,,,,,,,,,,,,,,,,,,,,,,,,,,,,,,,,,,,,,,,,,,,,,,,,,,,,,,,,,,,,,,,,,,,,,,,,,,,,,,,,,,,,,,,,,,,,,,,,,,,,,,,,,,,,,,,,,,,,,,,,,,,,,,,,,,,,,,,,,,,,,,,,,,,,,,,,,,,,,,,,,,,,,,,,,,,,,,,,,,,,,,,,,,,,,,,,,,,,,,,,,,,,,,,,,,,,,,,,,,,,,,,,,,,,,,,,,,,,,,,,,,,,,,,,,,,,,,,,,,,,,,,,,,,,,,,,,,,,,,,,,,,,,,,,,,,,,,,,,,,,,,,,,,,,,,,,,,,,,,,,,,,,,,,,,,,,,,,,,,,,,,,,,,,,,,,,,,,,,,,,,,,,,,,,,,,,,,,,,,,,,,,,,,,,,,,,,,,,,,,,,,,,,,,,,,,,,,,,,,,,,,,,,,,,,,,,,,,,,,,,,,,,,,,,,,,,,,,,,,,,,,,,,,,,,,,,,,,,,,,,,,,,,,,,,,,,,,,,,,,,,,,,,,,,,,,,,,,,,,,,,,,,,,,,,,,,,,,,,,,,,,,,,,,,,,,,,,,,,,,,,,,,,,,,,,,,,,,,,,,,,,,,,,,,,,,,,,,,,,,,,,,,,,,,,,,,,,,,,,,,,,,,,,,,,,,,,,,,,,,,,,,,,,,,,,,,,,,,,,,,,,,,,,,,,,,,,,,,,,,,,,,,,,,,,,,,,,,,,,,,,,,,,,,,,,,,,,,,,,,,,,,,,,,,,,,,,,,,,,,,,,,,,,,,,,,
-12684267.1,-9681639.8,-11336168.8,-10757892.3,-10322740.5,-12513185.7,-11534227,-13785690.7,-13634385.4,-11394464.9,-10391194.9,-10453993.2,-10693501,-11950155.8,-9662581.4,-7331250.8,-6403747.9,-6262079.3,-5410667.2,-4564137.9,-5399151.4,-5709768.3,-5586995.6,-5541164.2,-5446329.8,-4541237.1,-4199657,-3468912.6,-3228167.8,-3221418.6,-3714474.2,-4309028.1,-4623116.1,-3852890.8,-4934862.5,-4316452.9,-4081689.6,-4262486.8,-4256582.1,-3256135.7,-3255094.4,-3108252.1,-3516245.9,-4308909.1,-2978772.5,-3258673.4,-3236943.3,-3254408.5,-3202753.8,-3247771,-3247094.2,-3273682.1,-2813728,-3477979.8,-3552257.7,-2912818.4,-3254027.4,-3257656.1,-3204497,-3252970.7,-3567211,-2476972.5,-2326485.4,-2383148.3,-2384725.2,-2336485.7,-2383804,-2384845,-2379448.1,-2332530.3,-2384437.6,-2273935.9,-1521280.4,-1519114.9,-1512338.2,-1503773.5,-1504548.4,-1525808,-1526073.9,-1527852.3,-1546220.9,-1553328.8,-1527590.2,-1967472.9,-1547629,-1637156.6,-1526006.4,-1530149.2,-1383058.9,-1259783.8,-1537305.7,-1535291.3,-1536077.1,-1539410.1,-1538559.2,-1537655.4,-1539102.9,-1541545.7,-1541706.2,-1544619.1,-1542477,-1541295.4,-1540730.6,-1543596.6,-1541994.8,-1547794.4,-1556446.6,-1544199.4,-1550838.2,-1553180.4,-1551246.9,-1553516.5,-1550941.3,-1556853.4,-1553268.7,-1555417.3,-1559505.3,-1869920,-2438794.1,-2330393.8,-2632139,-2755428.7,-2019405.3,-1151093.7,-689627.7,-690365.4,-693744.4,-687013.6,-689306.4,-688430,-688529.5,-688554.4,-698008.3,-687998.7,-687637.1,-692522.5,-695942.5,-695204.3,-720653.3,-692888.3,-696540.2,-697974.3,-698181.8,-698747.3,-700690.2,-702293.6,-701193.2,-702273.5,-703411.9,-708306.4,-703763.1,-702643.1,-706761,-704428.1,-707800.2,-705620.4,-709880.5,-761702.4,-707306.1,-707691.8,-1300107.2,-273554.1,-708340,-713414.8,-712359.7,-711852.9,-714545.4,-714272.3,-718223.3,-714732.7,-716855.9,-727709.7,-725157.3,-718508.5,-721900.9,-759361,-798117.1,-756326.1,-741472.5,-724596.3,-724279.6,-726815.1,-726379.2,-724185.5,-725008.8,-728590,-728234.3,-728328.2,-728603.3,-725986,-730444.1,-735926.6,-737130.9,-733078.9,-731810.7,-659862.4,-734538.2,-734075.2,-733166.4,-730719.7,-739686.8,-739001.8,-738316.5,-1172975.7,-739601.1,-740236.4,-735920.9,-738839.5,-740799.2,-737655.2,-740550.5,-741870.7,-742689.8,-611133.9,-880201.3,-737682.6,-743902.1,-760082,-747937.6,-745725.7,-747890.7,-747110.6,-748091.7,-744410.6,-330144.1,-315082.2,-1190915.6,-751290.7,-910691,-754548,-754482.2,-766036.9,-757785.8,-761956.6,-1803612.2,-1646580.4,-1639526.5,-1388723.6,-2654687.1,-2261612.7,-3068239.3,-2661538.7,-1073463.8,-462576.5,-1056168.9,-776081.7,-398559.8,-1123896.8,-762284.6,-762316.9,-762085.1,-763158.5,-758022.8,-764318.5,-356521.6,-1173959.1,-767163.4,-766309.3,-765038.5,-768246.7,-770156.1,-766695.9,-770321.9,-768896.1,-770890.6,-770800.4,-769825.8,-769787.1,-771913.7,-772811.8,-770423,-769252,-772897.6,-773073.9,-776079.6,-772100.7,-770077.7,-774773.1,-775622.4,-775762.5,-775103.5,-777202.9,-776645.5,-779622.4,-776153.2,-779449.1,-783832,-473448.3,-1089924.2,-781212.6,-779786.9,-784190.3,-783171.7,-781825,-782971,-784251.7,-1217523,-3254015,-4061796,-2514857.9,-3476301.1,-1529996.1,-3441206.9,-2483229.3,-2480255.5,-2469203.7,-2469673.4,-2465465.7,-1970379.6,-1023363.7,-1470876.7,-1463843.7,-1526553.9,-1468421.5,-1277709.2,-1614988.5,-1449359.8,-1625702.3,-1455707.2,-1457137.9,-1453022.1,-1888497.3,-851438.2,-1456695.1,-1461046.2,-1464361.7,-1463132,-1099613.4,-1458444.7,-1464463.5,-1463538.5,-1026818.6,-604620.7,-592136.8,-586132.2,-591661.2,-595563.8,-595769.8,-596701.4,-605730.4,-597003.9,-593451,-604055,-599955.2,-602585.4,-606480.8,-616050.6,-605744.4,-698811.2,-604061.9,-607276.1,-609926.7,-608871.7,-611395.5,-615161.1,-617433.1,-611802.2,-615277.5,-776609.8,-616061.1,-617663.5,-614270.9,-620176.8,-620386.8,-626524.9,-630913.9,-622534.8,-624741.7,-622241.7,-623875.2,-910981.9,-631258.6,-628734.5,-636713.8,-627683.5,-629900.9,-628818.2,-638009.8,-631957.2,-632958.1,-632118.4,-631667.1,-632083.5,-634767.2,-632347.5,-652998.6,-637194.3,-636966.5,-641425,-641721,-640219.6,-991850.9,-642451.3,-643859.1,-646863.1,-648107.9,-645594.9,-643016.2,-651064.7,-704599.1,-654147,-645226.1,-649642.9,-651073.3,-654745,-653824,-655641.8,-657035.3,-654533.2,-656582.7,-657561.5,-779207,-666590.2,-661293.7,-661889.9,-664485.6,-667677.2,-665269,-663760.5,-666522,-665558.4,-669931.1,-668307.2,-669468.3,-669475.7,-667558.7,-665201,-674432.7,-677472.7,-671497.5,-670080.3,-667230.9,-670736.3,-674118.4,-675680.5,-675510.8,-676595,-674920.6,-679618.3,-679499.2,-678910.8,-679931.7,-682231.5,-683765.5,-682458.6,-685483.9,-683554.9,-683994.1,-687312.1,-688409.4,-687307.2,-689970.8,-688556.3,-688817.1,-690179.4,-689570.6,-687253.3,-694252.4,-692619.2,-696410,-694125.6,-695365.9,-698028.7,-695876.4,-692875.3,-697543.8,-699964.9,-703744.2,-700551.5,-703683.1,-700480.4,-735618.9,-716349.1,-702335,-705582.3,-701716.1,-705835.1,-723599.2,-703336.6,-782215.8,-708006.7,-999443.1,-709924.2,-713308.9,-711425.2,-707513.2,-709605.3,-712621.6,-969259.5,-717508,-716807.1,-716130.4,-718973.4,-717466.3,-719759,-721583.6,-738147.3,-722929.9,-723642.4,-724572,-718147,-725199.8,-722694.7,-725330.7,-731523.7,-725732.5,-724636.6,-727210.6,-728214.7,-728099.4,-728643.6,-736908.5,-732297.2,-780364.2,-729768.3,-731389.4,-731277.1,-746230.6,-734125.8,-734834.1,-733813.3,-735898.8,-736335.5,-737674.1,-738085.1,-736435.2,,,,,,,,,,,,,,,,,,,,,,,,,,,,,,,,,,,,,,,,,,,,,,,,,,,,,,,,,,,,,,,,,,,,,,,,,,,,,,,,,,,,,,,,,,,,,,,,,,,,,,,,,,,,,,,,,,,,,,,,,,,,,,,,,,,,,,,,,,,,,,,,,,,,,,,,,,,,,,,,,,,,,,,,,,,,,,,,,,,,,,,,,,,,,,,,,,,,,,,,,,,,,,,,,,,,,,,,,,,,,,,,,,,,,,,,,,,,,,,,,,,,,,,,,,,,,,,,,,,,,,,,,,,,,,,,,,,,,,,,,,,,,,,,,,,,,,,,,,,,,,,,,,,,,,,,,,,,,,,,,,,,,,,,,,,,,,,,,,,,,,,,,,,,,,,,,,,,,,,,,,,,,,,,,,,,,,,,,,,,,,,,,,,,,,,,,,,,,,,,,,,,,,,,,,,,,,,,,,,,,,,,,,,,,,,,,,,,,,,,,,,,,,,,,,,,,,,,,,,,,,,,,,,,,,,,,,,,,,,,,,,,,,,,,,,,,,,,,,
-7924838.15841493,-6600595.65347954,-8319052.09877159,-6379906.40933827,-6337077.24123435,-7507469.84263658,-6809699.5316295,-8381144.33284181,-9039394.76799389,-6992965.76669448,-5014130.19477576,-3851903.4649678,-4301307.84032269,-6222621.40275171,-5258104.42982971,-3196073.95751524,-2716684.1627531,-1537663.85405113,-1259445.7069829,-254103.61250601,-1262047.72265523,-1563579.54041337,662401.796360179,669798.597848965,920096.884291062,713725.087236602,1787832.17583519,2111972.52068652,1279961.5925666,1277377.57298097,1675384.56280461,2367258.56170484,2336857.43719963,2599904.95466021,2446872.46828661,2351352.72054789,2406679.8238349,2283001.28187649,2293025.38860226,1281448.88285816,1270872.64139704,1326767.93552838,1399477.8806444,2324124.25391555,1252595.31976053,1264319.21798334,1258605.63613,1259828.73611651,1247530.24731114,1253314.38163333,1252049.60787621,1265895.58691372,1317770.03979302,1332243.89723821,1408652.11467812,1228724.63506202,1248191.13118287,1252236.34072444,1235787.23862366,1248944.98100865,1396208.13930108,1718971.24385088,1799063.10013161,1822337.04317543,1821234.24807693,1791689.97046296,1821699.86638014,1823211.51155088,1826698.92615219,1796066.37065947,1821604.48222859,1756350.19566457,2149203.16727554,2152731.63758699,2158938.84364598,2176729.67963303,2169804.80068411,2147957.75025079,2144352.428594,2146757.40375026,2114154.65388968,2109579.26045009,2143785.39461041,2740695.58298603,2158324.30726762,2270222.65821058,2146816.19578261,2146046.20897138,1987794.30831201,1895509.04331219,2140231.35908947,2140318.21567184,2138483.88973297,2139396.77778228,2136384.69947266,2137350.44232891,2137057.51535279,2134030.74155921,2140533.01313561,2135904.43741336,2138636.22822852,2134449.8741401,2134462.94248274,2132071.75771399,2129907.3971709,2129249.2348956,2125278.63786729,2129054.53136649,2127298.42081088,2126527.32805429,2129327.03132082,2123798.77157922,2135478.08343167,2125347.74984801,2129246.5114826,2126490.73766932,2124996.91639441,2532995.78834199,3851865.14340367,3286077.2993206,3827322.41610152,3551142.69712503,2752083.71874546,1823686.26849026,2065879.94802505,2074799.30656295,2075077.57067414,2065593.53319142,2064076.8812759,2061173.16460911,2061050.97728127,2062975.47768291,2054090.27003981,2065061.9368679,2064516.88302264,2056846.56964946,2056811.75990775,2057665.58262038,2105664.40435037,2060125.81767249,2056080.71955407,2054246.29465819,2054604.18723243,2054715.66141745,2051753.66994695,2053483.47496724,2051794.17260348,2049229.66689189,2049133.54446027,2065500.49610846,2048413.09552476,2049129.36696307,2045438.35944531,2047897.46974965,2042743.85638795,2046656.24463857,2041450.05605219,1974277.90308075,2045218.0413488,2041440.42062029,3323979.28700704,1100975.9313051,2046010.29573152,2036391.68575769,2039951.02423083,2039156.57820962,2037215.10674171,2041052.09029962,2038892.68923909,2034126.8744398,2035483.54086406,2030826.94068403,2043254.2275477,2033890.78766414,2028771.69103003,1981568.70769616,1936844.92806888,1983891.1020144,2005022.99960779,2027740.47953724,2028386.14290999,2025400.52873349,2026168.0640277,2028238.84711813,2031630.45793735,2024133.92773413,2025109.47990222,2025502.46939689,2024410.2201127,2022491.590129,2023184.79628648,2020118.51370239,2013554.39428096,2018654.29388054,2018797.27360645,1862645.30346843,2018412.77691316,2018473.53653521,2019360.61339585,2021629.17484064,2020560.38785975,2012931.30344234,2014253.31462889,2953338.67604804,2013313.56253836,2013542.52278542,2016033.6479636,2012869.10442433,2009730.74778158,2013121.01504489,2009829.09976684,2008629.65359194,2004708.13492558,1702848.92366285,2303973.17304548,2012931.44836099,2006927.5558462,1985304.34863613,2002318.67913393,2004440.6751665,2002434.1498942,2003368.17323675,2004752.11800886,2005124.7219759,1072372.04360967,1061062.98865487,2931126.85480854,1999658.58714546,2347081.05727097,2004480.80012898,1995788.18209232,1980645.92371849,2002112.67311821,1987015.74498039,2264007.11960909,2067813.72707762,2053416.84267993,1828180.91163516,3670662.43620848,3764309.43548251,3798104.45029902,3672339.35224084,1748121.18917113,1355807.44479665,2634978.9357189,1970979.18516308,1217839.15565224,2775334.47469406,1990134.38441236,1990561.78712933,1991766.23631759,1989267.66389175,1989886.86142147,1989754.41735373,1103775.97462536,2868667.1758892,1985194.80515362,1985819.41427116,1986875.86470397,1983267.52731892,1980765.18490668,1981281.78922898,1982085.37284908,1982780.15598681,1982271.61338154,1980975.49208998,1981701.82514288,1978044.03656709,1979214.8561518,1977956.69005924,1979810.99180181,1981633.54348667,1978276.15887481,1976450.94365321,1979629.34257856,1980226.2822073,1978318.78868504,1976280.89303533,1979605.42309509,1975069.57628302,1975221.20331842,1975034.53070393,1977658.22589359,1975609.1399226,1974339.63304881,1971505.74322468,1977710.33233729,1311809.6817704,2640395.48725897,1972124.07297385,1972047.43079996,1972052.48969479,1969820.8634701,1971757.29757134,1966446.66449276,1970095.3915591,2278055.19037036,823568.756106251,2339677.60052711,3971581.88706056,5850743.87585132,2354282.73182089,5790856.23419039,3857640.29500041,3891051.80334537,3892667.86304724,3868891.37079303,3880093.29911395,2996723.19400087,1957047.6002329,2271026.81784898,2258328.9715503,2325394.00240707,2261139.72259564,2060602.21585936,2446465.93335357,2235247.88373433,2453675.76987345,2235188.24903811,2229068.51985781,2225132.75692324,2822994.17855963,1947000.24361076,2226443.17620233,2225783.0910698,2229282.2577902,2230405.29277832,1960461.13132669,2228760.17682039,2224683.9096956,2221650.27836085,1922801.7690245,2189996.20178448,2165626.11672646,2176298.73960809,2171495.59486529,2166036.78930995,2166718.24489756,2165552.96764109,2152838.61873345,2165514.18380813,2169553.13264033,2157615.92523667,2163608.58966516,2160808.105475,2164382.88844029,2187064.01309622,2158155.23249506,2360329.42732603,2164231.16410198,2149359.23122517,2151855.01364594,2154180.49432932,2151147.95293924,2172779.66193331,2145738.9169659,2150478.22769031,2146929.98183794,2497866.38812183,2148555.00124842,2144837.37188568,2142748.75246859,2154226.9631807,2142378.87976973,2136447.74513279,2127189.51477212,2141095.0512711,2147386.36644499,2133328.57149175,2138239.99842288,2750906.24580206,2147241.88319324,2141232.61324017,2147070.52046753,2136092.14508878,2131064.05152539,2129767.51163144,2149469.35757593,2123769.81291425,2123810.74916697,2124144.36369794,2124683.81769243,2123590.47727874,2120449.48414716,2121665.80025804,2158295.62830021,2122803.80872456,2125032.4730748,2119454.88195239,2120760.99759817,2114946.94405985,2870764.50533755,2125544.02400386,2124470.34095711,2116530.79122835,2118673.57080331,2119024.60196818,2119634.03001944,2112009.89501003,2067132.340389,2100357.36607413,2111923.55815811,2105963.48567583,2108802.46146012,2111566.70084074,2107816.66085413,2108055.42199688,2104166.3733443,2108079.45616028,2105672.28332892,2099640.20807793,2356906.56036348,2110662.97680631,2097089.67997778,2096469.58124853,2094948.32710933,2102092.89358466,2095737.15970435,2094158.24698836,2093810.60300498,2094371.08287134,2097769.2308831,2092869.22121397,2095802.34404262,2092168.73480773,2093681.54237493,2095310.90409984,2094817.10974095,2088263.06656582,2085897.17505474,2086520.66445094,2088553.70770193,2085811.96863175,2085912.00211603,2086237.81560266,2087039.46706235,2083528.92540874,2082146.5323521,2078047.87811751,2073622.51647025,2075524.85196603,2074917.38772873,2072032.64440926,2071191.08206216,2080986.34988806,2083377.08645098,2069682.14384676,2069055.82841594,2065417.43795846,2069664.72481471,2064670.23050148,2067817.4935388,2064383.92839082,2063230.13837234,2062667.12846112,2063556.9368589,2066298.10405361,2058780.6820598,2060546.22207126,2063320.54010048,2057125.83048453,2056460.71805932,2061375.93246866,2060808.38225196,2059849.74198218,2056009.88492372,2055365.2574831,2059479.92813414,2052336.86302425,2047528.51988544,2052550.69540873,2123179.61234582,2036592.58226883,2052093.26234915,2049328.6187568,2051691.12656542,2049059.08578991,2102631.82052935,2052547.2385561,2208302.98655227,2045170.93490445,2672293.8514172,2041949.01942772,2048319.69099893,2043184.6357894,2047503.54074881,2041263.91957918,2039119.78386701,2590398.06813139,2043400.71586408,2036733.91671653,2037029.32451623,2037729.95525714,2036719.55838469,2035405.44809434,2036291.98190362,2070562.26782833,2036088.96809161,2039335.46867037,2038209.92664666,2037052.19791987,2040529.2591322,2031016.91979528,2028739.59868486,2028472.36179992,2027344.11167893,2031825.77142709,2024789.31179184,2024955.30502618,2032451.55820941,2024918.92777764,2012872.69578893,2018920.03703006,1960875.13311269,2023083.94092895,2021661.1596583,2021537.90520973,2002249.23130647,2017822.54521683,2017548.99409751,2019096.40881782,2017331.02856652,2017187.59823076,2016189.76677725,2020478.64781728,2015127.7664728,,,,,,,,,,,,,,,,,,,,,,,,,,,,,,,,,,,,,,,,,,,,,,,,,,,,,,,,,,,,,,,,,,,,,,,,,,,,,,,,,,,,,,,,,,,,,,,,,,,,,,,,,,,,,,,,,,,,,,,,,,,,,,,,,,,,,,,,,,,,,,,,,,,,,,,,,,,,,,,,,,,,,,,,,,,,,,,,,,,,,,,,,,,,,,,,,,,,,,,,,,,,,,,,,,,,,,,,,,,,,,,,,,,,,,,,,,,,,,,,,,,,,,,,,,,,,,,,,,,,,,,,,,,,,,,,,,,,,,,,,,,,,,,,,,,,,,,,,,,,,,,,,,,,,,,,,,,,,,,,,,,,,,,,,,,,,,,,,,,,,,,,,,,,,,,,,,,,,,,,,,,,,,,,,,,,,,,,,,,,,,,,,,,,,,,,,,,,,,,,,,,,,,,,,,,,,,,,,,,,,,,,,,,,,,,,,,,,,,,,,,,,,,,,,,,,,,,,,,,,,,,,,,,,,,,,,,,,,,,,,,,,,,,,,,,,,,,,,,
-17443696.0415851,-12762683.9465205,-14353285.5012284,-15135878.1906617,-14308403.7587657,-17518901.5573634,-16258754.4683705,-19190237.0671582,-18229376.0320061,-15795964.0333055,-15768259.6052242,-17056082.9350322,-17085694.1596773,-17677690.1972483,-14067058.3701703,-11466427.6424848,-10090811.6372469,-10986494.7459489,-9561888.69301711,-8874172.18749399,-9536255.07734477,-9855957.05958663,-11836392.9963602,-11752126.997849,-11812756.4842911,-9796199.2872366,-10187146.1758352,-9049797.72068652,-7736297.1925666,-7720214.77298098,-9104332.96280461,-10985314.7617048,-11583089.6371996,-10305686.5546602,-12316597.4682866,-10984258.5205479,-10570059.0238349,-10807974.8818765,-10806189.5886023,-7793720.28285817,-7781061.44139704,-7543272.13552838,-8431969.6806444,-10941942.4539156,-7210140.31976053,-7781666.01798334,-7732492.23613,-7768645.73611651,-7653037.84731114,-7748856.38163333,-7746238.00787621,-7813259.78691372,-6945226.03979302,-8288203.49723821,-8513167.51467811,-7054361.43506203,-7756245.93118287,-7767548.54072444,-7644781.23862367,-7754886.38100865,-8530630.13930108,-6672916.24385088,-6452033.90013161,-6588633.64317543,-6590684.64807693,-6464661.37046296,-6589307.86638014,-6592901.51155088,-6585595.12615219,-6461126.97065947,-6590479.68222859,-6304221.99566457,-5191763.96727554,-5190961.43758699,-5183615.24364598,-5184276.67963303,-5178901.60068411,-5199573.75025079,-5196500.228594,-5202462.00375026,-5206596.45388968,-5216236.86045009,-5198965.79461041,-6675641.38298603,-5253582.30726762,-5544535.85821058,-5198828.99578261,-5206344.60897138,-4753912.10831201,-4415076.64331219,-5214842.75908947,-5210900.81567184,-5210638.08973297,-5218216.97778228,-5213503.09947266,-5212661.24232892,-5215263.31535279,-5217122.14155921,-5223945.41313561,-5225142.63741336,-5223590.22822852,-5217040.6741401,-5215924.14248274,-5219264.95771399,-5213896.9971709,-5224838.0348956,-5238171.83786729,-5217453.33136649,-5228974.82081088,-5232888.12805429,-5231820.83132082,-5230831.77157922,-5237360.68343167,-5239054.54984802,-5235783.9114826,-5237325.33766932,-5244007.51639441,-6272835.78834199,-8729453.34340368,-7946864.8993206,-9091600.41610152,-9062000.09712503,-6790894.31874546,-4125873.66849026,-3445135.34802505,-3455530.10656295,-3462566.37067414,-3439620.73319142,-3442689.6812759,-3438033.16460911,-3438109.97728127,-3440084.27768291,-3450106.87003981,-3441059.3368679,-3439791.08302264,-3441891.56964946,-3448696.75990775,-3448074.18262038,-3546971.00435037,-3445902.41767249,-3449161.11955407,-3450194.89465819,-3450967.78723243,-3452210.26141745,-3453134.06994695,-3458070.67496724,-3454180.57260348,-3453776.66689189,-3455957.34446027,-3482113.29610846,-3455939.29552476,-3454415.56696307,-3458960.35944531,-3456753.66974965,-3458344.25638795,-3457897.04463857,-3461211.05605219,-3497682.70308075,-3459830.2413488,-3456824.02062029,-5924193.68700704,-1648084.1313051,-3462690.29573152,-3463221.28575769,-3464670.42423083,-3462862.37820962,-3466305.90674171,-3469596.69029962,-3475339.28923909,-3463592.2744398,-3469195.34086406,-3486246.34068403,-3493568.8275477,-3470907.78766414,-3472573.49103003,-3500290.70769616,-3533079.12806888,-3496543.3020144,-3487967.99960779,-3476933.07953724,-3476945.34290999,-3479030.72873349,-3478926.4640277,-3476609.84711813,-3481648.05793735,-3481313.92773413,-3481578.07990222,-3482158.86939689,-3481616.82011271,-3474463.590129,-3484072.99628648,-3491971.71370239,-3487816.19428096,-3484812.09388054,-3482418.67360645,-3182370.10346843,-3487489.17691316,-3486623.93653521,-3485693.41339585,-3483068.57484064,-3499933.98785975,-3490934.90344234,-3490886.31462889,-5299290.07604804,-3492515.76253836,-3494015.32278542,-3487875.4479636,-3490548.10442433,-3491329.14778158,-3488431.41504489,-3490930.09976684,-3492371.05359194,-3490087.73492558,-2925116.72366285,-4064375.77304548,-3488296.64836099,-3494731.7558462,-3505468.34863613,-3498193.87913393,-3495892.0751665,-3498215.5498942,-3497589.37323675,-3500935.51800886,-3493945.9219759,-1732660.24360967,-1691227.38865487,-5312958.05480854,-3502239.98714546,-4168463.05727097,-3513576.80012898,-3504752.58209232,-3512719.72371849,-3517684.27311821,-3510928.94498039,-5871231.51960909,-5360974.52707762,-5332469.84267993,-4605628.11163516,-8980036.63620848,-8287534.83548251,-9934583.05029902,-8995416.75224084,-3895048.78917113,-2280960.44479665,-4747316.7357189,-3523142.58516308,-2014958.75565224,-5023128.07469406,-3514703.58441236,-3515195.58712933,-3515936.43631759,-3515584.66389175,-3505932.46142147,-3518391.41735373,-1816819.17462536,-5216585.3758892,-3519521.60515362,-3518438.01427116,-3516952.86470397,-3519760.92731892,-3521077.38490668,-3514673.58922898,-3522729.17284908,-3520572.35598681,-3524052.81338154,-3522576.29208998,-3521353.42514288,-3517618.23656709,-3523042.2561518,-3523580.29005923,-3520656.99180181,-3520137.54348667,-3524071.35887481,-3522598.74365321,-3531788.54257856,-3524427.6822073,-3518474.18868504,-3525827.09303533,-3530850.22309509,-3526594.57628302,-3525428.20331842,-3529440.33070393,-3530949.22589359,-3534853.9399226,-3526646.03304881,-3530403.94322468,-3545374.33233729,-2258706.2817704,-4820243.88725897,-3534549.27297385,-3531621.23079996,-3540433.08969478,-3536164.2634701,-3535407.29757134,-3532388.66449276,-3538598.7915591,-4713101.19037036,-7331598.75610625,-10463269.6005271,-9001297.68706056,-12803346.0758513,-5414274.93182089,-12673270.0341904,-8824098.89500041,-8851562.80334538,-8831075.26304724,-8808238.17079303,-8811024.69911395,-6937482.39400088,-4003775.0002329,-5212780.21784898,-5186016.3715503,-5378501.80240707,-5197982.72259564,-4616020.61585936,-5676442.93335357,-5133967.48373433,-5705080.36987345,-5146602.64903811,-5143344.31985781,-5131176.95692324,-6599988.77855963,-3649876.64361076,-5139833.37620233,-5147875.4910698,-5158005.6577902,-5156669.29277832,-4159687.93132669,-5145649.57682039,-5153610.9096956,-5148727.27836085,-3976438.9690245,-3399237.60178448,-3349899.71672646,-3348563.13960809,-3354817.99486529,-3357164.38930995,-3358257.84489756,-3358955.76764109,-3364299.41873345,-3359521.98380813,-3356455.13264033,-3365725.92523667,-3363518.98966516,-3365978.905475,-3377344.48844028,-3419165.21309622,-3369644.03249506,-3757951.82732603,-3372354.96410198,-3363911.43122517,-3371708.41364594,-3371923.89432932,-3373938.95293924,-3403101.86193331,-3380605.1169659,-3374082.62769032,-3377484.98183794,-4051085.98812183,-3380677.20124842,-3380164.37188568,-3371290.55246859,-3394580.5631807,-3383152.47976973,-3389497.54513279,-3389017.31477211,-3386164.6512711,-3396869.76644499,-3377811.97149175,-3385990.39842288,-4572870.04580205,-3409759.08319324,-3398701.61324017,-3420498.12046753,-3391459.14508878,-3390865.85152539,-3387403.91163144,-3425488.95757593,-3387684.21291425,-3389726.94916697,-3388381.16369794,-3388018.01769243,-3387757.47727874,-3389983.88414716,-3386360.80025804,-3464292.82830021,-3397192.40872456,-3398965.4730748,-3402304.88195239,-3404202.99759817,-3395386.14405985,-4854466.30533755,-3410446.62400386,-3412188.54095711,-3410256.99122835,-3414889.3708033,-3410214.40196818,-3405666.43001944,-3414139.29501003,-3476330.540389,-3408651.36607413,-3402375.75815811,-3405249.28567583,-3410949.06146012,-3421056.70084074,-3415464.66085413,-3419339.02199688,-3418236.9733443,-3417145.85616028,-3418837.68332892,-3414763.20807793,-3915320.56036348,-3443843.37680631,-3419677.07997778,-3420249.38124853,-3423919.52710933,-3437447.29358466,-3426275.15970435,-3421679.24698836,-3426854.60300498,-3425487.88287134,-3437631.4308831,-3429483.62121397,-3434738.94404262,-3431120.13480773,-3428798.94237493,-3425712.90409984,-3443682.50974095,-3443208.46656582,-3428892.17505474,-3426681.26445094,-3423015.50770193,-3427284.56863175,-3434148.80211603,-3437598.81560266,-3438061.06706235,-3436718.92540874,-3431987.7323521,-3437284.47811751,-3432620.91647025,-3433346.45196603,-3434780.78772873,-3436495.64440926,-3438722.08206216,-3445903.54988806,-3454344.88645098,-3436791.94384676,-3437044.02841594,-3440041.63795846,-3446483.52481471,-3439284.63050148,-3447759.0935388,-3441496.52839082,-3440864.33837234,-3443025.92846112,-3442698.1368589,-3440804.70405361,-3447285.4820598,-3445784.62207126,-3456140.54010048,-3445377.03048453,-3447192.51805932,-3457433.33246866,-3452561.18225196,-3445600.34198218,-3451097.48492372,-3455295.0574831,-3466968.32813414,-3453439.86302425,-3454894.71988544,-3453511.49540873,-3594417.41234582,-3469290.78226883,-3456763.26234915,-3460493.2187568,-3455123.32656542,-3460729.28578991,-3549830.22052936,-3459220.4385561,-3772734.58655227,-3461184.33490445,-4671180.0514172,-3461797.41942773,-3474937.49099893,-3466035.0357894,-3462529.94074881,-3460474.51957918,-3464362.98386701,-4528917.06813139,-3478416.71586408,-3470348.11671653,-3469290.12451623,-3475676.75525714,-3471652.15838469,-3474923.44809434,-3479459.18190362,-3546856.86782833,-3481948.76809161,-3486620.26867037,-3487353.92664666,-3473346.19791987,-3490928.8591322,-3476406.31979528,-3479400.99868486,-3491519.76179992,-3478809.11167893,-3481098.97142709,-3479210.51179185,-3481384.70502618,-3488650.35820941,-3482206.12777764,-3486689.69578893,-3483514.43703006,-3521603.53311269,-3482620.54092895,-3484439.9596583,-3484092.10520973,-3494710.43130647,-3486074.14521683,-3487217.19409751,-3486723.00881782,-3489128.62856652,-3489858.59823076,-3491537.96677725,-3496648.84781728,-3487998.1664728,,,,,,,,,,,,,,,,,,,,,,,,,,,,,,,,,,,,,,,,,,,,,,,,,,,,,,,,,,,,,,,,,,,,,,,,,,,,,,,,,,,,,,,,,,,,,,,,,,,,,,,,,,,,,,,,,,,,,,,,,,,,,,,,,,,,,,,,,,,,,,,,,,,,,,,,,,,,,,,,,,,,,,,,,,,,,,,,,,,,,,,,,,,,,,,,,,,,,,,,,,,,,,,,,,,,,,,,,,,,,,,,,,,,,,,,,,,,,,,,,,,,,,,,,,,,,,,,,,,,,,,,,,,,,,,,,,,,,,,,,,,,,,,,,,,,,,,,,,,,,,,,,,,,,,,,,,,,,,,,,,,,,,,,,,,,,,,,,,,,,,,,,,,,,,,,,,,,,,,,,,,,,,,,,,,,,,,,,,,,,,,,,,,,,,,,,,,,,,,,,,,,,,,,,,,,,,,,,,,,,,,,,,,,,,,,,,,,,,,,,,,,,,,,,,,,,,,,,,,,,,,,,,,,,,,,,,,,,,,,,,,,,,,,,,,,,,,,,,
,,,,,,,,,,,,,,,,,,,,,,,,,,,,,,,,,,,,,,,,,,,,,,,,,,,,,,,,,,,,,,,,,,,,,,,,,,,,,,,,,,,,,,,,,,,,,,,,,,,,,,,,,,,,,,,,,,,,,,,,,,,,,,,,,,,,,,,,,,,,,,,,,,,,,,,,,,,,,,,,,,,,,,,,,,,,,,,,,,,,,,,,,,,,,,,,,,,,,,,,,,,,,,,,,,,,,,,,,,,,,,,,,,,,,,,,,,,,,,,,,,,,,,,,,,,,,,,,,,,,,,,,,,,,,,,,,,,,,,,,,,,,,,,,,,,,,,,,,,,,,,,,,,,,,,,,,,,,,,,,,,,,,,,,,,,,,,,,,,,,,,,,,,,,,,,,,,,,,,,,,,,,,,,,,,,,,,,,,,,,,,,,,,,,,,,,,,,,,,,,,,,,,,,,,,,,,,,,,,,,,,,,,,,,,,,,,,,,,,,,,,,,,,,,,,,,,,,,,,,,,,,,,,,,,,,,,,,,,,,,,,,,,,,,,,,,,,,,,,,,,,,,,,,,,,,,,,,,,,,,,,,,,,,,,,,,,,,,,,,,,,,,,,,,,,,,,,,,,,,,,,,,,,,,,,,,,,,,,,,,,,,,,,,,,,,,,,,,,,,,,,,,,,,,,,,,,,,,,,,,,,,,,,,,,,,,,,,,,,,,,,,,,,,,,,,,,,,,,,,,,,,,,,,,,,,,,,,,,,,,,,,,,,,,,,,,,,,,,,,,,,,,,,,,,,,,,,,,,,,,,,,,,,,,,,,,,,,,,,,,,,,,,,,,,,,,,,,,,,,,,,,,,,,,,,,,,,,,,,,,,,,,,,,,,,,,,,,,,,,,,,,,,,,,,,,,,,,,,,,,,,,,,,,,,,,,,,,,,,,,,,,,,,,,,,,,,,,,,,,,,,,,,,,,,,,,,,,,,,,,,,,,,,,,,,,,,,,,,,,,,,,,,,,,,,,,,,,,,,,,,,,,,,,,,,,,,,,,,,,,,,,,,,,,,,,,,,,,,,,,,,,,,,,,,,,,,,,,,,,,,,,,,,,,,,,,,,,,,,,,,,,,,,,,,,,,,,,,,,,,,,,
-1531551.78498099,,,,,,,,,,,,,,,,,,,,,,,,,,,,,,,,,,,,,,,,,,,,,,,,,,,,,,,,,,,,,,,,,,,,,,,,,,,,,,,,,,,,,,,,,,,,,,,,,,,,,,,,,,,,,,,,,,,,,,,,,,,,,,,,,,,,,,,,,,,,,,,,,,,,,,,,,,,,,,,,,,,,,,,,,,,,,,,,,,,,,,,,,,,,,,,,,,,,,,,,,,,,,,,,,,,,,,,,,,,,,,,,,,,,,,,,,,,,,,,,,,,,,,,,,,,,,,,,,,,,,,,,,,,,,,,,,,,,,,,,,,,,,,,,,,,,,,,,,,,,,,,,,,,,,,,,,,,,,,,,,,,,,,,,,,,,,,,,,,,,,,,,,,,,,,,,,,,,,,,,,,,,,,,,,,,,,,,,,,,,,,,,,,,,,,,,,,,,,,,,,,,,,,,,,,,,,,,,,,,,,,,,,,,,,,,,,,,,,,,,,,,,,,,,,,,,,,,,,,,,,,,,,,,,,,,,,,,,,,,,,,,,,,,,,,,,,,,,,,,,,,,,,,,,,,,,,,,,,,,,,,,,,,,,,,,,,,,,,,,,,,,,,,,,,,,,,,,,,,,,,,,,,,,,,,,,,,,,,,,,,,,,,,,,,,,,,,,,,,,,,,,,,,,,,,,,,,,,,,,,,,,,,,,,,,,,,,,,,,,,,,,,,,,,,,,,,,,,,,,,,,,,,,,,,,,,,,,,,,,,,,,,,,,,,,,,,,,,,,,,,,,,,,,,,,,,,,,,,,,,,,,,,,,,,,,,,,,,,,,,,,,,,,,,,,,,,,,,,,,,,,,,,,,,,,,,,,,,,,,,,,,,,,,,,,,,,,,,,,,,,,,,,,,,,,,,,,,,,,,,,,,,,,,,,,,,,,,,,,,,,,,,,,,,,,,,,,,,,,,,,,,,,,,,,,,,,,,,,,,,,,,,,,,,,,,,,,,,,,,,,,,,,,,,,,,,,,,,,,,,,,,,,,,,,,,,,,,,,,,,,,,,,,,,,,,,,,,,,,,,,,,,,,,,,,,,,,,,,,,,,,,,,,,,,,,,,,,,,,,,,,,,,,,,,,,,,,,,,,,,,,,
1798808.25348707,,,,,,,,,,,,,,,,,,,,,,,,,,,,,,,,,,,,,,,,,,,,,,,,,,,,,,,,,,,,,,,,,,,,,,,,,,,,,,,,,,,,,,,,,,,,,,,,,,,,,,,,,,,,,,,,,,,,,,,,,,,,,,,,,,,,,,,,,,,,,,,,,,,,,,,,,,,,,,,,,,,,,,,,,,,,,,,,,,,,,,,,,,,,,,,,,,,,,,,,,,,,,,,,,,,,,,,,,,,,,,,,,,,,,,,,,,,,,,,,,,,,,,,,,,,,,,,,,,,,,,,,,,,,,,,,,,,,,,,,,,,,,,,,,,,,,,,,,,,,,,,,,,,,,,,,,,,,,,,,,,,,,,,,,,,,,,,,,,,,,,,,,,,,,,,,,,,,,,,,,,,,,,,,,,,,,,,,,,,,,,,,,,,,,,,,,,,,,,,,,,,,,,,,,,,,,,,,,,,,,,,,,,,,,,,,,,,,,,,,,,,,,,,,,,,,,,,,,,,,,,,,,,,,,,,,,,,,,,,,,,,,,,,,,,,,,,,,,,,,,,,,,,,,,,,,,,,,,,,,,,,,,,,,,,,,,,,,,,,,,,,,,,,,,,,,,,,,,,,,,,,,,,,,,,,,,,,,,,,,,,,,,,,,,,,,,,,,,,,,,,,,,,,,,,,,,,,,,,,,,,,,,,,,,,,,,,,,,,,,,,,,,,,,,,,,,,,,,,,,,,,,,,,,,,,,,,,,,,,,,,,,,,,,,,,,,,,,,,,,,,,,,,,,,,,,,,,,,,,,,,,,,,,,,,,,,,,,,,,,,,,,,,,,,,,,,,,,,,,,,,,,,,,,,,,,,,,,,,,,,,,,,,,,,,,,,,,,,,,,,,,,,,,,,,,,,,,,,,,,,,,,,,,,,,,,,,,,,,,,,,,,,,,,,,,,,,,,,,,,,,,,,,,,,,,,,,,,,,,,,,,,,,,,,,,,,,,,,,,,,,,,,,,,,,,,,,,,,,,,,,,,,,,,,,,,,,,,,,,,,,,,,,,,,,,,,,,,,,,,,,,,,,,,,,,,,,,,,,,,,,,,,,,,,,,,,,,,,,,,,,,,,,,,,,,,,,,,,,,,,,,
-4861911.82344904,,,,,,,,,,,,,,,,,,,,,,,,,,,,,,,,,,,,,,,,,,,,,,,,,,,,,,,,,,,,,,,,,,,,,,,,,,,,,,,,,,,,,,,,,,,,,,,,,,,,,,,,,,,,,,,,,,,,,,,,,,,,,,,,,,,,,,,,,,,,,,,,,,,,,,,,,,,,,,,,,,,,,,,,,,,,,,,,,,,,,,,,,,,,,,,,,,,,,,,,,,,,,,,,,,,,,,,,,,,,,,,,,,,,,,,,,,,,,,,,,,,,,,,,,,,,,,,,,,,,,,,,,,,,,,,,,,,,,,,,,,,,,,,,,,,,,,,,,,,,,,,,,,,,,,,,,,,,,,,,,,,,,,,,,,,,,,,,,,,,,,,,,,,,,,,,,,,,,,,,,,,,,,,,,,,,,,,,,,,,,,,,,,,,,,,,,,,,,,,,,,,,,,,,,,,,,,,,,,,,,,,,,,,,,,,,,,,,,,,,,,,,,,,,,,,,,,,,,,,,,,,,,,,,,,,,,,,,,,,,,,,,,,,,,,,,,,,,,,,,,,,,,,,,,,,,,,,,,,,,,,,,,,,,,,,,,,,,,,,,,,,,,,,,,,,,,,,,,,,,,,,,,,,,,,,,,,,,,,,,,,,,,,,,,,,,,,,,,,,,,,,,,,,,,,,,,,,,,,,,,,,,,,,,,,,,,,,,,,,,,,,,,,,,,,,,,,,,,,,,,,,,,,,,,,,,,,,,,,,,,,,,,,,,,,,,,,,,,,,,,,,,,,,,,,,,,,,,,,,,,,,,,,,,,,,,,,,,,,,,,,,,,,,,,,,,,,,,,,,,,,,,,,,,,,,,,,,,,,,,,,,,,,,,,,,,,,,,,,,,,,,,,,,,,,,,,,,,,,,,,,,,,,,,,,,,,,,,,,,,,,,,,,,,,,,,,,,,,,,,,,,,,,,,,,,,,,,,,,,,,,,,,,,,,,,,,,,,,,,,,,,,,,,,,,,,,,,,,,,,,,,,,,,,,,,,,,,,,,,,,,,,,,,,,,,,,,,,,,,,,,,,,,,,,,,,,,,,,,,,,,,,,,,,,,,,,,,,,,,,,,,,,,,,,,,,,,,,,,,,,,,
,,,,,,,,,,,,,,,,,,,,,,,,,,,,,,,,,,,,,,,,,,,,,,,,,,,,,,,,,,,,,,,,,,,,,,,,,,,,,,,,,,,,,,,,,,,,,,,,,,,,,,,,,,,,,,,,,,,,,,,,,,,,,,,,,,,,,,,,,,,,,,,,,,,,,,,,,,,,,,,,,,,,,,,,,,,,,,,,,,,,,,,,,,,,,,,,,,,,,,,,,,,,,,,,,,,,,,,,,,,,,,,,,,,,,,,,,,,,,,,,,,,,,,,,,,,,,,,,,,,,,,,,,,,,,,,,,,,,,,,,,,,,,,,,,,,,,,,,,,,,,,,,,,,,,,,,,,,,,,,,,,,,,,,,,,,,,,,,,,,,,,,,,,,,,,,,,,,,,,,,,,,,,,,,,,,,,,,,,,,,,,,,,,,,,,,,,,,,,,,,,,,,,,,,,,,,,,,,,,,,,,,,,,,,,,,,,,,,,,,,,,,,,,,,,,,,,,,,,,,,,,,,,,,,,,,,,,,,,,,,,,,,,,,,,,,,,,,,,,,,,,,,,,,,,,,,,,,,,,,,,,,,,,,,,,,,,,,,,,,,,,,,,,,,,,,,,,,,,,,,,,,,,,,,,,,,,,,,,,,,,,,,,,,,,,,,,,,,,,,,,,,,,,,,,,,,,,,,,,,,,,,,,,,,,,,,,,,,,,,,,,,,,,,,,,,,,,,,,,,,,,,,,,,,,,,,,,,,,,,,,,,,,,,,,,,,,,,,,,,,,,,,,,,,,,,,,,,,,,,,,,,,,,,,,,,,,,,,,,,,,,,,,,,,,,,,,,,,,,,,,,,,,,,,,,,,,,,,,,,,,,,,,,,,,,,,,,,,,,,,,,,,,,,,,,,,,,,,,,,,,,,,,,,,,,,,,,,,,,,,,,,,,,,,,,,,,,,,,,,,,,,,,,,,,,,,,,,,,,,,,,,,,,,,,,,,,,,,,,,,,,,,,,,,,,,,,,,,,,,,,,,,,,,,,,,,,,,,,,,,,,,,,,,,,,,,,,,,,,,,,,,,,,,,,,,,,,,,,,,,,,,,,,,,,,,,,,,,,,,,,,,,,,,,,,,,,,,,,,,,,,,
128,,,,,,,,,,,,,,,,,,,,,,,,,,,,,,,,,,,,,,,,,,,,,,,,,,,,,,,,,,,,,,,,,,,,,,,,,,,,,,,,,,,,,,,,,,,,,,,,,,,,,,,,,,,,,,,,,,,,,,,,,,,,,,,,,,,,,,,,,,,,,,,,,,,,,,,,,,,,,,,,,,,,,,,,,,,,,,,,,,,,,,,,,,,,,,,,,,,,,,,,,,,,,,,,,,,,,,,,,,,,,,,,,,,,,,,,,,,,,,,,,,,,,,,,,,,,,,,,,,,,,,,,,,,,,,,,,,,,,,,,,,,,,,,,,,,,,,,,,,,,,,,,,,,,,,,,,,,,,,,,,,,,,,,,,,,,,,,,,,,,,,,,,,,,,,,,,,,,,,,,,,,,,,,,,,,,,,,,,,,,,,,,,,,,,,,,,,,,,,,,,,,,,,,,,,,,,,,,,,,,,,,,,,,,,,,,,,,,,,,,,,,,,,,,,,,,,,,,,,,,,,,,,,,,,,,,,,,,,,,,,,,,,,,,,,,,,,,,,,,,,,,,,,,,,,,,,,,,,,,,,,,,,,,,,,,,,,,,,,,,,,,,,,,,,,,,,,,,,,,,,,,,,,,,,,,,,,,,,,,,,,,,,,,,,,,,,,,,,,,,,,,,,,,,,,,,,,,,,,,,,,,,,,,,,,,,,,,,,,,,,,,,,,,,,,,,,,,,,,,,,,,,,,,,,,,,,,,,,,,,,,,,,,,,,,,,,,,,,,,,,,,,,,,,,,,,,,,,,,,,,,,,,,,,,,,,,,,,,,,,,,,,,,,,,,,,,,,,,,,,,,,,,,,,,,,,,,,,,,,,,,,,,,,,,,,,,,,,,,,,,,,,,,,,,,,,,,,,,,,,,,,,,,,,,,,,,,,,,,,,,,,,,,,,,,,,,,,,,,,,,,,,,,,,,,,,,,,,,,,,,,,,,,,,,,,,,,,,,,,,,,,,,,,,,,,,,,,,,,,,,,,,,,,,,,,,,,,,,,,,,,,,,,,,,,,,,,,,,,,,,,,,,,,,,,,,,,,,,,,,,,,,,,,,,,,,,,,,,,,,,,,,,,,,,,,,,,,,,,,,,,,
1975834.1,1890425.5,1837429.8,1845497.7,1847484.5,1846882.2,1830429.5,1839164.1,1786193.1,1785846.3,1749574.5,1764023.2,1776507,1793532.8,1818623.5,1775316.5,1779783.7,1746372.3,1753189.9,1776634.5,1782271.4,1746179.9,1801489.8,1803549,1781726.7,1814340.7,1755362.9,1746233,1745297.5,1762235.7,1707177.5,1696869.1,1698039.6,1700983.5,1707060,1716930.6,1743713.8,1717476.3,1724703.9,1690108.8,1675123.1,1672101.7,1667872,1692739.7,1694119.2,1701770.7,1720075,1718601.2,1719490,1670230.6,1710617.7,1717892.6,1668722.6,1701364.6,1677222.4,1718282.3,1712846.2,1681765.4,1685030.6,1662608.9,1658790.6,1665107.4,1649423.3,1634401.5,1631586.6,1614417.5,1644999.6,1653110.9,1652946.2,1631552.5,1631226.1,1619032.5,1605687.1,1622593.6,1598751.9,1600527.7,1596041.2,1601989.4,1613163.4,1642187.3,1613120,1632524.4,1618345.1,1629238.2,1606108.5,1607221.1,1610433.8,1576887.3,1587155.3,1561264.8,1560867.3,1560184,1570491.9,1559387.2,1575925.8,1561477.2,1571452.5,1538606.1,1534688.5,1531023.7,1528006.5,1527260.5,1546410.2,1543780.8,1537845.6,1516596.1,1523623.4,1534673.2,1496647.3,1495977.5,1497132.1,1514219.1,1521399.6,1521114.3,1558848.5,1533052.1,1538433.3,1523755.3,1519042.3,1472472.4,1477830.9,1489114.3,1474283.2,1478204.8,1479035.8,1474818.7,1487199.9,1479978.3,1485950.7,1480985.9,1458769,1445415.9,1443002,1446640.4,1449442,1438331.2,1432305.4,1426185.8,1426089.9,1407420.7,1410907.7,1408501.4,1414777.3,1417100.6,1429971.5,1409191.7,1422574.1,1424085.8,1413275.3,1437919.2,1433013.4,1407486,1407055.2,1384956,1395188,1392489.8,1371495.2,1369243.6,1395994.2,1361494.9,1361832.9,1376213,1358872.5,1371060.9,1397630,1359546.6,1380954.5,1398616.6,1346939.5,1354379.7,1370555.8,1343898.9,1334847.1,1324134.5,1323531.8,1333778.5,1329300.9,1313246.1,1338991.7,1316328.4,1306040.5,1316145.7,1315565.8,1300466.9,1302689.8,1302394.2,1301947.1,1325188.9,1322106.3,1320392.1,1294752.6,1285701.5,1283187.2,1289502.9,1267755.7,1289565.5,1271452.6,1289982,1297876.4,1271241.3,1295688.3,1314494.9,1290394.4,1282449.3,1284203.4,1265790.4,1289194.3,1276574.1,1266930.5,1271630.5,1285143.9,1282449.2,1270747.5,1255311.5,1244740.1,1249673.7,1234157.3,1234879.5,1227331,1234367.4,1225472.6,1243493.6,1223545.9,1247748,1227435.4,1231628.9,1218722.4,1204631.2,1206886.7,1218124.3,1211859.7,1232835.3,1248619.5,1237849.2,1218689.2,1235485.5,1214640.2,1212161.1,1202105.2,1191554.2,1187920.4,1195735.2,1213761,1205213.8,1194589.6,1198456.2,1184972.9,1174192.9,1195009.4,1203945.9,1202392.3,1222147.6,1166769.3,1146235,1142215.1,1145540.9,1135528.6,1148067.3,1164054,1133566.5,1165170.2,1151150.2,1145346.6,1154260.7,1134047,1123882.3,1133085.2,1132949,1127216.4,1123326.4,1129886.9,1115537,1131439.2,1138802.3,1146390.7,1116001.5,1114931.8,1108172.6,1110790.9,1110526.8,1094126,1106791.4,1092339.5,1102853.1,1090723.1,1092334,1097195.8,1085593.1,1101706.5,1093493.2,1134859.9,1087835.6,1085444.1,1085432.2,1085805.4,1101269.6,1086600.4,1080102.5,1076379.6,1063889.9,1067029.8,1060499.8,1067993.5,1050798.3,1063006.3,1078863,1067094.1,1058496.1,1064848.6,1074622.7,1068640.5,1042490.8,1054641.7,1027550.8,1020720.8,1044589.5,1036549.5,1027995.8,1019713,1023726.4,1010249.5,1036061.9,1035107.6,1028428.7,1024588.2,1035498.1,1026385,1014599.1,1022503.5,1011393.4,1005541.6,1010699.1,996612.8,1012633.6,998144.3,991676.1,993535.2,1015375.7,1004888.5,983743.8,978647.3,978807.8,1004420.8,975894.5,978476.7,991203.1,985666.8,976393.4,958135.3,968234.3,970201.3,960164.3,949441.5,959408.4,975924.3,980386.5,970593.9,957208.7,945835.5,961760.8,954630.2,936327.1,939397.9,956821,950595,936280.1,3130682.1,3440134.5,3453064.2,3442219.8,3431448.9,3426625,3478913.8,3470665.1,3507098.3,3469055.1,3459456.4,3541262.6,3454169.7,3441337.5,3496700.8,3434105.3,3448777,3415344.5,3424722.8,3461900.9,3533397.6,3540294.3,3573116.1,3548308.7,3541647,3490029.7,3486988.9,3524936,3566440.9,3478705.6,3477445.9,3464181.8,3471515.6,3513905.7,3474939.2,3504118.9,3500403.6,3506687,3540487.7,3537712.3,3519201.9,3501620.4,3468534.8,3505147.3,3515682.8,3452559.5,3357336.5,3339281.1,3351675.3,3303017.6,3289739.8,3316134,3296360.9,3282506.4,3282856.8,3258038.2,3247839.4,3260917.1,3222766,3254368,3244740.3,3260986.2,3282780.2,3280286.1,3240097.9,3215007.1,3226052.9,3228609.7,3219345.6,3296797.8,3276168.3,3272635.8,3238215,3236967.6,3243755,3248355.4,3213402.9,3182895.4,3215473.6,3208459,3204246.8,3173935.6,3194493,3199503.2,3129642.8,3143162.8,3127726.8,3112136.4,3144346.5,3163310.1,3173773.8,3161290,3196144.5,3140429.8,3204047,3192283.7,3115943.9,3108089.5,3127940.4,3180136.2,3156682.8,3141130.4,3125492.8,3106125,3103392.4,3127989.7,3119400.5,3145544.4,3109334.7,3045808.8,3079076.8,3068044.9,3047766.9,3021087.5,3017905.9,3022515.3,3019611.7,3001368.7,3064419.8,3054448.7,3075485.7,2988444,2975492.9,3025098.4,3028454.8,3019080.3,3005916.6,2999733.7,2987513.5,2995252.1,3071394,3059042.2,3004558,2981153.7,3002706,2990003.3,2938264.2,2969619.1,3065593.3,3062532.1,3030295.8,2960468.2,2958603.5,3000517.5,3024721.6,2951309,2964118.8,2950782,2921145,2944458.7,2904114.9,2913930.8,2920827,2923202.4,2914920.8,2904078.9,2945120.6,2944287.1,2940295.9,2926920.9,2953037,2968567.5,2947093,2983262.7,2983313.7,2963720.6,2948764.3,2973325.7,2950408.7,2962224.3,2961520.6,2937891.7,2928345.4,2930814.1,2888525.8,2928973.7,2893077.4,2904362.6,2938819.7,2953068.3,2960620.2,2937696.9,2938505.6,2965989.2,2888157.4,2878373.1,2911996.2,2891969,2915733.6,2875502.4,2873214.2,2875849.4,2854299.5,2877954.2,2852046.7,2852680.4,2830101.9,2856728.9,2888026.1,2859817.4,2881057.4,2826489.1,2827977.4,2856525.8,2823330.4,2817740.5,2815681.1,2791278.6,2864275,2776205.5,2808749.5,2819534.7,2792261.5,2815388,2886315.8,2884253,2834121.7,2845753.4,2836428.4,2809153.3,2819753.5,2878975.1,2827217,2818266.4,2804960.6,2815177.6,2790635.7,2766495.2,2791132.1,2859880.2,2790561.9,2779272.7,2733515.7,2716393.1,2721056.2,2785362.3,2745851.4,2744226.9,2725956.5,2729508.2,2694361.4,2707302.1,2736000.1,2698981.5,2669076.4,2657672.9,2607424.2,2623114.5,2624857.9,2607890.9,2586904.5,2625380.1,2609128.4,2681248.6,2668135.8,2602065.3,2621677.5,2600694.2,2629456.2,2604529.8,2584872.2,2556546.8,2540352.1,2532600.5,2519802.2,2511227.4,2519422.9,2506536.2,2501519.6,2513455.7,2511069.5,2515285.8,2531242.4,2546268.1,2518872.9,2508153.8,2506333.7,2474478.7,2487515.2,2527130.2,2517726.2,2533938.7,2526776.1,2492072.1,2491635,2480190.4,2663137.2,2625052,2581841.3,2580045.9,2552980.5,2532383.6,2532228.9,2552524.2,2504416.4,2562253.1,2543970.9,2542676,2527377,2557229.1,2565668.6,2530705.8,2537712.5,2518145.6,2530909.6,2529054.9,2523517.7,2517266.8,2449151.5,2467658.9,2458045.2,2453983.2,2495630.3,2495501.5,2453632.7,2432172.4,2462465.9,2445612.5,2463043.3,2408485.5,2396592.1,2401677.6,2393507.1,2346232.3,2319849.7,2381480.3,2330693.4,2315313,2294040.8,2290405.6,2266317.8,2254689.5,2289287.4,2257344.6,2273717.8,2283795.9,2294829.3,2305449.4,2294784.6,2255817.7,2258081.5,2249100.5,2244020.3,2235981,2244894.4,,,,,,,,,,,,,,,,,,,,,,,,,,,,,,,,,,,,,,,,,,,,,,,,,,,,,,,,,,,,,,,,,,,,,,,,,,,,,,,,,,,,,,,,,,,,,,,,,,,,,,,,,,,,,,,,,,,,,,,,,,,,,,,,,,,,,,,,,,,,,,,,,,,,,,,,,,,,,,,,,,,,,,,,,,,,,,,,,,,,,,,,,,,,,,,,,,,,,,,,,,,,,,,,,,,,,,,,,,,,,,,,,,,,,,,,,,,,,,,,,,,,,,,,,,,,,,,,,,,,,,,,,,,,,,,,,,,,,,,,,,,,,,,,,,,,,,,,,,,,,,,,,,,,,,,,,
70469.6738249078,98434.590784665,96936.8592146455,113806.178986761,110219.837850694,128085.747239713,132683.62697472,107171.888630109,95040.661863401,63902.9681575468,125071.420005842,120217.684227682,132138.994539,127159.912666252,119016.914514282,104669.607755122,68398.4255602585,59938.0314974465,112752.548167756,91263.5092225316,144629.89553201,120327.317079936,208313.190426659,163722.482333843,87263.1096767446,112578.685278885,63500.4774618095,88724.4678854461,80272.7384680918,121903.317824733,59041.7383085898,83428.2961876045,71025.6002895357,74608.909480258,64263.2281756492,58286.5552692519,71442.5880313852,61867.0385963138,90657.2631379061,70637.6954100602,56605.4512715477,78478.8723260386,68116.4761860154,99008.2012899829,108243.620492336,106538.051059547,86721.6679933888,101669.912826646,67584.3726792255,104310.242145673,97335.7349156345,131015.852315834,92322.4801578082,109161.165253949,91960.1499433314,127571.080024737,83854.8920600343,103041.078749313,83005.0392596069,62282.4783465534,76405.6351487826,93153.8985314088,111529.902255504,83445.1213942433,113004.797420483,75147.5365978302,85318.1660546764,94973.6768869845,94992.904015452,102778.42175525,77146.0620330754,77892.0729260829,77667.5351932124,80105.8950143149,86241.9286895881,70148.9253422872,95108.6040982156,91875.869152291,100169.940133089,143463.149390009,126906.88500454,123392.565995417,148605.88138163,95828.7881296638,87217.4300116286,109972.96640584,108912.722093121,73525.9449870135,93503.7437171487,73678.4846098235,103526.444551944,80117.266808653,92263.5261585591,101611.616329368,118720.409594981,139300.374473294,105850.627325334,100308.74817665,86489.3960889619,90750.8355725843,84166.2654779217,72417.9932110952,103681.736323553,91374.6176204798,65141.9071108948,86686.3988811906,93689.2280647983,91552.180778444,80284.4291186031,57441.7600710107,56293.0907038234,71980.091637202,66195.304115423,96286.9231793417,100629.021091499,78122.4547936692,78178.5402368621,106444.15725529,90794.776159143,67349.5760874228,75609.3488714634,46187.3226162283,65984.7034896893,75400.7748896227,91500.4081591382,94087.83311123,67605.4867866178,76525.1332091476,93838.810414514,92015.3543207147,69068.6085988257,67298.4909579042,52285.7544546207,73162.822139238,63212.3341111351,69182.2951818037,85492.4870814844,65675.5352738835,50987.8825984937,53645.2822862054,44718.4355919221,43683.9535787074,51639.4829241906,46239.6488938035,77201.257860003,89063.7056818819,90504.9041365531,120546.407957729,132435.279525133,134097.451880505,129178.637569324,102353.70819858,75028.2670876636,63148.7760064367,71449.7535739472,68936.3660354807,61798.7191089841,69840.1467816963,65067.5727580353,81591.7349319838,70220.0249999164,86056.166134553,70754.6186293792,76655.9425738004,73856.2141732163,85319.3739014377,89726.8522303478,87935.7203507198,85335.7587861684,67832.454900209,60979.2396399518,65298.184336592,59050.8744886795,59773.5874989949,59206.2401043073,65685.1830378985,74754.4376080778,62431.5644694252,77559.9756877075,50306.1941143103,55111.2015801789,75541.9425573929,57524.7204634668,63185.8895120844,64431.858798096,66471.9458181002,67301.4372530203,80574.5015283647,68493.460406491,71733.8720293435,81759.9303206922,55344.813303607,44266.6876024047,52143.6349401024,41164.554790769,49174.6731000827,64095.9892560456,78406.0820415809,60213.1480182416,63646.5326524374,59499.7108173178,91397.5491519816,71990.5597626059,89832.8018636722,80806.6418023777,70583.6427623284,80347.1014758259,72372.3395127202,59308.6349423271,64367.9562709583,78196.1472060982,79106.1838976223,92949.6676370246,82108.1898002737,50783.5373772293,61340.73573817,60903.2726105731,43590.2669341321,42889.01872145,48373.7141114194,51360.7045949419,60215.0320660141,54191.0638357982,88553.6245885948,55474.778001058,61860.5085664513,67909.2064666738,57294.0126517015,46787.9055954753,54532.8526304201,57912.0299535808,93577.3073857475,84448.7925000839,67553.2459106642,74241.6218914072,85290.2282943363,87513.889929669,66544.2339174143,75243.2498660179,50762.4792337368,54655.6624741562,62102.1696021072,74970.7859976879,44114.7836263536,42355.3074890136,69643.3632377606,62991.3431238329,55405.9654659235,73157.9078359499,63869.6787502141,76065.2039269964,103755.784766387,61613.1977836098,58869.2852343223,57641.7115530643,49131.2948501824,31534.0011423296,39409.9738167045,59350.1375773001,38734.3005853124,73184.7787191966,53980.3416785531,43667.552518241,70148.5355815311,59487.5815518574,44413.3014111013,50088.871817556,56302.6001195524,49395.7312465134,40315.776766257,51306.087961155,41152.8926970308,38831.0480723866,50741.2798771047,63892.0943919425,54714.2200676489,67251.2015585348,28748.267952464,40033.6521037822,41166.3314204973,32756.0861723945,45021.4390885054,46332.5614042412,44528.894967076,63056.6453480079,54328.4467598084,61358.1959694239,39053.3464363526,48423.0552256762,34034.3527493423,89610.4906525396,38757.5786601795,42082.1039357059,58986.5879007913,85464.9476961819,68088.4766856902,51075.8335684413,57065.6265233284,50571.765109265,44507.3426263078,55773.5846671363,53600.3534208912,46422.3282370073,25377.2056865124,40981.854860278,54215.3248855381,66615.0133102308,41228.0829787173,44096.2104146528,85120.9177974356,89214.0497844619,57562.6461746003,55234.0282837994,38673.2107445049,31881.6854106276,38112.4688003225,42788.8678182383,39971.7245195484,31042.9749254517,38487.6050385056,33529.481940028,42093.1116018075,54695.0730346589,51523.4080525002,40136.3485462021,31147.3841435985,36441.6811997837,43083.1917069239,58659.927236478,51303.2215670279,39785.6228532647,74507.2812585753,48089.4873191867,40248.9907014932,50789.9275010968,39089.1988617771,54844.807251006,61419.1351038095,38171.3784406007,31935.7845781534,40438.0410973243,25143.2097827182,33897.3382265399,43482.5727089473,56810.5223098875,46793.7331641036,49658.2141147531,35923.9277368782,41140.1528194915,60208.3436762159,37970.5632944785,31187.4513014093,34257.0461859876,36872.2530884976,34740.6582265091,38057.4534216945,32910.7027760136,44314.7875345616,41625.9967014472,51958.5348754177,30678.3025200403,32414.1725328426,34958.8570257159,41920.4976857649,29970.8357759858,36856.5201421524,82285.3806921713,95882.4438712438,125249.939387699,167460.247561955,132840.334797873,128387.566531101,112944.122637701,96953.4436228143,125937.514540655,148693.917706027,127155.865759049,298630.763624097,157471.031362773,116937.571021892,188096.860634089,113904.75348685,127106.026239689,104103.355324568,112441.446784834,187608.33781427,325461.591826883,361932.227358183,384146.803506001,318472.557334764,345378.621144326,390168.639165183,337365.785491867,328565.116856782,374909.160561284,363092.765552092,343971.840105957,323844.809220507,342378.724921914,321912.942513638,333419.031928893,339209.399969809,334779.414976555,329193.943890899,325860.687658954,338560.134599142,326375.330406386,322999.812082573,324230.162377764,368047.27442516,296308.599361394,160290.518654411,112832.18746267,102468.904643149,125431.652171434,122626.729985486,104099.51310677,120842.259343879,108081.006043769,82209.5382208712,74405.2639726817,89468.363153066,89792.0019479587,127634.143036911,119244.295058506,123706.538140337,105896.308349305,111287.152293116,141508.78289884,101134.570916895,102070.734751772,123142.517228751,126690.057943217,130618.075985804,108501.960525247,113504.277347498,103120.37267415,125469.224909094,148964.023788743,176868.110261856,161362.086480478,165993.469836216,170352.73124018,156335.063482395,175344.939787076,150647.630494328,192084.782000495,128958.93462925,126829.123621772,128161.545035769,110039.774919799,100815.730998909,111659.180885208,116757.759762301,96133.0685933132,76529.7120650971,114718.472877252,83117.101696609,81300.4570210607,71601.2912450296,122382.599267852,150101.213814065,100319.61405035,94874.6958668819,135093.532398195,124137.183942962,105280.771011826,91172.3111369041,104891.265006302,105225.724519562,111556.487542012,116286.583716504,130929.343246441,87802.1610923609,101172.840810005,113590.404617057,82116.927446714,99793.2531948484,71020.2858742173,97397.0830115906,74626.313140801,101684.897745765,81883.180337804,92917.2249083978,58575.4998096948,79250.5323543985,103240.333982896,98108.1568372376,79398.6087555835,50860.2071918705,65636.0230899669,82449.374872706,86981.1287875454,81852.7423270324,90573.8639763763,87713.0157786682,116188.344216525,85073.111517617,103834.53933382,84744.5834244814,88261.122800472,75357.3379115944,81687.9706686092,99688.8877652759,211535.910856788,198590.236015129,90572.5022470335,80768.3562222511,92581.6243577646,96999.2708096876,180176.247430861,98768.3349650979,97265.6844739078,96030.6020969936,106627.000785188,104136.556379966,70826.5772236038,86295.5313131695,78347.934284617,75636.6213185709,66484.7748348781,94214.654373758,111926.559736681,61829.9170654645,83072.6503415334,86216.4379769504,185934.542603932,233784.727909745,200746.513136454,220225.180814774,237017.473863122,315901.709781592,267107.471614808,252750.854923733,236983.217010099,239382.201065832,227454.796413217,229002.194368938,226018.019028572,207442.279699117,210321.872105484,243934.35083465,207966.587736374,220590.528920895,278706.199617706,300035.916895905,249385.759455685,233461.235416765,246381.955002661,270075.147160851,253582.993968532,236838.72929131,244271.787349802,231463.94580054,275966.451996615,248986.815572498,232584.566506608,163487.664795442,148295.012957468,204459.36404729,202658.076673796,239419.07178474,235333.023108129,236133.143740489,307371.589286196,296288.826694569,306441.906889091,285285.589873824,261729.826360951,297728.601703632,262866.664261222,241432.259916271,208116.263315831,230625.910722779,231722.739943427,219159.165906248,204743.467987653,262947.29168665,203562.532095041,248006.992546581,180060.230588915,205413.747972233,216414.094858317,195169.560324236,234808.302119552,223309.5948429,228003.361688302,215317.305055405,204809.270003961,241554.47200359,239734.534859429,189982.243001345,210985.548576226,236109.792434603,257519.987526513,226759.980904823,267088.360670501,186792.107481999,215532.633452854,187799.728426883,192736.87078663,203954.348827297,188752.669217447,149121.672853971,188533.18517925,170950.311035303,188009.892224496,206304.419671756,151363.279021366,148210.570483162,85017.819876123,125577.561157725,100905.099024116,157626.18031508,132819.572132398,131593.028835497,114955.164360574,155796.68786841,141525.460606289,177133.774434403,208923.895985436,161485.460239236,168438.186891116,147544.049297377,170285.557298974,231476.8474421,184890.274239014,202202.447518323,202564.122351116,178111.129432816,206333.573130071,190203.292517477,182641.006078683,177830.710650951,179287.342879276,157037.637746886,208259.596455562,268213.498115794,262592.112839243,241952.785760845,217838.424110598,229518.440930281,203104.928257976,194482.169762595,228629.901766929,204168.171914342,168636.33910532,190618.321293888,198362.359902528,147799.471278899,154997.681634992,201786.477042332,489855.227403136,341959.30882327,207791.235546669,262131.043791057,237806.319389096,258271.527808407,230080.358113059,212777.275346677,230096.346710194,241527.912155304,295589.409559744,272764.272992878,257923.903795932,226503.748282672,242436.583329057,253640.092826123,252360.439647673,252655.762386163,224331.960166773,229868.637961119,224472.283103208,227698.823485859,213473.619811936,192224.1647767,244122.719750539,211324.892395467,220070.03432496,215810.906744899,179773.561748631,207296.464150153,208270.151785527,175311.211289619,227093.120623359,215240.848655769,205467.064748938,228469.482778189,219568.468843092,141755.32931863,254413.602603691,253348.116067837,205319.22596408,187204.461401016,183982.707882984,222842.57669495,179851.023805692,203644.342715568,177834.145355972,180402.840124354,174598.441518945,176856.240526624,170523.932385555,175802.068972909,178745.937678905,180221.774522423,171091.457045153,205630.417104328,224449.637660186,205184.12813265,206684.793049814,,,,,,,,,,,,,,,,,,,,,,,,,,,,,,,,,,,,,,,,,,,,,,,,,,,,,,,,,,,,,,,,,,,,,,,,,,,,,,,,,,,,,,,,,,,,,,,,,,,,,,,,,,,,,,,,,,,,,,,,,,,,,,,,,,,,,,,,,,,,,,,,,,,,,,,,,,,,,,,,,,,,,,,,,,,,,,,,,,,,,,,,,,,,,,,,,,,,,,,,,,,,,,,,,,,,,,,,,,,,,,,,,,,,,,,,,,,,,,,,,,,,,,,,,,,,,,,,,,,,,,,,,,,,,,,,,,,,,,,,,,,,,,,,,,,,,,,,,,,,,,,,,,,,,,,,,
,,,,,,,,,,,,,,,,,,,,,,,,,,,,,,,,,,,,,,,,,,,,,,,,,,,,,,,,,,,,,,,,,,,,,,,,,,,,,,,,,,,,,,,,,,,,,,,,,,,,,,,,,,,,,,,,,,,,,,,,,,,,,,,,,,,,,,,,,,,,,,,,,,,,,,,,,,,,,,,,,,,,,,,,,,,,,,,,,,,,,,,,,,,,,,,,,,,,,,,,,,,,,,,,,,,,,,,,,,,,,,,,,,,,,,,,,,,,,,,,,,,,,,,,,,,,,,,,,,,,,,,,,,,,,,,,,,,,,,,,,,,,,,,,,,,,,,,,,,,,,,,,,,,,,,,,,,,,,,,,,,,,,,,,,,,,,,,,,,,,,,,,,,,,,,,,,,,,,,,,,,,,,,,,,,,,,,,,,,,,,,,,,,,,,,,,,,,,,,,,,,,,,,,,,,,,,,,,,,,,,,,,,,,,,,,,,,,,,,,,,,,,,,,,,,,,,,,,,,,,,,,,,,,,,,,,,,,,,,,,,,,,,,,,,,,,,,,,,,,,,,,,,,,,,,,,,,,,,,,,,,,,,,,,,,,,,,,,,,,,,,,,,,,,,,,,,,,,,,,,,,,,,,,,,,,,,,,,,,,,,,,,,,,,,,,,,,,,,,,,,,,,,,,,,,,,,,,,,,,,,,,,,,,,,,,,,,,,,,,,,,,,,,,,,,,,,,,,,,,,,,,,,,,,,,,,,,,,,,,,,,,,,,,,,,,,,,,,,,,,,,,,,,,,,,,,,,,,,,,,,,,,,,,,,,,,,,,,,,,,,,,,,,,,,,,,,,,,,,,,,,,,,,,,,,,,,,,,,,,,,,,,,,,,,,,,,,,,,,,,,,,,,,,,,,,,,,,,,,,,,,,,,,,,,,,,,,,,,,,,,,,,,,,,,,,,,,,,,,,,,,,,,,,,,,,,,,,,,,,,,,,,,,,,,,,,,,,,,,,,,,,,,,,,,,,,,,,,,,,,,,,,,,,,,,,,,,,,,,,,,,,,,,,,,,,,,,,,,,,,,,,,,,,,,,,,,,,,,,,,,,,,,,,,,,,,,,,,,,,,,,,,,,,,,,,,,,,,,,,,,,,
13747312.6,7375594.5,9785016.5,8107837.1,10150522,9261773.9,8417725.4,5534728.9,6536235.2,5904642,6273622.1,3733999.5,6306097.2,3783321.1,4079603.3,3928956.4,5359180.4,6759118.3,5453242.3,5219930.1,4893018.3,5800366.1,5441765.1,4907948.5,5841333.7,6839486.8,8128030.6,7077908,5977737,5605200.5,7096445.4,6073728.7,7611875.4,7859295.1,7174993.5,6921592.8,7209204.6,7845421.3,7837667.6,8721206,6958608.3,7498601.7,7016333.5,6762767.8,7292459.1,7695024.3,6358109.8,6782655.6,5835791,4738578.2,5850497.7,5799319.9,6807001.4,6252786.1,4441430.5,5783487.3,5764345.8,5767878.2,5874978.1,5402135.2,6228461.9,5818587.9,5854159.9,4981024.6,4818410.1,4714079.5,4546124.3,4740916.1,4715546.1,4719206.9,4445764.5,4379207.5,4702715,4739108.8,4774305.9,4591101.3,4729279.6,4729437.2,4740848.8,4318237.4,4718412.3,4450135.3,4634146,4796664.4,5731549.2,5603169.4,5649757.6,5611138.4,5598161.6,5677758.5,5881393.5,5648366.2,6126697.4,5559384.8,5860063.1,6537782.6,6317057.3,6667903.9,6639507.5,6704711.1,6838101.8,6296854.9,6834061.7,5329959.3,5853196.9,5084268.6,4243466.5,3721423.3,3357167.8,4203293.8,3356517.6,3781993.7,3779513.7,3486818,3502898,3607087.3,3760049.6,4544286.1,4801337.5,4843509.7,4760061.2,4801715.2,5676202.9,5692950.2,5869458.6,5198663.5,6829316.1,6569837.3,6263144.3,5548094.1,5253881.9,5521041.1,5942158.5,5189814.6,6586823.8,6607062.2,6597056.6,6604938.9,6625300.3,5549238.8,5544891.7,4981131.7,4970663.1,5916617.1,5023297.7,5959405.3,4207592.4,4625099.1,4635478.9,4634286,4627875.3,4586990.6,4600860.7,4539487.8,4802258.9,4607761.2,4612847.2,4619983.7,4625485.1,4635427.1,4635579.2,4644123.9,4636749.2,4636412,4992463.5,4816146.2,4645179.3,4646692.7,4625965.2,4617048.8,4582942.8,4580110.8,4585253.7,4892712.8,4640902.7,4147325.6,4593652.4,4604620.9,4607655.6,4626952,4599552.9,4595480,4598643.6,4640415.7,4601578.8,4612815.3,4592675.9,4653349.1,4628125,4628496,4604947.2,4671085.8,4635700.6,5021115.5,4648164.4,4633910,4618218.2,4620875.1,4633932.1,4144153.3,4044934.8,5014236.9,4238765.9,4623726.5,4646414.1,4597144.4,4454112.3,4424152.4,4573598.3,4833187.1,5159166.3,4679568.8,4591534.4,4599888.2,5029157,5083232.2,4593741.9,4586587.6,4582582.6,4897514.4,4566652.2,4574790.5,4558728.8,4556142.5,4574547.1,4559614.8,4753587.2,4588847.2,4567726.6,5576756.6,6499749.4,6791020.8,6260265.2,7006220.9,4586336.8,4773705.8,4576609.2,4563777.9,4573912.2,4559149.7,4546262.1,4580328.4,4563639.9,4556185.5,4566123.7,4557772.8,4554469.9,4539414.1,4538148.7,4523520.2,4532455.1,4538320.7,4554213.3,4546367.2,4548168.2,4539005.6,4536632.5,4209887.2,4549051.2,4523909.4,4533264.3,4569347.9,4525907.3,5018777.9,4724099.2,4325914.5,4523843,4532850.3,4511737.6,4093829.4,4199676,4387431.4,4516470,4526042.8,4522409.2,4529617.5,4535510.7,6054137.4,4630205.8,5591231.2,5600743.9,5600378.5,5318425.1,6039866.7,6467976.8,6339617.9,6760380.3,4302993.1,5598813.4,5620859.9,5608455.9,5588746,5602929.9,5602648.3,7633021.6,5705249.7,6672073.9,6702200.6,6571938.9,6717132,6726707,6713489.6,6716654.7,7081736.3,6704065.2,6693769.6,6691279.5,6676691.2,6663278.6,6696647,6670107.4,6680542.1,6690070,6682631.9,6578100.7,6712523.5,7010550.6,6721483.3,6733205.3,6715738.6,6718502.7,7668114.7,5754316,7692294.3,5795993.4,6744866.5,6737519.2,6721118.1,6724052.7,6870301.4,6755078,6948648,6689333.7,7629022.5,5694490.9,6673119.9,7617351.7,6679269,5990725.8,6644703.6,6641656.2,6660225.1,6654851.3,6654141.5,6654465.9,6669905.7,6647033.4,6675733.8,6923850.9,6852552,7018610.9,8214896.8,6612977.4,6506288.3,6343922.2,6696364.2,7628491,5727149.2,6646426.6,6677781.8,6822764.3,6673857.2,6703019.7,6387586.2,6685069.3,6677674.3,9387398.7,10136213.1,14080501.9,11355056.7,11846846.9,12220809.6,11459048.6,12168719.2,10292107.7,10575643.5,10863050.5,11299210.4,11353947.8,11366225,11708855.6,9972710.2,9113355,9664133,8873909.9,9339045.6,10571276.3,10582605.8,11669730.3,9342216.1,9968075.8,8951373.7,8928469.8,9792155.1,7924065.6,9580584.1,10260591,9343381.4,8703318.2,9217078.8,8335084.9,8900793.8,7767881.3,8335238,7418618.3,8049554.6,7100948.4,7463582.8,7195927.5,9295472.2,7077655.2,8469643,9787392.9,8965500.7,8790314.1,7812826.2,8721234.6,8136508.7,8669667.1,8725980.9,8693243.9,8421342.1,9752831.7,10504907,8787199.9,8055931.8,7728441.1,7417187.9,8009355.5,7531929.3,7563486.8,7574324.8,7706588.1,7733858.3,7668748.9,9555409,9474643.3,9518656.9,9589670.7,9084292.7,8134285.8,7697978.7,7673118.9,7672725.4,7612580,7298299.1,7191843.3,6718721.3,6970666.3,6815875,7036382.8,6807580.5,6773478.4,7168904.8,6762343.2,6867857.3,6455184.7,6716167.3,6714097.7,7265115.2,7581852.4,8846379.6,8598673.5,8656586.5,8463246,7706380.2,7713375.4,9036309.8,8251772.5,8002105.1,7938899.7,7430537.1,8031852.8,8780155.4,10278825.6,10774363,10651898.1,10636400.3,12852754.8,10829305.8,9906194.4,10945299.1,10813791.1,9396024.5,8511913.6,8084020.9,9588100.6,9609262.7,8990874.5,9716722.9,10031985.6,8945013.5,9900905.6,9655259.8,10299716.3,11831313,10092820,11093052.9,11411979,9671386.4,11107484.9,11489806.8,12244224.4,13525184.2,12191773.4,11558505.7,11229885.5,11651935.4,11413161.4,10439888.8,11306602.4,12220264.6,12600924.4,11861135.2,12140740.2,12796221.1,11792451.7,12739167.4,11507468.4,13299903.8,12216488.5,12288204.4,12138212.7,11533403.8,10903168.2,11383218.5,11007859.6,10448502.8,11276759.9,11261995.8,10233630.9,10632882.5,11302639.4,11193358.2,11271761.7,12286776.8,10538804.2,11920806.4,11636225.9,13445088.2,10929795.7,12337627.5,12497622.3,12303954.1,12456180.9,12268361,12566955.9,11443114.9,10509056.8,10816840.8,12055343.2,9819463.9,11112944.9,11148109.9,12100013.2,11175470.5,10451770.4,10871380.7,10265138.1,11504886.4,10798819.4,11125134.4,11396965.5,10910901.4,11198906,10437410.6,10823256.5,11347705.8,10656018.8,10230664.8,10470175.3,9742830.8,9041102.7,9296642.3,10662103.2,11102104.1,11255721.9,9888065.7,10832439.2,10303639.9,11140219.2,11085536.9,11178209,11241572.5,10629353.5,10230180.5,9727600.6,10060636,10812768.5,11482633.2,10085895.1,12304556.9,9083307.1,10047859.3,10503680.6,9145211.5,9843005.8,10220359.7,9603782.8,9262029.7,9675723,10527101.6,10107266.8,9800976.1,9734745.2,9579317.3,10486410.3,10401839.3,9455187.9,8297010.2,7939420.1,7881839.3,8055593.4,8109816,8344027,9191596.1,8906354,8937113.9,8886696.3,9297852,8595138.2,8930953.4,9302106.2,9346734.2,8969315.3,8890735.4,8914401.1,10334857.8,9979145.1,9366243.2,10067457.4,10053741.8,9402045.2,9922599.6,9942997.1,9832806.5,9030240.7,9067031.7,8081452.7,9051769,9987670.7,8098410.1,9038978.1,9029081.9,9028381.5,8967567.1,9033669.5,8304454.6,8045349.2,7678190.4,8119603.7,8945023.9,7146589.2,8056406.1,8092648.9,8112818.8,8169116.5,8130351.5,9046453.2,7133522.6,8155754.7,8554868.9,8037215,9109938.9,10060613.4,9198738.7,9225808.7,8160466,8693939.6,8194433.8,8254553.7,7970369.6,8083996.9,8591597.5,9179904.6,9168537.4,8759159.7,8629906.7,9081154.1,9134830.6,8638894.9,8225323.7,7583692.2,7147841.2,6954554.6,7340782.8,7211146.7,6917432.1,6938373.4,7114825.5,6846327.6,7144539.5,7288878.8,7281637.4,7942318.6,6644411,7093859.8,7056878.3,6911939.4,7112018.1,7184954.3,7121183.9,8104187.1,7163245.8,7716539.8,5923554.7,7074828,7092988.9,7035090.8,7020819.6,7593964,6704622,6570534.4,6957132.3,7264518.2,6999330.4,7084594,7104843.7,5650941.3,5954592.8,5997661.2,5986278.9,6018680.4,5995794.5,5984581.2,7977125.7,6090579.8,6627501.8,7005803,,,,,,,,,,,,,,,,,,,,,,,,,,,,,,,,,,,,,,,,,,,,,,,,,,,,,,,,,,,,,,,,,,,,,,,,,,,,,,,,,,,,,,,,,,,,,,,,,,,,,,,,,,,,,,,,,,,,,,,,,,,,,,,,,,,,,,,,,,,,,,,,,,,,,,,,,,,,,,,,,,,,,,,,,,,,,,,,,,,,,,,,,,,,,,,,,,,,,,,,,,,,,,,,,,,,,,,,,,,,,,,,,,,,,,,,,,,,,,,,,,,,,,,,,,,,,,,,,,,,,,,,,,,,,,,,,,,,,,,,,,,,,,,,,,,,,,,
6478886.73529357,3928383.87762874,5599396.28757778,5588476.45474877,8512565.38205198,5968189.13958978,6956520.57667411,6709661.19147774,7661467.41836053,6808809.12504514,9184806.81984738,4466769.23488304,6512404.90374021,4599618.54610714,4286025.89450621,4802147.69740029,6113450.72483042,7809781.53677519,6004226.89504632,5475762.36958625,5445344.25700302,6676968.12380896,6639378.9654305,6793782.47399688,7086856.28618989,7991856.25184536,7591997.2960321,7892345.06097459,7231898.08150086,6575592.08236845,6970551.97016312,6469281.32516052,8458899.68638261,8914904.51536404,8221730.95022578,8082132.34565012,7724895.5289661,7759933.27480257,7687659.55142419,9644935.21998636,6653835.54951423,6954332.44998576,6394254.42178706,6550820.78908605,7040854.7702194,8937420.60573749,6409114.91682263,9213928.09608524,6752936.01979871,4847496.18831692,6789609.04633655,6771674.14944682,9258999.45390685,7124649.55156276,4661580.71646802,6724195.93231982,6684270.03621717,6748276.52887701,6804891.32580284,6603744.50660403,6516820.69128364,6590131.02482717,6747074.42680239,5443326.0124992,4928194.51840183,4810403.53113255,4691272.10409018,4839201.83633682,4812096.43782898,4796841.05389237,4556586.26883134,4559015.42319631,4799996.80019574,4839396.33954139,4876523.56839609,4705267.9403514,4828762.96606411,4820215.74326096,4832423.94493525,4567105.92550496,4808095.89790084,4606168.22779115,4727357.94788449,4897249.51820147,4818987.80324667,4696734.56108545,4722728.40168628,4702296.62401168,4683615.22219723,4762862.20257456,4958242.08001246,4727569.40662754,5363436.73618735,4659625.83278054,4994246.96168017,5810511.12082555,6457970.74699068,6452267.25230375,6470605.27864848,6891811.49105922,8015679.12372607,7222552.63226323,7920424.47091294,6559066.06244814,6784356.11477744,5291458.03050674,5454027.73130071,4961772.53789045,4284325.41683033,5420310.71291627,4298575.7452241,4695091.47440296,4692910.21829348,4380828.83955772,4389872.04645486,4487138.85172662,4672629.79248256,6114814.98204214,6706143.98457748,6715822.7501475,6675383.80056095,6660455.13708085,6591767.16358456,6665150.14822888,6673973.71734876,5587429.51941947,6564588.42355376,6369151.52427094,5541744.32094922,4655220.2305597,4485360.80157281,4633115.60172222,5183415.94595941,4553637.16944337,5960135.74147215,6419358.23050594,6481339.18213372,6461167.08327322,6542733.91263002,4659188.37739326,4740270.15792422,4380064.57054285,4332082.48579014,5137941.76409647,4382682.10017311,5168571.01449561,4464698.49032694,4727297.21700975,4737052.47039449,4739892.35795036,4732374.32720577,4694648.66152929,4705239.9630286,4600599.00712345,4550305.78228056,4711686.35739161,4716508.94790934,4725474.0283217,4733429.82762128,4743704.38718787,4744324.75301039,4748106.4057268,4747194.97971926,4746224.58907171,5246616.95751795,4928185.80507785,4752332.21090553,4726757.62642136,4737415.29379867,4717982.86220621,4691115.59993777,4687930.70381546,4693501.68847089,5090921.19726219,4755366.28874818,4426025.57078385,4704160.61310463,4715877.65459558,4718066.25087033,4713609.7211294,4711447.16305073,4705262.06172324,4709892.42860776,4717827.5865903,4712867.86188362,4725955.84147908,4704636.59564672,4768630.59144949,4741691.21852622,4743092.46092202,4720149.66921205,4788992.83538249,4752233.62035225,5278688.52892148,4760454.11074861,4736788.94314727,4734088.10427619,4737618.69756399,4737318.86967915,4444198.56760579,4086983.02372022,4988277.2534013,4441220.85994237,4741694.10184488,4761478.74234434,4710956.85040894,4570063.51885989,4550008.8193109,4688208.9749277,5027109.50487597,5517904.1992638,4815153.08063785,4707218.02602366,4690029.72094323,4437883.15785666,4442843.73172251,4713305.73713617,4706827.67452111,4702694.73189429,5071916.81458592,4679620.77987467,4694580.04703543,4678201.87904932,4676235.10746479,4693938.6018156,4679132.7138055,4924167.70594041,4710858.63995424,4687130.21675648,4708649.18270415,6358859.3422216,6997313.03986864,5831708.96553723,7574120.87278216,4680513.90523303,4955321.34122191,4698394.33446813,4683329.29585369,4695397.3606064,4680185.5652793,4667018.06698637,4686228.56272604,4684049.51605653,4675173.34459115,4686581.59482683,4678996.98434152,4676068.60792897,4661530.59058954,4659558.60788657,4644461.69742295,4632563.85522647,4660306.93483087,4665049.04807463,4665787.87597943,4638478.11778741,4662942.81836823,4658833.50922775,4424018.85300594,4661765.71513901,4646414.73918787,4656885.01730183,4696253.75766416,4648719.92390591,5300997.35979027,4894871.18281311,4474752.39814464,4647447.45538676,4642010.00685742,4635776.65528821,4397478.1201065,4403694.40564228,4502582.46219604,4641263.41134495,4637808.52353465,4649217.15953196,4657962.70238322,4663776.36367771,7771484.90751191,4776406.25320476,6613798.90440559,6607062.53933924,6624326.0828487,6533712.74427848,6368738.16199046,6344212.89770552,6366848.84320426,8821355.27831013,4599575.70384792,6598129.36494965,6596690.30964037,6641189.5031954,6626651.88810218,6642866.47182852,6637542.89017254,10033198.856463,6666941.36579731,7957964.32752058,8019037.08941982,7972344.11032302,8051099.5307326,8061776.50083719,8033057.49316953,7987387.71208595,8223443.17257213,8010335.99666551,8007880.20473473,7991530.08212494,7967956.75719272,7947075.05303617,8013400.75795004,7960555.80639486,7962205.47205519,7968001.51619303,7985027.47128539,8120093.33537204,8043346.97881099,8193436.47152843,8036125.43906866,8037403.20477537,7974728.66491209,8021285.63003923,10099505.8062885,6774889.25428761,10152614.1732524,6829908.49580683,8100068.08284715,8068615.91400731,8050695.71505006,8046532.70639176,8341597.08594835,8139879.45023318,8519145.03295086,8019205.03126861,10050902.1055765,6719656.51596309,7995003.30555688,10065273.8088079,9151987.03748896,7400504.99767839,7938676.43566437,7937044.38505395,7971425.62397186,7957057.57843814,7956630.89589195,7955557.14353739,7928505.62475928,7941877.74982093,7989893.982499,7830441.62329477,7871137.36356008,8374161.89536226,10344285.2455813,7878551.04751459,7403599.46525315,7435617.33411964,8032118.37065937,10048771.7831365,6745283.63991163,7946678.73745059,7999044.87528889,8047379.02649299,7986630.4571178,8024255.23398578,7966706.54814639,8022263.31737855,8001032.47224968,6168504.20509914,4760747.39297382,5295964.2320774,7010447.68885854,7074807.46761916,7230498.70863358,7432328.04359007,7307372.74599438,6612201.28335615,6551919.23340089,6535200.05836151,5979534.51287661,5789516.54157967,5670738.42094774,5561515.84441595,4780156.89996717,6396551.83596001,7089267.13366255,6117204.47413305,5551669.05903952,6213720.57660762,6439549.22162327,8852224.8330232,5638910.54119386,6085731.94259188,6001097.59413689,6040599.28517569,8563601.15918039,4439939.89191499,5605951.14530701,5781949.0283015,5698468.24188591,6066425.2756033,6425389.23754539,6235995.4999605,7540793.3228974,6341839.52577193,6855925.11803107,6349336.5916073,6584419.93894244,5043895.58465419,4682194.99417492,5257443.22856399,8419495.65094157,5247952.21453009,6165841.71222261,7123501.73981455,6198424.70522761,6054923.38005462,4982195.98517851,6158488.53767773,6036349.36813423,5906201.31035207,6044503.6953887,6173260.21297959,6109428.29342449,5700002.62602581,6199679.04857272,5960189.77121871,4867026.36234862,4493301.00211223,4359047.94223572,4931922.3149558,4663377.58325377,4393079.52419385,4432947.46218552,4484230.05150827,4506283.0651834,4468628.70995197,5376837.82246034,4576344.65235627,5356150.73726387,5385481.40814815,4456052.78789601,4943596.59441971,4507957.55997776,4475383.23223208,4502040.43647809,4399384.96592874,4451449.52949854,5055680.74509251,4416676.03810488,4896841.75145695,4710389.15741072,4977488.14633324,4746451.44905518,4771379.32184251,5118933.68723684,4764843.25508281,4667337.74027869,4498012.44489354,4689187.25375529,4656755.8394603,5311426.57838854,4244905.91595498,5794288.79192672,5863080.68691289,5868991.19570556,5444325.05230232,4409805.23259711,4399460.38491912,4373057.59986655,3888819.67054224,4126997.48970786,4580031.85287412,4088146.11870894,3916908.62387983,4616991.33346813,5744687.02948537,6939514.61705598,6515515.28434576,6598545.3973615,9920181.50776689,4685658.64677218,4635037.98001158,4689730.2415118,5250034.89624511,4447722.52318333,4450605.50074759,3920035.57116552,5065780.27724079,5579794.53221491,5621838.6414575,5066729.46357213,5667547.93258341,5436887.64720242,6624474.69450064,5946602.78276468,4082111.05887865,6549315.0110505,5846255.45170103,4973495.03273059,5708458.18911727,3649937.82230621,4233230.01650876,3441192.73899833,6718654.96793966,10245200.5970482,5292372.79842696,4450786.94808235,5191261.59534234,3434038.16597675,4044181.5191277,4414367.81880161,3969539.4804978,4401270.44711197,4423370.2743201,3917376.0548656,4849755.24969543,5738139.06289796,3730748.07437323,7309278.25728667,3600424.2105036,7279264.24784993,6575635.82848956,4458347.18087425,3658521.79356092,3456139.49569323,6092264.42082356,5791857.28754006,5947161.67115592,5131647.63988846,5700964.24053137,5709872.53837923,4660293.90211499,4817089.23590108,5728362.25586721,5775729.1107294,5683565.89587648,7905176.6885322,4779058.56364877,8185028.57865663,6093267.66377158,7637784.36936527,6055855.10627296,6434963.26880514,6632941.6283847,6353128.89781072,6306323.46877065,6315059.2774159,6303045.12021338,5876386.22420251,6384931.22815132,5966920.52062969,8282947.06440963,4876348.2903087,5661408.77723839,5633909.33673116,7925492.22456464,5714901.09109801,4955139.46845417,5852876.59809598,6055492.54574155,5749414.04098192,5982987.79016492,5741209.61969814,5660745.92278865,5842973.59793634,5672037.09365392,5940968.67143078,5817040.97711413,5597740.67650925,5955945.39585687,6532071.73750103,6573118.21176141,5815187.22387909,8511103.91244886,3025663.31623942,4920379.41334875,5650029.79211647,5629529.36841697,4837954.37933481,5140632.96106429,4633063.81772843,5638533.97977037,5703951.01177583,5680767.88906952,5660781.220148,4914107.13112575,4743037.04215622,4877562.80109877,4778246.37982141,4471948.16005414,3457050.39645408,3062240.26083075,6372050.21671305,2676810.84056484,4604684.89021402,4786563.49060781,4968225.81868614,4682214.16955053,4793806.40503051,4753376.06847547,4997145.07592548,4886554.33110214,4943555.40349278,4936058.98627513,4858867.02013284,4714073.58238375,4955620.41885857,5241477.13313269,4844150.08142366,4804907.23483844,3470330.48453742,3855830.42688447,3845335.51423109,3981758.17024435,3974350.9631651,3134354.51663784,3291413.54353517,2957072.28171056,3586267.53824311,2919242.86861055,3218527.57054098,3143526.29916552,2947590.486851,3274966.53383565,3386542.50919829,3618744.12946263,2955164.91554168,2957008.05282079,4829195.82727103,4660781.77452969,4991218.20103796,4744675.98763972,7820787.35541727,3406271.29445647,4736255.1575207,4703577.75416089,4758990.57956309,5504066.94431381,5634636.93872102,4003795.90252195,5559278.95849637,8071604.99163257,4026238.09295108,5610496.93712836,5531385.10279858,5574957.37124221,5598932.7356578,5609251.45982671,6028608.31836066,6187816.58997237,6318670.13919519,6210932.70133232,8664707.14407882,4623533.17512767,6271274.98997726,6241911.38138002,6249445.46610668,6245879.74031781,6216874.60467,8654555.28368605,4629237.17799613,6242631.21500889,6531121.12157591,6166128.06374034,7283389.96654114,9308192.20337747,7202019.27993638,7141345.14729472,6210816.44209385,6681721.96558537,6240252.31136174,6078518.34377158,6225842.27584215,6230689.18857194,6577770.69611741,7347389.10803609,7257571.37708578,6589009.67584959,6644915.00378091,7310626.47695599,7334654.23220823,6485644.81783575,6196475.87341977,5077557.70410803,5472239.99190368,6529029.76267625,6625384.28644318,6660727.00106876,6449881.5290751,6637103.4101515,6621697.91596328,6558739.52934214,6664304.77460575,6728664.52574828,6642871.27551428,8893031.85606531,5598874.35164466,6599693.20214392,6600076.75420562,6561328.21726806,6687467.71643216,6540640.25807765,6654654.68084399,8779756.09764286,6800799.31420153,7107910.01370484,4900200.14450226,6677509.27055918,6683080.65264215,6660861.27189251,6650996.56240074,7149062.81313169,6599559.24133165,6538334.69040243,6617171.26944079,6441340.24680231,6674332.6796172,6743807.27553326,6529390.1575329,4753441.86305374,4872939.34091278,4916283.25054895,4895720.30631613,4892877.07415757,4876886.27964664,4912980.39610854,9046140.44221532,5000157.99985007,6667429.81884039,6552495.4088467,,,,,,,,,,,,,,,,,,,,,,,,,,,,,,,,,,,,,,,,,,,,,,,,,,,,,,,,,,,,,,,,,,,,,,,,,,,,,,,,,,,,,,,,,,,,,,,,,,,,,,,,,,,,,,,,,,,,,,,,,,,,,,,,,,,,,,,,,,,,,,,,,,,,,,,,,,,,,,,,,,,,,,,,,,,,,,,,,,,,,,,,,,,,,,,,,,,,,,,,,,,,,,,,,,,,,,,,,,,,,,,,,,,,,,,,,,,,,,,,,,,,,,,,,,,,,,,,,,,,,,,,,,,,,,,,,,,,,,,,,,,,,,,,,,,,,,,
,,,,,,,,,,,,,,,,,,,,,,,,,,,,,,,,,,,,,,,,,,,,,,,,,,,,,,,,,,,,,,,,,,,,,,,,,,,,,,,,,,,,,,,,,,,,,,,,,,,,,,,,,,,,,,,,,,,,,,,,,,,,,,,,,,,,,,,,,,,,,,,,,,,,,,,,,,,,,,,,,,,,,,,,,,,,,,,,,,,,,,,,,,,,,,,,,,,,,,,,,,,,,,,,,,,,,,,,,,,,,,,,,,,,,,,,,,,,,,,,,,,,,,,,,,,,,,,,,,,,,,,,,,,,,,,,,,,,,,,,,,,,,,,,,,,,,,,,,,,,,,,,,,,,,,,,,,,,,,,,,,,,,,,,,,,,,,,,,,,,,,,,,,,,,,,,,,,,,,,,,,,,,,,,,,,,,,,,,,,,,,,,,,,,,,,,,,,,,,,,,,,,,,,,,,,,,,,,,,,,,,,,,,,,,,,,,,,,,,,,,,,,,,,,,,,,,,,,,,,,,,,,,,,,,,,,,,,,,,,,,,,,,,,,,,,,,,,,,,,,,,,,,,,,,,,,,,,,,,,,,,,,,,,,,,,,,,,,,,,,,,,,,,,,,,,,,,,,,,,,,,,,,,,,,,,,,,,,,,,,,,,,,,,,,,,,,,,,,,,,,,,,,,,,,,,,,,,,,,,,,,,,,,,,,,,,,,,,,,,,,,,,,,,,,,,,,,,,,,,,,,,,,,,,,,,,,,,,,,,,,,,,,,,,,,,,,,,,,,,,,,,,,,,,,,,,,,,,,,,,,,,,,,,,,,,,,,,,,,,,,,,,,,,,,,,,,,,,,,,,,,,,,,,,,,,,,,,,,,,,,,,,,,,,,,,,,,,,,,,,,,,,,,,,,,,,,,,,,,,,,,,,,,,,,,,,,,,,,,,,,,,,,,,,,,,,,,,,,,,,,,,,,,,,,,,,,,,,,,,,,,,,,,,,,,,,,,,,,,,,,,,,,,,,,,,,,,,,,,,,,,,,,,,,,,,,,,,,,,,,,,,,,,,,,,,,,,,,,,,,,,,,,,,,,,,,,,,,,,,,,,,,,,,,,,,,,,,,,,,,,,,,,,,,,,,,,,,,,,,,,,,
-11771478.5,-5485169,-7947586.7,-6262339.4,-8303037.5,-7414891.7,-6587295.9,-3695564.8,-4750042.1,-4118795.7,-4524047.6,-1969976.3,-4529590.2,-1989788.3,-2260979.8,-2153639.9,-3579396.7,-5012746,-3700052.4,-3443295.6,-3110746.9,-4054186.2,-3640275.3,-3104399.5,-4059607,-5025146.1,-6372667.7,-5331675,-4232439.5,-3842964.8,-5389267.9,-4376859.6,-5913835.8,-6158311.6,-5467933.5,-5204662.2,-5465490.8,-6127945,-6112963.7,-7031097.2,-5283485.2,-5826500,-5348461.5,-5070028.1,-5598339.9,-5993253.6,-4638034.8,-5064054.4,-4116301,-3068347.6,-4139880,-4081427.3,-5138278.8,-4551421.5,-2764208.1,-4065205,-4051499.6,-4086112.8,-4189947.5,-3739526.3,-4569671.3,-4153480.5,-4204736.6,-3346623.1,-3186823.5,-3099662,-2901124.7,-3087805.2,-3062599.9,-3087654.4,-2814538.4,-2760175,-3097027.9,-3116515.2,-3175554,-2990573.6,-3133238.4,-3127447.8,-3127685.4,-2676050.1,-3105292.3,-2817610.9,-3015800.9,-3167426.2,-4125440.7,-3995948.3,-4039323.8,-4034251.1,-4011006.3,-4116493.7,-4320526.2,-4088182.2,-4556205.5,-3999997.6,-4284137.3,-4976305.4,-4745604.8,-5129297.8,-5104819,-5173687.4,-5310095.3,-4769594.4,-5287651.5,-3786178.5,-4315351.3,-3567672.5,-2719843.1,-2186750.1,-1860520.5,-2707316.3,-1859385.5,-2267774.6,-2258114.1,-1965703.7,-1944049.5,-2074035.2,-2221616.3,-3020530.8,-3282295.2,-3371037.3,-3282230.3,-3312600.9,-4201919.7,-4214745.4,-4390422.8,-3723844.8,-5342116.2,-5089859,-4777193.6,-4067108.2,-3795112.9,-4075625.2,-4499156.5,-3743174.2,-5137381.8,-5168731,-5164751.2,-5178753.1,-5199210.4,-4141818.1,-4133984,-3572630.3,-3555885.8,-4499516.5,-3593326.2,-4550213.6,-2785018.3,-3201013.3,-3222203.6,-3196366.8,-3194861.9,-3179504.6,-3193805.5,-3154531.8,-3407070.9,-3215271.4,-3241352,-3250740.1,-3229490.9,-3273932.2,-3273746.3,-3267910.9,-3277876.7,-3265351.1,-3594833.5,-3456599.6,-3264224.8,-3248076.1,-3279025.7,-3262669.1,-3212387,-3236211.9,-3250406.6,-3568578.3,-3317370.9,-2813547.1,-3264351.5,-3291374.8,-3268663.9,-3310623.6,-3293512.4,-3279334.3,-3283077.8,-3339948.8,-3298889,-3310421.1,-3290728.8,-3328160.2,-3306018.7,-3308103.9,-3310194.6,-3385384.3,-3352513.4,-3731612.6,-3380408.7,-3344344.5,-3346765.6,-3330893.1,-3336055.7,-2872912,-2749246.5,-3699742,-2948371.5,-3341277.2,-3362210.7,-3331354,-3164918,-3147578.3,-3306667.8,-3561556.6,-3874022.4,-3397119.6,-3320786.9,-3344576.7,-3784416.9,-3833558.5,-3359584.6,-3351708.1,-3355251.6,-3663147,-3341179.6,-3331296.9,-3335182.9,-3308394.5,-3347111.7,-3327985.9,-3534864.8,-3384216,-3360839.9,-4358632.3,-5287889.7,-5558185.5,-5011645.7,-5768371.7,-3367647.6,-3538220.3,-3361969,-3351616.8,-3371807,-3367595.5,-3358341.7,-3384593.2,-3349878.9,-3350971.7,-3371534.1,-3359316.6,-3369497,-3365221.2,-3343139.3,-3319574.3,-3330062.8,-3316173.1,-3387444,-3400132.2,-3405953.1,-3393464.7,-3401103.9,-3061819.9,-3384997.2,-3390342.9,-3368094.1,-3418197.7,-3380560.7,-3864517.2,-3590052.2,-3202032.2,-3390757.8,-3399901.3,-3384521.2,-2970503,-3069789.1,-3271894.4,-3385030.8,-3387240.5,-3376018.5,-3413616,-3420578.9,-4945964.8,-3519414.9,-4480704.4,-4506617.9,-4493587.1,-4226085.6,-4937013.6,-5377253.7,-5247283.9,-5663184.5,-3217400,-4497106.9,-4527366.7,-4473596,-4500910.4,-4517485.8,-4517216.1,-6547216.2,-4603980.1,-5585473.5,-5622098.1,-5495559.3,-5653242.1,-5659677.2,-5652989.8,-5648661.2,-6030938,-5641058.9,-5614906.6,-5624185.4,-5618195.1,-5598430,-5622024.3,-5601466.9,-5638051.3,-5635428.3,-5655081.1,-5557379.9,-5667934,-5974001.1,-5693487.5,-5713492.3,-5692012.2,-5708253.2,-6632052.8,-4719208.4,-6663865.6,-4771405.2,-5709368.4,-5711134.2,-5706519,-5701549.2,-5858908,-5749536.4,-5937948.9,-5692720.9,-6616388.9,-4696346.6,-5681443.8,-6623816.5,-5663893.3,-4985837.3,-5660959.8,-5663008.9,-5681417.3,-5650430.5,-5678247,-5675989.2,-5678702.6,-5661366.6,-5699340.4,-5965715.6,-5884317.7,-6048409.6,-7254732.5,-5663535.9,-5546879.9,-5367997.9,-5715977.7,-6657897.1,-4769940.5,-5700591.1,-5716021,-5868134.1,-5737530.1,-5763621.8,-5430765.2,-5734474.3,-5741394.2,-6256716.6,-6696078.6,-10627437.7,-7912836.9,-8415398,-8794184.6,-7980134.8,-8698054.1,-6785009.4,-7106588.4,-7403594.1,-7757947.8,-7899778.1,-7924887.5,-8212154.8,-6538604.9,-5664578,-6248788.5,-5449187.1,-5877144.7,-7037878.7,-7042311.5,-8096614.2,-5793907.4,-6426428.8,-5461344,-5441480.9,-6267219.1,-4357624.7,-6101878.5,-6783145.1,-5879199.6,-5231802.6,-5703173.1,-4860145.7,-5396674.9,-4267477.7,-4828551,-3878130.6,-4511842.3,-3581746.5,-3961962.4,-3727392.7,-5790324.9,-3561972.4,-5017083.5,-6430056.4,-5626219.6,-5438638.8,-4509808.6,-5431494.8,-4820374.7,-5373306.2,-5443474.5,-5410387.1,-5163303.9,-6504992.3,-7243989.9,-5564433.9,-4801563.8,-4483700.8,-4156201.7,-4726575.3,-4251643.2,-4323388.9,-4359317.7,-4480535.2,-4505248.6,-4449403.3,-6258611.2,-6198475,-6246021.1,-6351455.7,-5847325.1,-4890530.8,-4449623.3,-4459716,-4489830,-4397106.4,-4089840.1,-3987596.5,-3544785.7,-3776173.3,-3616371.8,-3906740,-3664417.7,-3645751.6,-4056768.4,-3617996.7,-3704547.2,-3281410.9,-3554877.3,-3517953.2,-4124685.4,-4377805.4,-5654095.9,-5482729.6,-5548497,-5335305.6,-4526244,-4556692.6,-5895179.4,-5126279.7,-4895980.1,-4835507.3,-4302547.4,-4912452.3,-5634611,-7169490.9,-7728554.2,-7572821.3,-7568355.4,-9804987.9,-7808218.3,-6888288.5,-7922783.8,-7794179.4,-6394655.8,-5447493.8,-5029572.2,-6512614.9,-6620818.7,-6015381.6,-6691624.5,-7003530.8,-5925933.2,-6894989,-6655526.1,-7312202.8,-8836060.9,-7021426,-8034010.7,-8407421,-6690232.7,-8104778.9,-8499803.5,-9305960.2,-10555565.1,-9126180.1,-8495973.6,-8199589.7,-8691467.2,-8454557.9,-7439371.3,-8281880.8,-9268955.6,-9636805.6,-8910353.2,-9219595.2,-9851762.4,-8888336.8,-9825236.6,-8586641.4,-10376701.4,-9301567.7,-9384125.5,-9193092.1,-8589116.7,-7962872.3,-8456297.6,-8054822.6,-7479935.3,-8329666.9,-8278733.1,-7250317.2,-7669161.9,-8353875.1,-8220032.5,-8321353,-9324552.5,-7577283.6,-8982914.7,-8707880.5,-10514274.1,-8041269.9,-9408653.8,-9604544.9,-9399591.5,-9517361.2,-9315292.7,-9606335.7,-8505418,-7570551.2,-7850851.6,-9167185.8,-6941090.8,-8200948.7,-8256140.9,-9184279.6,-8299968.1,-7578556.2,-7995531.3,-7410838.6,-8626932.2,-7946772.7,-8272454,-8566863.6,-8054172.5,-8310879.9,-7577593.2,-7942199.1,-8521216.7,-7828041.4,-7374139,-7646844.9,-6925090.3,-6225421.6,-6505363.7,-7797828.2,-8325898.6,-8446972.4,-7068531,-8040177.7,-7488251.9,-8253903.4,-8201283.9,-8344087.3,-8395819.1,-7792925.1,-7421027.2,-6907847.1,-7181660.9,-7985551.5,-8664366.8,-7280934.5,-9489379.3,-6292671.4,-7281364.1,-7712548.5,-6285331.3,-7052443.9,-7441087,-6870267.1,-6545636.6,-6954666.8,-7741739.3,-7361415.4,-7056749.2,-7008788.7,-6849809.1,-7792048.9,-7694537.2,-6719187.8,-5598028.7,-5270343.7,-5224166.4,-5448169.2,-5486701.5,-5719169.1,-6583705.2,-6319449.5,-6311733.8,-6277567.9,-6616603.4,-5927002.4,-6328888.1,-6680428.7,-6746040,-6339859.1,-6286205.6,-6329528.9,-7778311,-7438793,-6833642.7,-7547655.2,-7542514.4,-6882622.3,-7416063.4,-7441477.5,-7319350.8,-6519171.2,-6551745.9,-5550210.3,-6505500.9,-7468797.8,-5590256.3,-6532644.4,-6554603.2,-6540866.3,-6440436.9,-6515943.3,-5770515.9,-5518573.1,-5186118.3,-5627968.7,-6464833.5,-4483452,-5431354.1,-5510807.6,-5532772.9,-5616136,-5597967.9,-6514224.3,-4580998.4,-5651338.3,-5992615.8,-5493244.1,-6567262.9,-7533236.4,-6641509.6,-6660140.1,-5629760.2,-6156227.1,-5676288.2,-5723644.1,-5441314.7,-5560479.2,-6074330.7,-6730753.1,-6700878.5,-6301114.5,-6175923.5,-6585523.8,-6639329.1,-6185262.2,-5793151.3,-5121226.3,-4702228.7,-4491511.3,-4932297.3,-4814554.6,-4515754.5,-4544866.3,-4768593.2,-4526477.9,-4763059.2,-4958185.4,-4966324.4,-5648277.8,-4354005.4,-4827542,-4802188.8,-4622652,-4854673.5,-4911236.5,-4837388,-5809357.8,-4857796.4,-5421755.2,-3667737,-4816746.5,-4843888.4,-4791070.5,-4784838.6,-5349069.6,,,,,,,,,,,,,,,,,,,,,,,,,,,,,,,,,,,,,,,,,,,,,,,,,,,,,,,,,,,,,,,,,,,,,,,,,,,,,,,,,,,,,,,,,,,,,,,,,,,,,,,,,,,,,,,,,,,,,,,,,,,,,,,,,,,,,,,,,,,,,,,,,,,,,,,,,,,,,,,,,,,,,,,,,,,,,,,,,,,,,,,,,,,,,,,,,,,,,,,,,,,,,,,,,,,,,,,,,,,,,,,,,,,,,,,,,,,,,,,,,,,,,,,,,,,,,,,,,,,,,,,,,,,,,,,,,,,,,,,,,,,,,,,,,,,,,,,,,,,,,,,,,,,,,,,,,
-5292591.76470643,-1556785.12237126,-2348190.41242222,-673862.945251225,209527.88205198,-1446702.56041022,369224.676674108,3014096.39147774,2911425.31836053,2690013.42504514,4660759.21984738,2496792.93488304,1982814.70374021,2609830.24610714,2025046.09450621,2648507.79740029,2534054.02483042,2797035.53677519,2304174.49504632,2032466.76958625,2334597.35700302,2622781.92380896,2999103.6654305,3689382.97399688,3027249.28618989,2966710.15184536,1219329.5960321,2560670.06097459,2999458.58150086,2732627.28236846,1581284.07016312,2092421.72516052,2545063.88638261,2756592.91536404,2753797.45022578,2877470.14565012,2259404.7289661,1631988.27480258,1574695.85142419,2613838.01998636,1370350.34951423,1127832.44998576,1045792.92178706,1480792.68908605,1442514.8702194,2944167.00573749,1771080.11682263,4149873.69608524,2636635.01979871,1779148.58831692,2649729.04633655,2690246.84944682,4120720.65390685,2573228.05156276,1897372.61646802,2658990.93231982,2632770.43621717,2662163.72887701,2614943.82580284,2864218.20660403,1947149.39128364,2436650.52482717,2542337.82680239,2096702.9124992,1741371.01840183,1710741.53113255,1790147.40409018,1751396.63633682,1749496.53782898,1709186.65389236,1742047.86883134,1798840.42319631,1702968.90019574,1722881.13954139,1700969.56839609,1714694.3403514,1695524.56606411,1692767.94326096,1704738.54493525,1891055.82550496,1702803.59790084,1788557.32779115,1711557.04788449,1729823.31820147,693547.103246671,700786.261085445,683404.601686282,668045.524011675,672608.922197229,646368.50257456,637715.880012459,639387.206627535,807231.236187353,659628.232780539,710109.661680174,834205.720825549,1712365.94699068,1322969.45230375,1365786.27864848,1718124.09105922,2705583.82372607,2452958.23226323,2632772.97091294,2772887.56244814,2469004.81477744,1723785.53050674,2734184.63130071,2775022.43789044,2423804.91683033,2712994.41291627,2439190.2452241,2427316.87440296,2434796.11829348,2415125.13955772,2445822.54645486,2413103.65172662,2451013.49248256,3094284.18204214,3423848.78457748,3344785.4501475,3393153.50056095,3347854.23708084,2389847.46358456,2450404.74822888,2283550.91734876,1863584.71941947,1222472.22355376,1279292.52427094,764550.720949218,588112.030559702,690247.90157281,557490.401722224,684259.44595941,810462.969443375,822753.941472146,1250627.23050594,1316587.98213372,1282413.98327322,1343523.51263002,517370.277393256,606286.157924219,807434.270542845,776196.685790137,638425.264096472,789355.900173111,618357.414495615,1679680.19032693,1526283.91700975,1514848.87039449,1543525.55795036,1537512.42720577,1515144.06152929,1511434.4630286,1446067.20712345,1143234.88228056,1496414.9573916,1475156.94790934,1474733.9283217,1503938.92762128,1469772.18718787,1470578.45301039,1480195.5057268,1469318.27971926,1480873.48907171,1651783.45751795,1471586.20507785,1488107.41090553,1478681.52642136,1458389.59379867,1455313.76220621,1478728.59993777,1451718.80381546,1443095.08847089,1522342.89726219,1437995.38874818,1612478.47078385,1439809.11310463,1424502.85459558,1449402.35087033,1402986.1211294,1417934.76305073,1425927.76172324,1426814.62860776,1377878.7865903,1413978.86188362,1415534.74147908,1413907.79564672,1440470.39144949,1435672.51852622,1434988.56092202,1409955.06921205,1403608.53538249,1399720.22035225,1547075.92892148,1380045.41074861,1392444.44314727,1387322.50427619,1406725.59756399,1401263.16967915,1571286.56760579,1337736.52372022,1288535.25340129,1492849.35994237,1400416.90184488,1399268.04234434,1379602.85040894,1405145.51885989,1402430.51931089,1381541.1749277,1465552.90487597,1643881.7992638,1418033.48063785,1386431.12602366,1345453.02094323,653466.257856657,609285.231722505,1353721.13713617,1355119.57452111,1347443.13189429,1408769.81458592,1338441.17987467,1363283.14703543,1343018.97904932,1367840.60746479,1346826.9018156,1351146.8138055,1389302.90594041,1326642.63995424,1326290.31675648,350016.882704154,1070969.6422216,1439127.53986864,820063.265537229,1805749.17278216,1312866.30523303,1417101.04122191,1336425.33446813,1331712.49585369,1323590.3606064,1312590.0652793,1308676.36698637,1301635.36272604,1334170.61605653,1324201.64459115,1315047.49482683,1319680.38434152,1306571.60792897,1296309.39058955,1316419.30788657,1324887.39742295,1302501.05522647,1344133.83483087,1277605.04807463,1265655.67597943,1232525.01778741,1269478.11836823,1257729.60922775,1362198.95300594,1276768.51513901,1256071.83918787,1288790.91730183,1278056.05766416,1268159.22390591,1436480.15979027,1304818.98281311,1272720.19814464,1256689.65538676,1242108.70685742,1251255.45528821,1426975.1201065,1333905.30564228,1230688.06219604,1256232.61134495,1250568.02353465,1273198.65953196,1244346.70238322,1243197.46367771,2825520.10751191,1256991.35320476,2133094.50440559,2100444.63933924,2130738.9828487,2307627.14427848,1431724.56199046,966959.19770552,1119564.94320426,3158170.77831013,1382175.70384792,2101022.46494965,2069323.60964037,2167593.5031954,2125741.48810218,2125380.67182851,2120326.79017254,3485982.65646299,2062961.26579731,2372490.82752058,2396938.98941982,2476784.81032302,2397857.4307326,2402099.30083719,2380067.69316953,2338726.51208595,2192505.17257212,2369277.09666551,2392973.60473473,2367344.68212494,2349761.65719272,2348645.05303617,2391376.45795004,2359088.90639486,2324154.17205519,2332573.21619303,2329946.37128539,2562713.43537203,2375412.97881099,2219435.37152843,2342637.93906866,2323910.90477537,2282716.46491209,2313032.43003923,3467453.00628849,2055680.85428761,3488748.57325244,2058503.29580683,2390699.68284715,2357481.71400731,2344176.71505006,2344983.50639176,2482689.08594835,2390343.05023318,2581196.13295086,2326484.13126861,3434513.20557647,2023309.91596309,2313559.50555688,3441457.30880785,3488093.73748896,2414667.69767839,2277716.63566437,2274035.48505395,2290008.32397186,2306627.07843814,2278383.89589195,2279567.94353739,2249803.02475928,2280511.14982093,2290553.582499,1864726.02329477,1986819.66356008,2325752.29536226,3089552.7455813,2215015.14751458,1856719.56525315,2067619.43411964,2316140.67065937,3390874.68313647,1975343.13991163,2246087.63745059,2283023.87528889,2179244.92649299,2249100.3571178,2260633.43398578,2535941.34814639,2287789.01737855,2259638.27224968,-88212.3949008584,-1935331.20702618,-5331473.4679226,-902389.211141461,-1340590.53238084,-1563685.89136642,-547806.756409931,-1390681.35400562,-172808.116643853,-554669.166599111,-868394.04163849,-1778413.28712339,-2110261.55842033,-2254149.07905226,-2650638.95558405,-1758448.00003283,731973.835960007,840478.633662548,668017.374133052,-325475.640960482,-824158.123392385,-602762.278376732,755610.633023202,-154996.858806142,-340696.857408126,539753.594136891,599118.385175691,2296382.05918039,82315.1919149859,-495927.354692989,-1001196.0716985,-180731.358114093,834622.675603305,722216.137545394,1375849.7999605,2144118.4228974,2074361.82577193,2027374.11803107,2471205.9916073,2072577.63894244,1462149.08465419,720232.594174915,1530050.52856399,2629170.75094157,1685979.81453009,1148758.21222261,693445.339814554,572205.105227613,616284.580054623,472387.385178508,726993.737677734,1215974.66813423,532895.110352074,601029.195388701,762873.112979586,946124.393424489,-804989.67397419,-1044310.85142728,395755.871218706,65462.5623486163,9600.20211223047,202846.242235716,205347.014955797,411734.383253773,69690.6241938528,73629.7621855242,3694.85150827281,1034.46518339776,19225.4099519672,-881773.377539665,-1622130.34764374,-889870.362736128,-965974.291851852,-1391272.31210399,53065.7944197124,58334.2599777635,15667.2322320845,12210.4364780895,2278.56592873484,361609.429498539,1068084.24509251,871890.338104877,1120668.45145695,1094017.35741072,1070748.14633324,1082033.74905518,1125627.72184251,1062165.28723684,1146846.55508281,962790.54027869,1216601.54489353,1134309.9537553,1138802.6394603,1186741.17838854,-132899.484045019,140192.89192672,380351.086912892,320494.195705561,109019.452302321,-116438.76740289,-157232.215080879,-1522121.80013345,-1237460.02945776,-768982.610292139,-255475.447125878,-214401.281291057,-995543.67612017,-1017619.66653187,-1424803.87051463,-789039.582944023,-1057306.01565424,-969810.002638497,115193.607766891,-3122559.65322783,-2253250.51998842,-3233053.5584882,-2544144.50375489,-1946933.27681667,-996888.29925241,-1109536.62883448,-1446834.62275921,-1041024.16778509,-393542.958542499,-1624895.03642788,-1335982.86741659,-489045.552797579,-270514.305499358,-708923.317235322,-3230091.74112135,-2286745.88894951,-1175170.54829897,-3060515.66726941,-2698962.81088273,-3040294.87769379,-3871548.88349124,-5058610.76100167,-2587305.23206034,-310364.502951842,-3833807.30157304,-4045186.65191765,-3008328.10465766,-5257429.03402325,-4410376.3808723,-3025003.48119839,-4312341.3195022,-4867685.15288803,-5213435.3256799,-4992977.1451344,-4369839.95030457,-4113623.33710204,-5157588.72562677,-2515958.34271333,-4986217.1894964,-3097437.15215007,-2725931.87151044,-4925778.31912575,-5534570.30643908,-5132977.20430678,-1870607.87917644,-2664440.31245994,-2107660.92884408,-2348287.66011154,-2628702.65946863,-2568860.56162077,-2590023.29788502,-2852072.66409892,-2625512.84413279,-2444303.3892706,-2637787.10412352,-1419375.81146781,-2798225.03635123,-797886.121343365,-2614612.83622842,-2876489.73063473,-1985414.79372704,-2973690.53119486,-2971603.2716153,-3046462.60218928,-3211037.73122935,-3000233.4225841,-3303290.57978662,-2629031.77579749,-1185619.97184868,-1883931.07937031,-884238.735590365,-2064742.5096913,-2539539.92276161,-2622231.56326884,-1258787.37543536,-2585067.00890199,-2623416.73154583,-2142654.70190402,-1355346.05425845,-2877518.15901808,-1963784.90983508,-2531244.38030186,-2906117.67721135,-2211198.90206366,-2638842.80634608,-1636624.52856922,-2125158.12288587,-2923476.02349076,-1872096.00414313,-842067.262498971,-1073726.68823859,-1109903.07612091,2285682.31244886,-3479700.38376059,-2877448.78665125,-2675868.80788353,-2817443.03158303,-2230576.62066519,-2899544.73893571,-2855188.08227157,-2615369.42022963,-2497332.88822417,-2663319.41093048,-2735037.879852,-2878817.96887425,-2677990.15784378,-2030284.29890123,-2403414.52017859,-3513603.33994586,-5207316.40354592,-4218694.23916925,-3117329.08328695,-3615860.55943516,-2676679.20978598,-2925985.00939219,-1317105.48131386,-2370229.73044947,-2647280.59496949,-2116891.03152453,-1548491.52407452,-2068112.46889786,-2798183.89650722,-2425356.41372487,-2197882.17986716,-2294715.11761624,-1894188.68114143,-2550571.76686731,-2850387.11857634,-1914280.56516156,-2127698.21546258,-1414513.27311553,-1378830.88576891,-1466411.02975565,-1512350.5368349,-2584814.58336216,-3292291.65646483,-3362377.21828944,-2725466.26175689,-3358325.03138945,-3398075.82945902,-2783476.10083448,-3381297.613149,-3405462.16616435,-3359497.49080171,-2721114.97053737,-3331040.68445832,-3372520.84717921,-2949115.17272897,-2778011.22547031,-1842424.49896204,-2802979.21236028,278272.955417268,-3476351.00554353,-2679808.2424793,-2737899.74583911,-2560360.22043691,-1015104.25568618,-917108.961278983,-1546414.39747805,-946221.941503634,602807.191632569,-1564018.20704892,-922147.462871634,-1023218.09720142,-965908.928757791,-841504.164342198,-906691.840173292,258092.418360664,669243.48997237,1132551.83919519,582964.001332316,2199873.64407882,140081.175127672,839920.889977264,731103.78138002,716672.566106675,629743.740317812,618906.704669995,2140330.98368605,48238.777996134,591292.915008887,538505.321575911,672883.963740342,716127.066541136,1774955.80337747,560509.679936382,481205.047294715,581056.242093852,525494.865585373,563964.111361739,354874.243771578,784527.575842152,670209.988571936,503439.996117412,616636.008036091,556692.877085775,287895.175849594,468991.503780913,725102.676955985,695325.132208226,300382.617835745,403324.573419773,-43668.5958919674,770011.291903677,2037518.46267625,1693086.98644318,1846172.40106876,1934127.0290751,2092237.1101515,1853104.71596328,2032261.62934214,1901245.57460575,1770479.12574828,1676546.87551428,3244754.05606531,1244868.95164466,1772151.20214392,1797887.95420562,1938676.21726806,1832794.21643216,1629403.75807765,1817266.68084399,2970398.29764286,1943002.91420153,1686154.81370484,1232463.14450226,1860762.77055918,1839192.25264215,1869790.77189251,1866157.96240074,1799993.21313169,,,,,,,,,,,,,,,,,,,,,,,,,,,,,,,,,,,,,,,,,,,,,,,,,,,,,,,,,,,,,,,,,,,,,,,,,,,,,,,,,,,,,,,,,,,,,,,,,,,,,,,,,,,,,,,,,,,,,,,,,,,,,,,,,,,,,,,,,,,,,,,,,,,,,,,,,,,,,,,,,,,,,,,,,,,,,,,,,,,,,,,,,,,,,,,,,,,,,,,,,,,,,,,,,,,,,,,,,,,,,,,,,,,,,,,,,,,,,,,,,,,,,,,,,,,,,,,,,,,,,,,,,,,,,,,,,,,,,,,,,,,,,,,,,,,,,,,,,,,,,,,,,,,,,,,,,
-18250365.2352936,-9413552.87762874,-13546982.9875778,-11850815.8547488,-16815602.882052,-13383080.8395898,-13543816.4766741,-10405225.9914777,-12411509.5183605,-10927604.8250451,-13708854.4198474,-6436745.53488304,-11041995.1037402,-6589406.84610714,-6547005.69450621,-6955787.59740029,-9692847.42483042,-12822527.5367752,-9704279.29504632,-8919057.96958625,-8556091.15700302,-10731154.323809,-10279654.2654305,-9898181.97399688,-11146463.2861899,-13017002.3518454,-13964664.9960321,-13224020.0609746,-11464337.5815009,-10418556.8823685,-12359819.8701631,-10846140.9251605,-14372735.4863826,-15073216.115364,-13689664.4502258,-13286794.5456501,-13190386.3289661,-13887878.2748026,-13800623.2514242,-16676032.4199864,-11937320.7495142,-12780832.4499858,-11742715.9217871,-11620848.889086,-12639194.6702194,-14930674.2057375,-11047149.7168226,-14277982.4960852,-10869237.0197987,-7915843.78831692,-10929489.0463366,-10853101.4494468,-14397278.2539069,-11676071.0515628,-7425788.81646802,-10789400.9323198,-10735769.6362172,-10834389.328877,-10994838.8258028,-10343270.806604,-11086491.9912836,-10743611.5248272,-10951811.0268024,-8789949.1124992,-8115018.01840183,-7910065.53113255,-7592396.80409018,-7927007.03633682,-7874696.33782898,-7884495.45389237,-7371124.66883134,-7319190.42319631,-7897024.70019574,-7955911.53954139,-8052077.56839609,-7695841.5403514,-7962001.36606411,-7947663.54326096,-7960109.34493525,-7243156.02550496,-7913388.19790084,-7423779.12779115,-7743158.84788449,-8064675.71820147,-8944428.50324667,-8692682.86108544,-8762052.20168628,-8736547.72401168,-8694621.52219723,-8879355.90257456,-9278768.28001246,-8815751.60662753,-9919642.23618735,-8659623.43278054,-9278384.26168018,-10786816.5208255,-11203575.5469907,-11581565.0523038,-11575424.2786485,-12065498.8910592,-13325774.4237261,-11992147.0322632,-13208075.9709129,-10345244.5624481,-11099707.4147774,-8859130.53050674,-8173870.83130071,-7148522.63789044,-6144845.91683033,-8127627.01291627,-6157961.2452241,-6962866.07440296,-6951024.31829348,-6346532.53955772,-6333921.54645486,-6561174.05172662,-6894246.09248256,-9135345.78204214,-9988439.18457748,-10086860.0501475,-9957614.10056095,-9973056.03708085,-10793686.8635846,-10879895.5482289,-11064396.5173488,-9311274.31941947,-11906704.6235538,-11459010.5242709,-10318937.9209492,-8722328.4305597,-8280473.70157281,-8708740.80172222,-9682572.44595941,-8296811.36944337,-11097517.5414721,-11588089.2305059,-11646090.3821337,-11639920.1832732,-11741944.31263,-8801006.47739326,-8874254.15792422,-7952694.87054285,-7887968.28579014,-9637458.26409647,-7976008.30017311,-9718784.61449562,-7249716.79032693,-7928310.51700975,-7959256.07039449,-7936259.15795036,-7927236.22720577,-7874153.26152929,-7899045.4630286,-7755130.80712345,-7957376.68228056,-7926957.75739161,-7957860.94790934,-7976214.1283217,-7962920.72762127,-8017636.58718787,-8018071.05301039,-8016017.3057268,-8025071.67971926,-8011575.68907171,-8841450.45751795,-8384785.40507785,-8016557.01090553,-7974833.72642136,-8016440.99379867,-7980651.96220621,-7903502.59993777,-7924142.60381546,-7943908.28847089,-8659499.49726219,-8072737.18874819,-7239572.67078385,-7968512.11310463,-8007252.45459558,-7986730.15087033,-8024233.3211294,-8004959.56305073,-7984596.36172324,-7992970.22860776,-8057776.3865903,-8011756.86188362,-8036376.94147908,-7995365.39564672,-8096790.79144949,-8047709.91852622,-8051196.36092202,-8030344.26921205,-8174377.13538249,-8104747.02035225,-9010301.12892147,-8140862.81074862,-8081133.44314727,-8080853.70427619,-8068511.79756399,-8073374.56967915,-7317110.56760579,-6836229.52372022,-8688019.2534013,-7389592.35994237,-8082971.30184488,-8123689.44234433,-8042310.85040894,-7734981.51885989,-7697587.1193109,-7994876.7749277,-8588666.10487597,-9391926.5992638,-8212272.68063785,-8028004.92602366,-8034606.42094323,-8222300.05785666,-8276402.23172251,-8072890.33713617,-8058535.77452111,-8057946.33189429,-8735063.81458592,-8020800.37987467,-8025876.94703543,-8013384.77904932,-7984629.60746479,-8041050.3018156,-8007118.6138055,-8459032.50594041,-8095074.63995424,-8047970.11675647,-9067281.48270415,-11646749.0422216,-12555498.5398686,-10843354.6655372,-13342492.5727822,-8048161.50523303,-8493541.64122191,-8060363.33446813,-8034946.09585369,-8067204.3606064,-8047781.0652793,-8025359.76698637,-8070821.76272604,-8033928.41605653,-8026145.04459115,-8058115.69482683,-8038313.58434152,-8045565.60792897,-8026751.79058955,-8002697.90788657,-7964035.99742295,-7962626.65522647,-7976480.03483087,-8052493.04807463,-8065920.07597943,-8044431.21778741,-8056407.51836823,-8059937.40922776,-7485838.75300594,-8046762.91513901,-8036757.63918787,-8024979.11730183,-8114451.45766416,-8029280.62390591,-9165514.55979027,-8484923.38281311,-7676784.59814464,-8038205.25538676,-8041911.30685742,-8020297.85528821,-7367981.1201065,-7473483.50564228,-7774476.86219604,-8026294.21134495,-8025049.02353465,-8025235.65953196,-8071578.70238322,-8084355.26367771,-12717449.7075119,-8295821.15320476,-11094503.3044056,-11113680.4393392,-11117913.1828487,-10759798.3442785,-11305751.7619905,-11721466.5977055,-11614132.7432043,-14484539.7783101,-7816975.70384792,-11095236.2649497,-11124057.0096404,-11114785.5031954,-11127562.2881022,-11160352.2718285,-11154758.9901725,-16580415.056463,-11270921.4657973,-13543437.8275206,-13641135.1894198,-13467903.410323,-13704341.6307326,-13721453.7008372,-13686047.2931695,-13636048.9120859,-14254381.1725721,-13651394.8966655,-13622786.8047347,-13615715.4821249,-13586151.8571927,-13545505.0530362,-13635425.05795,-13562022.7063949,-13600256.7720552,-13603429.816193,-13640108.5712854,-13677473.235372,-13711280.978811,-14167437.5715284,-13729612.9390687,-13750895.5047754,-13666740.8649121,-13729538.8300392,-16731558.6062885,-11494097.6542876,-16816479.7732524,-11601313.6958068,-13809436.4828472,-13779750.1140073,-13757214.7150501,-13748081.9063918,-14200505.0859484,-13889415.8502332,-14457093.9329509,-13711925.9312686,-16667291.0055765,-11416003.1159631,-13676447.1055569,-16689090.3088079,-14815880.337489,-12386342.2976784,-13599636.2356644,-13600053.285054,-13652842.9239719,-13607488.0784381,-13634877.8958919,-13631546.3435374,-13607208.2247593,-13603244.3498209,-13689234.382499,-13796157.2232948,-13755455.0635601,-14422571.4953623,-17599017.7455813,-13542086.9475146,-12950479.3652531,-12803615.2341196,-13748096.0706594,-16706668.8831365,-11515224.1399116,-13647269.8374506,-13715065.8752889,-13915513.126493,-13724160.5571178,-13787877.0339858,-13397471.7481464,-13756737.6173786,-13742426.6722497,-12425220.8050991,-11456825.9929738,-15923401.9320774,-14923284.5888585,-15490205.4676192,-16024683.3086336,-15412462.8435901,-16005426.8459944,-13397210.6833561,-13658507.6334009,-13938794.1583615,-13737482.3128766,-13689294.6415797,-13595625.9209477,-13773670.6444159,-11318761.7999672,-12061129.83596,-13338055.6336625,-11566391.5741331,-11428813.7590395,-13251599.2766076,-13481860.7216233,-16948839.0330232,-11432817.9411939,-12512160.7425919,-11462441.5941369,-11482080.1851757,-14830820.2591804,-8797564.59191499,-11707829.645307,-12565094.1283015,-11577667.8418859,-11298227.8756033,-12128562.3375454,-11096141.1999605,-12937468.2228974,-10609317.2257719,-11684476.1180311,-10227467.1916073,-11096262.2389424,-8625642.08465419,-8644157.39417492,-8984835.92856399,-14209820.5509416,-8809924.61453009,-11182925.2122226,-13553558.1398146,-11824644.3052276,-11493562.1800546,-9492004.58517851,-11589983.3376777,-10856724.0681342,-11279507.5103521,-11487978.1953887,-11583647.3129796,-11272732.1934245,-12204994.9260258,-13443668.9485727,-11524623.6712187,-9668590.16234862,-8977001.80211223,-8515249.64223572,-9658497.6149558,-8915020.78325377,-8716468.42419385,-8792265.16218552,-8964765.25150827,-9011531.6651834,-8918032.00995197,-11635449.0224603,-10774819.6523563,-11602171.8372639,-11736937.1081481,-10303377.887896,-9834127.39441971,-8957580.85997777,-8935099.23223209,-8991870.43647809,-8796491.36592874,-8541289.62949854,-9043277.24509251,-7961461.73810488,-8673015.05145695,-8326760.95741072,-8884228.14633324,-8410869.14905518,-8417130.92184251,-9175702.08723684,-8382839.95508281,-8371884.94027869,-7779423.34489354,-8244064.55375529,-8174709.0394603,-9436111.97838854,-8622711.31595498,-11448384.6919267,-11345810.2869129,-11417488.1957056,-10779630.6523023,-8936049.23259711,-8956152.98491912,-10268236.9998666,-9015099.37054224,-9022977.58970786,-9415539.15287412,-8390693.51870894,-8829360.92387983,-10251602.3334681,-12914177.9294854,-14668068.817056,-14088336.5843458,-14166900.7973615,-19725169.4077669,-12493876.9467722,-11523326.4800116,-12612514.0415118,-13044214.2962451,-10842378.3231833,-9898099.30074759,-8949607.77116552,-11578395.1772408,-12200613.2322149,-11637220.2414575,-11758353.9635721,-12671078.7325834,-11362820.8472024,-13519463.6945006,-12602128.8827647,-11394313.8588786,-15385375.9110505,-12867681.451701,-13007505.7327306,-14115879.1891173,-10340170.5223062,-12338008.9165088,-11940996.2389983,-16024615.1679397,-20800765.6970482,-14418552.898427,-12946760.5480824,-13390851.2953423,-12125505.3659767,-12498739.4191277,-11853739.1188016,-12251420.2804978,-13670226.047112,-14060175.8743201,-12827729.2548656,-14069350.4496954,-15589901.462898,-12619084.8743732,-17134514.8572867,-12187065.6105036,-17655965.6478499,-15877203.5284896,-13842472.6808743,-12851613.8935609,-12045256.1956932,-14055136.7208236,-14248154.8875401,-14001984.2711559,-12611582.9398885,-14030631.1405314,-13988605.6383792,-11910611.102115,-12486251.1359011,-14082237.3558672,-13995761.6107294,-14004918.8958765,-17229729.1885322,-12356342.1636488,-17167943.2786566,-14801148.1637716,-18152058.4693653,-14097125.006273,-15843617.0688051,-16237486.5283847,-15752720.3978107,-15823684.6687706,-15630351.9774159,-15909380.8202134,-14381804.2242025,-13955482.4281513,-13817772.1206297,-17450132.8644096,-11817439.0903087,-13862357.4772384,-13890050.2367312,-17109771.8245646,-14014869.191098,-12533695.6684542,-13848407.898096,-13466331.1457415,-14376346.2409819,-13929760.4901649,-14013663.6196981,-14227609.5227886,-13897146.0979363,-13982916.9936539,-13518561.8714308,-13759240.0771141,-14118957.3765092,-13783986.7958569,-13906210.737501,-14219963.1117614,-12740277.5238791,-14736525.5124489,-9531027.01623942,-12718207.6133487,-13975928.3921165,-14076501.768417,-11906485.3793348,-13180810.6610643,-12121315.7177284,-13892437.3797704,-13905234.9117758,-14024855.1890695,-14056600.320148,-12707032.2311258,-12164064.2421562,-11785409.9010988,-11959907.2798214,-12457499.6600541,-12121417.1964541,-10343174.7608308,-15861429.516713,-8969482.24056484,-11886048.990214,-12499111.9906078,-11253557.1186861,-11734658.0695505,-12234893.4050305,-11623643.1684755,-11542781.6759255,-11841221.1311021,-12685294.7034928,-12297474.3862751,-11915616.2201328,-11722862.2823838,-11805429.5188586,-13033526.0331327,-12538687.2814237,-11524095.0348384,-9068359.18453742,-9126174.12688447,-9069501.91423109,-9429927.37024435,-9461052.4631651,-8853523.61663784,-9875118.74353517,-9276521.78171056,-9898001.33824311,-9196810.76861055,-9835130.97054098,-9070528.69916552,-9276478.586851,-9955395.23383565,-10132582.5091983,-9958603.22946263,-9241370.51554168,-9286536.95282079,-12607506.827271,-12099574.7745297,-11824860.901038,-12292331.1876397,-15363301.7554173,-10288893.5944565,-12152318.5575207,-12145055.2541609,-12078341.3795631,-12023238.1443138,-12186382.838721,-9554006.20252195,-12064779.8584964,-15540402.7916326,-9616494.39295108,-12143141.3371284,-12085988.3027986,-12115823.6712422,-12039369.6356578,-12125194.7598267,-11799124.2183607,-11706389.6899724,-11504788.4391952,-11838901.4013323,-15129540.6440788,-9106985.17512767,-11702629.0899773,-11752718.98138,-11782218.3661067,-11862015.7403178,-11814842.50467,-15168779.5836861,-9210235.57799613,-11893969.5150089,-12523736.9215759,-11659372.1637403,-13850652.8665411,-16841428.6033775,-13843528.8799364,-13801485.2472947,-11840576.6420939,-12837949.0655854,-11916540.5113617,-11802162.4437716,-11667156.9758422,-11791168.3885719,-12652101.3961174,-14078142.2080361,-13958449.8770858,-12890124.1758496,-12820838.5037809,-13896150.276956,-13973983.3322082,-12670907.0178357,-11989627.1734198,-10198784.004108,-10174468.6919037,-11020541.0626762,-11557681.5864432,-11475281.6010688,-10965636.0290751,-11181969.7101515,-11390291.1159633,-11085217.4293421,-11427363.9746057,-11686849.9257483,-11609195.6755143,-14541309.6560653,-9952879.75164466,-11427235.2021439,-11402265.5542056,-11183980.2172681,-11542141.2164322,-11451876.7580776,-11492042.680844,-14589113.8976429,-11658595.7142015,-12529665.2137048,-8567937.14450226,-11494255.7705592,-11526969.0526422,-11451931.7718925,-11435835.1624007,-12498132.4131317,,,,,,,,,,,,,,,,,,,,,,,,,,,,,,,,,,,,,,,,,,,,,,,,,,,,,,,,,,,,,,,,,,,,,,,,,,,,,,,,,,,,,,,,,,,,,,,,,,,,,,,,,,,,,,,,,,,,,,,,,,,,,,,,,,,,,,,,,,,,,,,,,,,,,,,,,,,,,,,,,,,,,,,,,,,,,,,,,,,,,,,,,,,,,,,,,,,,,,,,,,,,,,,,,,,,,,,,,,,,,,,,,,,,,,,,,,,,,,,,,,,,,,,,,,,,,,,,,,,,,,,,,,,,,,,,,,,,,,,,,,,,,,,,,,,,,,,,,,,,,,,,,,,,,,,,,
,,,,,,,,,,,,,,,,,,,,,,,,,,,,,,,,,,,,,,,,,,,,,,,,,,,,,,,,,,,,,,,,,,,,,,,,,,,,,,,,,,,,,,,,,,,,,,,,,,,,,,,,,,,,,,,,,,,,,,,,,,,,,,,,,,,,,,,,,,,,,,,,,,,,,,,,,,,,,,,,,,,,,,,,,,,,,,,,,,,,,,,,,,,,,,,,,,,,,,,,,,,,,,,,,,,,,,,,,,,,,,,,,,,,,,,,,,,,,,,,,,,,,,,,,,,,,,,,,,,,,,,,,,,,,,,,,,,,,,,,,,,,,,,,,,,,,,,,,,,,,,,,,,,,,,,,,,,,,,,,,,,,,,,,,,,,,,,,,,,,,,,,,,,,,,,,,,,,,,,,,,,,,,,,,,,,,,,,,,,,,,,,,,,,,,,,,,,,,,,,,,,,,,,,,,,,,,,,,,,,,,,,,,,,,,,,,,,,,,,,,,,,,,,,,,,,,,,,,,,,,,,,,,,,,,,,,,,,,,,,,,,,,,,,,,,,,,,,,,,,,,,,,,,,,,,,,,,,,,,,,,,,,,,,,,,,,,,,,,,,,,,,,,,,,,,,,,,,,,,,,,,,,,,,,,,,,,,,,,,,,,,,,,,,,,,,,,,,,,,,,,,,,,,,,,,,,,,,,,,,,,,,,,,,,,,,,,,,,,,,,,,,,,,,,,,,,,,,,,,,,,,,,,,,,,,,,,,,,,,,,,,,,,,,,,,,,,,,,,,,,,,,,,,,,,,,,,,,,,,,,,,,,,,,,,,,,,,,,,,,,,,,,,,,,,,,,,,,,,,,,,,,,,,,,,,,,,,,,,,,,,,,,,,,,,,,,,,,,,,,,,,,,,,,,,,,,,,,,,,,,,,,,,,,,,,,,,,,,,,,,,,,,,,,,,,,,,,,,,,,,,,,,,,,,,,,,,,,,,,,,,,,,,,,,,,,,,,,,,,,,,,,,,,,,,,,,,,,,,,,,,,,,,,,,,,,,,,,,,,,,,,,,,,,,,,,,,,,,,,,,,,,,,,,,,,,,,,,,,,,,,,,,,,,,,,,,,,,,,,,,,,,,,,,,,,,,,,,,,,,,,,
,,,,,,,,,,,,,,,,,,,,,,,,,,,,,,,,,,,,,,,,,,,,,,,,,,,,,,,,,,,,,,,,,,,,,,,,,,,,,,,,,,,,,,,,,,,,,,,,,,,,,,,,,,,,,,,,,,,,,,,,,,,,,,,,,,,,,,,,,,,,,,,,,,,,,,,,,,,,,,,,,,,,,,,,,,,,,,,,,,,,,,,,,,,,,,,,,,,,,,,,,,,,,,,,,,,,,,,,,,,,,,,,,,,,,,,,,,,,,,,,,,,,,,,,,,,,,,,,,,,,,,,,,,,,,,,,,,,,,,,,,,,,,,,,,,,,,,,,,,,,,,,,,,,,,,,,,,,,,,,,,,,,,,,,,,,,,,,,,,,,,,,,,,,,,,,,,,,,,,,,,,,,,,,,,,,,,,,,,,,,,,,,,,,,,,,,,,,,,,,,,,,,,,,,,,,,,,,,,,,,,,,,,,,,,,,,,,,,,,,,,,,,,,,,,,,,,,,,,,,,,,,,,,,,,,,,,,,,,,,,,,,,,,,,,,,,,,,,,,,,,,,,,,,,,,,,,,,,,,,,,,,,,,,,,,,,,,,,,,,,,,,,,,,,,,,,,,,,,,,,,,,,,,,,,,,,,,,,,,,,,,,,,,,,,,,,,,,,,,,,,,,,,,,,,,,,,,,,,,,,,,,,,,,,,,,,,,,,,,,,,,,,,,,,,,,,,,,,,,,,,,,,,,,,,,,,,,,,,,,,,,,,,,,,,,,,,,,,,,,,,,,,,,,,,,,,,,,,,,,,,,,,,,,,,,,,,,,,,,,,,,,,,,,,,,,,,,,,,,,,,,,,,,,,,,,,,,,,,,,,,,,,,,,,,,,,,,,,,,,,,,,,,,,,,,,,,,,,,,,,,,,,,,,,,,,,,,,,,,,,,,,,,,,,,,,,,,,,,,,,,,,,,,,,,,,,,,,,,,,,,,,,,,,,,,,,,,,,,,,,,,,,,,,,,,,,,,,,,,,,,,,,,,,,,,,,,,,,,,,,,,,,,,,,,,,,,,,,,,,,,,,,,,,,,,,,,,,,,,,,,,,,,,,,,,,,,,,,,,,,,,,,,,,,,,,,,,,,,,,,,,,
-5349258.20618847,,,,,,,,,,,,,,,,,,,,,,,,,,,,,,,,,,,,,,,,,,,,,,,,,,,,,,,,,,,,,,,,,,,,,,,,,,,,,,,,,,,,,,,,,,,,,,,,,,,,,,,,,,,,,,,,,,,,,,,,,,,,,,,,,,,,,,,,,,,,,,,,,,,,,,,,,,,,,,,,,,,,,,,,,,,,,,,,,,,,,,,,,,,,,,,,,,,,,,,,,,,,,,,,,,,,,,,,,,,,,,,,,,,,,,,,,,,,,,,,,,,,,,,,,,,,,,,,,,,,,,,,,,,,,,,,,,,,,,,,,,,,,,,,,,,,,,,,,,,,,,,,,,,,,,,,,,,,,,,,,,,,,,,,,,,,,,,,,,,,,,,,,,,,,,,,,,,,,,,,,,,,,,,,,,,,,,,,,,,,,,,,,,,,,,,,,,,,,,,,,,,,,,,,,,,,,,,,,,,,,,,,,,,,,,,,,,,,,,,,,,,,,,,,,,,,,,,,,,,,,,,,,,,,,,,,,,,,,,,,,,,,,,,,,,,,,,,,,,,,,,,,,,,,,,,,,,,,,,,,,,,,,,,,,,,,,,,,,,,,,,,,,,,,,,,,,,,,,,,,,,,,,,,,,,,,,,,,,,,,,,,,,,,,,,,,,,,,,,,,,,,,,,,,,,,,,,,,,,,,,,,,,,,,,,,,,,,,,,,,,,,,,,,,,,,,,,,,,,,,,,,,,,,,,,,,,,,,,,,,,,,,,,,,,,,,,,,,,,,,,,,,,,,,,,,,,,,,,,,,,,,,,,,,,,,,,,,,,,,,,,,,,,,,,,,,,,,,,,,,,,,,,,,,,,,,,,,,,,,,,,,,,,,,,,,,,,,,,,,,,,,,,,,,,,,,,,,,,,,,,,,,,,,,,,,,,,,,,,,,,,,,,,,,,,,,,,,,,,,,,,,,,,,,,,,,,,,,,,,,,,,,,,,,,,,,,,,,,,,,,,,,,,,,,,,,,,,,,,,,,,,,,,,,,,,,,,,,,,,,,,,,,,,,,,,,,,,,,,,,,,,,,,,,,,,,,,,,,,,,,,,,,,,,,,,,,,,,,,,,,,,,,,,,,,,,,,,,,,,,,,,
443226.238336134,,,,,,,,,,,,,,,,,,,,,,,,,,,,,,,,,,,,,,,,,,,,,,,,,,,,,,,,,,,,,,,,,,,,,,,,,,,,,,,,,,,,,,,,,,,,,,,,,,,,,,,,,,,,,,,,,,,,,,,,,,,,,,,,,,,,,,,,,,,,,,,,,,,,,,,,,,,,,,,,,,,,,,,,,,,,,,,,,,,,,,,,,,,,,,,,,,,,,,,,,,,,,,,,,,,,,,,,,,,,,,,,,,,,,,,,,,,,,,,,,,,,,,,,,,,,,,,,,,,,,,,,,,,,,,,,,,,,,,,,,,,,,,,,,,,,,,,,,,,,,,,,,,,,,,,,,,,,,,,,,,,,,,,,,,,,,,,,,,,,,,,,,,,,,,,,,,,,,,,,,,,,,,,,,,,,,,,,,,,,,,,,,,,,,,,,,,,,,,,,,,,,,,,,,,,,,,,,,,,,,,,,,,,,,,,,,,,,,,,,,,,,,,,,,,,,,,,,,,,,,,,,,,,,,,,,,,,,,,,,,,,,,,,,,,,,,,,,,,,,,,,,,,,,,,,,,,,,,,,,,,,,,,,,,,,,,,,,,,,,,,,,,,,,,,,,,,,,,,,,,,,,,,,,,,,,,,,,,,,,,,,,,,,,,,,,,,,,,,,,,,,,,,,,,,,,,,,,,,,,,,,,,,,,,,,,,,,,,,,,,,,,,,,,,,,,,,,,,,,,,,,,,,,,,,,,,,,,,,,,,,,,,,,,,,,,,,,,,,,,,,,,,,,,,,,,,,,,,,,,,,,,,,,,,,,,,,,,,,,,,,,,,,,,,,,,,,,,,,,,,,,,,,,,,,,,,,,,,,,,,,,,,,,,,,,,,,,,,,,,,,,,,,,,,,,,,,,,,,,,,,,,,,,,,,,,,,,,,,,,,,,,,,,,,,,,,,,,,,,,,,,,,,,,,,,,,,,,,,,,,,,,,,,,,,,,,,,,,,,,,,,,,,,,,,,,,,,,,,,,,,,,,,,,,,,,,,,,,,,,,,,,,,,,,,,,,,,,,,,,,,,,,,,,,,,,,,,,,,,,,,,,,,,,,,,,,,,,,,,,,,,,,,,,,,,,,,,,,,,,,,,
-11141742.6507131,,,,,,,,,,,,,,,,,,,,,,,,,,,,,,,,,,,,,,,,,,,,,,,,,,,,,,,,,,,,,,,,,,,,,,,,,,,,,,,,,,,,,,,,,,,,,,,,,,,,,,,,,,,,,,,,,,,,,,,,,,,,,,,,,,,,,,,,,,,,,,,,,,,,,,,,,,,,,,,,,,,,,,,,,,,,,,,,,,,,,,,,,,,,,,,,,,,,,,,,,,,,,,,,,,,,,,,,,,,,,,,,,,,,,,,,,,,,,,,,,,,,,,,,,,,,,,,,,,,,,,,,,,,,,,,,,,,,,,,,,,,,,,,,,,,,,,,,,,,,,,,,,,,,,,,,,,,,,,,,,,,,,,,,,,,,,,,,,,,,,,,,,,,,,,,,,,,,,,,,,,,,,,,,,,,,,,,,,,,,,,,,,,,,,,,,,,,,,,,,,,,,,,,,,,,,,,,,,,,,,,,,,,,,,,,,,,,,,,,,,,,,,,,,,,,,,,,,,,,,,,,,,,,,,,,,,,,,,,,,,,,,,,,,,,,,,,,,,,,,,,,,,,,,,,,,,,,,,,,,,,,,,,,,,,,,,,,,,,,,,,,,,,,,,,,,,,,,,,,,,,,,,,,,,,,,,,,,,,,,,,,,,,,,,,,,,,,,,,,,,,,,,,,,,,,,,,,,,,,,,,,,,,,,,,,,,,,,,,,,,,,,,,,,,,,,,,,,,,,,,,,,,,,,,,,,,,,,,,,,,,,,,,,,,,,,,,,,,,,,,,,,,,,,,,,,,,,,,,,,,,,,,,,,,,,,,,,,,,,,,,,,,,,,,,,,,,,,,,,,,,,,,,,,,,,,,,,,,,,,,,,,,,,,,,,,,,,,,,,,,,,,,,,,,,,,,,,,,,,,,,,,,,,,,,,,,,,,,,,,,,,,,,,,,,,,,,,,,,,,,,,,,,,,,,,,,,,,,,,,,,,,,,,,,,,,,,,,,,,,,,,,,,,,,,,,,,,,,,,,,,,,,,,,,,,,,,,,,,,,,,,,,,,,,,,,,,,,,,,,,,,,,,,,,,,,,,,,,,,,,,,,,,,,,,,,,,,,,,,,,,,,,,,,,,,,,,,,,,,,,,,
,,,,,,,,,,,,,,,,,,,,,,,,,,,,,,,,,,,,,,,,,,,,,,,,,,,,,,,,,,,,,,,,,,,,,,,,,,,,,,,,,,,,,,,,,,,,,,,,,,,,,,,,,,,,,,,,,,,,,,,,,,,,,,,,,,,,,,,,,,,,,,,,,,,,,,,,,,,,,,,,,,,,,,,,,,,,,,,,,,,,,,,,,,,,,,,,,,,,,,,,,,,,,,,,,,,,,,,,,,,,,,,,,,,,,,,,,,,,,,,,,,,,,,,,,,,,,,,,,,,,,,,,,,,,,,,,,,,,,,,,,,,,,,,,,,,,,,,,,,,,,,,,,,,,,,,,,,,,,,,,,,,,,,,,,,,,,,,,,,,,,,,,,,,,,,,,,,,,,,,,,,,,,,,,,,,,,,,,,,,,,,,,,,,,,,,,,,,,,,,,,,,,,,,,,,,,,,,,,,,,,,,,,,,,,,,,,,,,,,,,,,,,,,,,,,,,,,,,,,,,,,,,,,,,,,,,,,,,,,,,,,,,,,,,,,,,,,,,,,,,,,,,,,,,,,,,,,,,,,,,,,,,,,,,,,,,,,,,,,,,,,,,,,,,,,,,,,,,,,,,,,,,,,,,,,,,,,,,,,,,,,,,,,,,,,,,,,,,,,,,,,,,,,,,,,,,,,,,,,,,,,,,,,,,,,,,,,,,,,,,,,,,,,,,,,,,,,,,,,,,,,,,,,,,,,,,,,,,,,,,,,,,,,,,,,,,,,,,,,,,,,,,,,,,,,,,,,,,,,,,,,,,,,,,,,,,,,,,,,,,,,,,,,,,,,,,,,,,,,,,,,,,,,,,,,,,,,,,,,,,,,,,,,,,,,,,,,,,,,,,,,,,,,,,,,,,,,,,,,,,,,,,,,,,,,,,,,,,,,,,,,,,,,,,,,,,,,,,,,,,,,,,,,,,,,,,,,,,,,,,,,,,,,,,,,,,,,,,,,,,,,,,,,,,,,,,,,,,,,,,,,,,,,,,,,,,,,,,,,,,,,,,,,,,,,,,,,,,,,,,,,,,,,,,,,,,,,,,,,,,,,,,,,,,,,,,,,,,,,,,,,,,,,,,,,,,,,,,,,,,,,,
256,,,,,,,,,,,,,,,,,,,,,,,,,,,,,,,,,,,,,,,,,,,,,,,,,,,,,,,,,,,,,,,,,,,,,,,,,,,,,,,,,,,,,,,,,,,,,,,,,,,,,,,,,,,,,,,,,,,,,,,,,,,,,,,,,,,,,,,,,,,,,,,,,,,,,,,,,,,,,,,,,,,,,,,,,,,,,,,,,,,,,,,,,,,,,,,,,,,,,,,,,,,,,,,,,,,,,,,,,,,,,,,,,,,,,,,,,,,,,,,,,,,,,,,,,,,,,,,,,,,,,,,,,,,,,,,,,,,,,,,,,,,,,,,,,,,,,,,,,,,,,,,,,,,,,,,,,,,,,,,,,,,,,,,,,,,,,,,,,,,,,,,,,,,,,,,,,,,,,,,,,,,,,,,,,,,,,,,,,,,,,,,,,,,,,,,,,,,,,,,,,,,,,,,,,,,,,,,,,,,,,,,,,,,,,,,,,,,,,,,,,,,,,,,,,,,,,,,,,,,,,,,,,,,,,,,,,,,,,,,,,,,,,,,,,,,,,,,,,,,,,,,,,,,,,,,,,,,,,,,,,,,,,,,,,,,,,,,,,,,,,,,,,,,,,,,,,,,,,,,,,,,,,,,,,,,,,,,,,,,,,,,,,,,,,,,,,,,,,,,,,,,,,,,,,,,,,,,,,,,,,,,,,,,,,,,,,,,,,,,,,,,,,,,,,,,,,,,,,,,,,,,,,,,,,,,,,,,,,,,,,,,,,,,,,,,,,,,,,,,,,,,,,,,,,,,,,,,,,,,,,,,,,,,,,,,,,,,,,,,,,,,,,,,,,,,,,,,,,,,,,,,,,,,,,,,,,,,,,,,,,,,,,,,,,,,,,,,,,,,,,,,,,,,,,,,,,,,,,,,,,,,,,,,,,,,,,,,,,,,,,,,,,,,,,,,,,,,,,,,,,,,,,,,,,,,,,,,,,,,,,,,,,,,,,,,,,,,,,,,,,,,,,,,,,,,,,,,,,,,,,,,,,,,,,,,,,,,,,,,,,,,,,,,,,,,,,,,,,,,,,,,,,,,,,,,,,,,,,,,,,,,,,,,,,,,,,,,,,,,,,,,,,,,,,,,,,,,,,,,,,,,
30561728.2,30430966.9,30295243.8,30895791,30880874,30773510.8,30807715.6,31089243.4,30595082.5,30693572,31797234.2,30867722.2,31127201.4,31053955.2,30842458,32288826,31342023.2,30788320.6,30644576.3,30544656.8,30416677.2,30413599,30485779.2,30502593.3,30482402,30470777.1,30849814.8,30817774.5,30549836.2,30542134.6,30428080.7,30247643.4,30278736.9,30356751.8,30272700.4,30405049,30311373.9,30210196.6,30305107.4,30447169.2,30543782.4,30733233,30453802.6,30521703.6,30315865.7,30252635.2,30412414.1,30315845.1,30594755.5,30377357.9,30189691.1,30101289,30059974.5,30130685.5,29982286.3,29972385,29940674.6,30055116.4,29886527.8,29845659.1,30486237.2,30271211.7,31921829.9,30393273.7,30710026.1,30187019.6,29918008.8,29748933.6,29936872.8,29958724.1,29870434.7,29741131.2,30369647.7,30505165.2,29895198.5,30144279.1,30057148.2,30060212.6,30016866.9,30225050,29768771.8,30060541.2,30277519.5,29795109.3,29786304.6,30064205.2,30089370.8,29702490,29573825.4,29437315.8,29771437.4,30198807.7,30499671.7,30182818.3,30270774.2,30225479.4,30128629.6,30044729.1,29988482.2,29903683.4,29989071.6,29805409.3,29796172.7,29939164.2,29643502.6,29714117.8,29338511.4,29548075.9,29741299.6,30018759,29780398.9,29602312,30144885.2,29710240.6,29827070.3,30127541.1,29883119.5,29834839.8,29859096.1,29856484.5,29912992.6,29542002.6,29802411.4,29698286.6,29518726,29543847.5,29471370.3,29592523.1,29353789.3,29870458.3,29527701.6,29804182.7,29228343,29314862.8,29316712.1,29509892.7,29611426.1,29353194,29370691.7,29758355.8,29720135.4,29672588.8,29694297,29580081.6,29525066.6,29474285,29037155.4,29357792.4,29283446.5,29455199.2,29177763.7,29279949.8,29301083.6,29564382.4,29129733.8,28900465.3,29009446.4,29265703.7,29443724.6,30067820.3,30342178.4,30131122.9,29937501.4,29342073,29121222.3,29149052.1,29056272.2,28909438,29249900,29290289.6,28887960.3,28904232.6,28931922.2,28775104.8,28829902,28846723.7,28739682,28543561.6,28800180,28687688,28550713.2,28484350,28652028.8,28515917.3,28521838.9,28603906.2,28567782.9,28555830.3,28566026.4,28603197.6,28565573,28631645.5,28686529.9,28556680.1,28566460.2,28507658.8,28525908.6,28460800.5,28526877.2,28602244.3,28466840.2,28397171.9,28438543.7,28250055.6,28235604.8,28431127.3,28428464.4,28935377.2,28339591,29219382.6,28639801.2,28935892.4,28476298,28143874.3,28154372,28222511.7,28225447.1,28117102.4,27978966.4,28301994.5,28514702.6,28379189.3,28636097,28651545,28627358.4,28530169.9,28580672.7,28599406.2,28609135.4,28395398.7,28553780.1,28653655.4,28577299.4,28555767.8,28146175.8,27927720.8,28042410.1,28116423.7,27968772,28072828.7,27952326.1,27992229.8,28204746.8,28285832,27992335.9,27960110.3,27954235.1,27847831.5,27916064.4,27823391,27883226.6,27910007.4,27879024.5,27887188,27815592.3,27863171.2,27805447.4,27754137.2,27761476,27628346.2,27686514.5,27621926.1,27656460.8,27628908.8,27770915.6,27859267.3,27939810.2,27746626.4,27621249.1,27680547.6,27865977.8,28015843.4,28393465.5,28183890.3,28446250.8,28674613.5,28114612.3,28234941,28044047,27993786.5,27780250.4,28239398.3,27704759.9,27884469.9,27827937.7,27748981.4,27722357.1,27619944.1,27772481.7,27896357.8,27593358.5,28337686.2,27657132.3,27477531.1,27469349,27548289.9,27641558.6,27389699.7,27322602.4,27445053.9,27526490.7,27516174.8,27316495,27363689.1,27188625,27415460.9,27365900.8,27394144.1,28272012.4,28266941.2,29447912.3,27870986,27613626.1,27707269.9,27938979.9,27810478.1,27990498.3,28097220.3,28327908.5,28254801.7,28207827.5,28236745.9,28083094.9,28261972.6,28316899.6,28224749.3,28062072.7,28368241.8,28026759.1,27462980,27478301.5,27484888,27725722.6,27298909.1,27412012.1,27633341.6,27631449.2,27625581.7,27520782,27609641.6,27690196.3,27492317.6,27582776.2,27787482.9,27815693.6,27607878.6,27610177.7,27452796.7,27567161.3,27371112.8,27608272.2,27789593.8,27433446.4,27596814.6,27508734.4,27545207.1,27478918.8,27578539.9,27497659.2,27725640.8,27074210.3,27061467,26790202.4,27392139.1,27161065.8,27258194.3,27194571.6,26694290.4,26784399.4,27614147.3,27720944.9,27645450.6,27726603.9,26987580.1,26542683,26538267.1,26635390.9,26654268.8,26543192,26629974.2,26641439.7,27316413.3,27317764,27401141.8,27402378.3,27280561.9,27291245.2,27317478.2,27412367.5,26708043.5,26942173.6,26836644.9,26543967.4,26529452.7,26823798.6,26937363.6,26809417.2,26576447.9,26696997.7,26894496.1,26586508.4,26672531.3,26553583.3,26349723.8,26245682.5,26331379.2,26566974.4,26331244.7,26239477.6,26247481.2,26438830.2,26351737,26259844.9,26262461,26234461.5,26131618.6,26155896.5,26249014.1,26131942,26117573,26210420.4,26202419.6,26186298.9,26080681.1,26103786.7,26225585.5,26226211.1,26132071.7,26191774.8,26284254.1,26219104.6,26199745.2,26534051.2,26395982.9,26207641.9,26344626.2,26694154.9,26293590.9,26141112.3,26220320.4,26102490.1,26090042.1,26056442.7,25919671.9,26202438.6,25996542.7,26085442.6,26051112.9,26081009.7,26168154.1,26079202.6,26070063.4,26133070.4,26057751.9,26018499.4,26642431.1,26340355.7,26360284.1,26222574.6,26650982.1,26486497.6,26443316.5,26507060.6,26459376.6,26496764.7,26649807,26444782.9,26420604.6,26408399.4,26194209.9,25959298.4,25915583.8,25872812.7,25798633.7,26345017.5,25948498.3,26305029.9,26363081.6,26404362.9,26350136.7,26344809.5,26101337,25987181.9,26047992.3,26260782.2,25626870.9,25600344.7,25870612.7,25905856.3,25830626.3,25821662.7,25990765.2,26133654.9,25924623.9,26079566,25740754.7,25834687.5,25882188.9,25838679.7,25537656.5,25563193.2,25484503.6,25471405.5,25564896.8,25449427.9,25502985.1,25574896.6,25492703.6,25358318.8,25299595.1,25443110.1,25370887.9,25403679,25345892.8,25398914.4,25626245.4,25695626.2,25560448.1,25400288.1,25612667.8,25268666.4,25218926.7,25351305,25334021.9,25310620.8,25305202.7,25297589,25345050.2,25390600.7,25290270.9,25548252.7,25696072.8,25442336.3,25218489.3,25517170.2,25361877.9,25399385.1,25465379.2,25494949.1,25480251.9,25663691.7,25923334.1,25542830.7,25494266.2,25588885,25710064.5,25439847.9,25288933.1,25039575.9,25182736.7,25129909.6,25016032.1,25133644.9,25157508.6,25320033,25194583.7,25579099.2,25404323.3,25658973,25817320.2,25964713.8,25999745.3,25313662.2,25138995.2,25069032.1,25737527.7,25120711.4,25006265.9,24786604.4,24964517.4,24926730.9,24809146.3,25077605.6,24935413.4,24839869.8,24779294.9,24789568.6,24850735.5,24898207,24962338.4,25092037.1,24894922.2,25091412.5,25310248.5,25067792.2,25039124.4,24992124.6,24963006.6,24891387.3,24924671.3,24906643.4,24891731.7,24889996.3,24933044.5,24984789.3,24869643.2,24921143.1,25038462.8,24935829.4,24958287.6,24839505.9,24834164.2,24961936,24925593.7,25357442.1,25026624.1,25314133.8,26684038.3,25936844.1,25404076.1,24912563.1,24775306.6,24808314.7,24682888.6,24594896.8,24606507,24730955.8,24741642.9,24660486.6,24814851,24844218,25097377,24722086.4,24907713.2,25046508.8,25927330.9,25290842.8,25192618.8,24584526.6,24412702.3,24512147.5,24434290.4,24470295,24537111.6,24532159.5,24735948.1,24521315.4,24382204.2,24399647.5,24352884.8,24444630.6,24471770.3,24598467.1,24421293.2,24516032.9,24444095.4,24465483.9,24388441.3,24339477.2,24684396.1,24671958.2,24825534.1,24557376.4,24491204.7,24333278.8,24409118.2,24405777.7,24205249.9,24550227.8,24475583.2,24485156.3,24555463.3,24437324.1,24574999,24390744.3,24770038.6,24310346.9,24354526.3,24380830.6,24259418.7,24167777,24402542.2,24391024.2,24307957.4,24146201,24257140.2,24271217.8,24140807.5,24179654.2,24003057,24028654.6,24005639.4,23927024.8,23947368.8,23907442,23893127.2,23798961.2,23808060.7,23927070.6,23964345.1,23879680.2,23836038.3,23873416.3,23993204.6,24049616.9,24021652.6,23939017.6,23935772.6,23789328.3,23903017,24102095.4,23884363,23858895.9,23833086.5,23728541.8,23914879.4,23803832,23585485.6,23753301.3,23739935.1,23810962.4,23853278.2,23873639.8,23798421.8,23775598.1,23865623.6,23797264.1,23771975.7,23744211.9,23706465,23703739.3,23586908.8,23978799.7,23868556.6,24600352.8,23925968.9,24069834.1,23851305.4,23982349.3,24328626,24199080.8,24285139,24933902.1,24348314.4,24319706.7,24331785.4,24336050,24591043.5,24276791.2,24394540.5,24278939.3,24141861.3,24020632.5,24224754.2,24104009.4,24256030.7,24014742.9,23890786.4,24145418.4,24199981.9,24133670.8,23901306.2,23941597.4,23939196.5,23975477.1,23872013.3,23640142.3,23715092.9,23834796.5,23826098.8,23796296.1,23560420.8,23925456.7,23813366,23632321.8,23720442.3,23767399.7,23910177.3,24161957.6,24861372.1,24992975.5,24137729.7,23930471.9,23713247.5,24723948.9,24068845.4,23522281.3,23830264.8,25151376.6,24050232.7,23510504.9,23129908.2,23459490.1,23609432.8,23515353.5,23444867.7,23665029,23540502.4,23716237.8,23300343.1,23471922.9,23533117.9,23619195.4,23302732.9,23327442.3,23193699.5,23244672.7,23297817.9,23183950.6,23481666,23246780,23021483,23266189.1,23415979.9,23163854.2,23225545.1,23101442.3,23561845.1,23012168.2,23215258.3,23280147.6,23340203.3,23470259.2,23055338,23287281.2,23201886.2,23071749.6,23215679.4,23108811.6,23105578.1,22951538.5,23116441.7,23353019.4,23264417.5,23269557.7,22997037.8,23208314.4,23004433.5,22949214.2,22948641.1,22840995.2,22823914.6,22954449.8,23237259.3,23260995.3,23115716.2,22915633.3,22997480,22905334.2,22982614.3,22856846.7,22674973.7,22601142.3,22618723.8,22471152.5,22842616.8,22525279.9,22465684.5,22677742.9,22656863.8,22579091.1,22435241.3,22418999.2,22392979.6,22473440.8,22315076.3,22245747.7,22394915.5,22412720.6,22282055,22366134,22300843.1,22273847,22303702.4,22172682.1,22105211.9,22245223.8,22092874.3,22178226.8,22176718.5,22206720.7,22222445.6,22128743.9,22244645.5,22288823.2,22258760.8,22245910.4,22127172.5,22037243,21945132.9,22057115.4,22478067.4,22347714.7,22472824.5,22526464.4,22654031.9,22533356.1,22432482.6,22475784.5,22546293.4,22514031.6,22776076.2,22264772.5,22099354.2,22178210.2,22131547.5,22171506.7,22012989.2,22081477.1,22069897.9,22075793.9,22001356.9,22000417.6,22200975.5,21994149.7,22069892.6,21974382,21964697.6,22031236.3,22060181.8,21997104.4,24789275.1,23761099.6,22898736.8,22907194,22987878.3,22888390.2,22663895.6,22508218,22463860.4,21924096.6,21928438.6,22682316.2,21906138.8,21892641.6,21874048.7,22066198.2,22153403.8,22027305.6,22105310.7,22020284.6,21880534.8,21930362.2,21742524.3,21799930.3,21818558.7,21782644.3,21572234.4,21633067.1,21631934.8,21650872.9,21793889.8,21751443.9,21782763.6,21743455.7,21752352.9,22088156.9,21621228.6,21850222.5,21792913.5,21761392.4,21891446.7,21741635.1,21666826.8,21707277.1,21749267,21723549.6,21929348,21805373.8,21699469.1,22190768,22436178.1,22159982.4,23329556.7,23175182.3,22349066.7,22619579.2,22402075.2,22296873.3,21805228.2,22086243.9,22664422.3,23351560.9,22808630.5,21590356,21406870.6,21511343.8,21694340.2,21453536.1,21440944.6,21747492.3,22019962.5,21278161.5,21238392,21256100.9,21241280.7,21165910.7,21260819.1,21218849.1,21207832,21415602.4,21243959.7,21073060.6,21076271.8,21145060.3,21087742.2,21658371.4,21217480.6,21316562.1,21267723.2,21331354.9,21294911.3,21414259.6,21205210.3,21209483.4,21322374.8,21428893,21421446.8,21317682.1,21244794.5,21109179.9,21072152.6,21109867.2,21056803.4,21060123.5,20940183.1,20945792,20861896,20947556.8,20947691.3,20841660.1,20818622.9,20873535.2,20975378
419045.566077591,262236.027603824,300348.863037191,1811785.90784219,1919768.16349238,1686581.97705714,1402198.14928349,1681901.61244641,553385.333884938,412129.266767654,4055451.77285575,1301598.11750468,2218290.97469918,1657600.84675237,1107416.31226884,5506579.83863906,2657244.70857853,1163923.81199298,740309.071515412,602919.662448176,537054.349600113,482157.029735242,575319.678300257,564829.315969986,299893.043665756,365131.923643572,438281.323028385,1471704.28852616,572612.727058039,585225.080335421,562862.028325484,403386.869071587,383802.021495878,464569.786031909,422640.592005443,447813.32714648,491234.364462615,490487.268167573,531724.246057672,597341.496834804,529833.548054733,645123.234910802,348852.65697273,473178.014564451,573146.356461332,579788.453360706,626411.03533923,584842.571425745,942881.581328718,571901.976663532,525793.970010529,451577.278220092,502505.931074395,413836.75899542,540254.61233489,596213.382331453,413669.262649711,379370.978536606,389160.710662146,330588.419458547,2382327.28580328,2042488.95811421,6749031.64987922,2308600.56501442,2510240.1202913,1222152.32821601,407442.469061939,357981.136078487,536171.966618464,596851.861732587,508882.961686138,419706.926702378,1917718.81676028,2447817.50197226,703403.327277893,643841.053593967,973553.059071747,1843904.78825708,1765753.18747304,1839029.8353713,738022.290038993,1609323.00370627,1797491.84116951,448126.273728002,699643.348315126,1663280.13303324,1808199.48948645,851721.802776,1047462.88256892,548492.200664249,848231.411056257,1579718.12299249,1913554.12185476,1685014.67687627,1722186.82734906,1253692.70085015,1425254.64338554,953966.178135432,906512.872832887,919854.491557974,1102472.93274944,963506.613786912,987840.632745772,943537.533275916,762320.109008341,1228934.88754583,729404.413034696,956084.811616795,1154024.09477053,1594475.84811436,984770.709864704,700404.959909305,1688021.52887,746596.316315168,1069020.81511905,1881503.37606898,1115998.29397064,1094500.2889605,1231704.54984983,1361174.22099681,1648550.19428447,887556.507840512,1122369.24720444,967700.296606708,825564.699717445,1261132.62982106,877194.959521169,1148714.11302159,597091.7337739,1579763.05758962,867859.414896496,1656836.27470798,804519.687526387,884636.202988274,905417.34806349,1366188.17478926,1277914.83440751,947670.317167315,1055971.87609562,1600263.50083109,1567388.64176709,1733587.34589706,1692532.88403892,1300078.4255933,1313204.65849329,1637505.62323106,706735.081774588,1219197.8206402,935722.620334472,1365377.06305579,615973.507386127,737612.463755084,867814.940477673,2105356.25160363,832650.66891715,628676.705658631,698018.890423493,949498.307591032,1289518.7681402,2821950.79550402,3271166.39439917,3183479.17827564,3134372.67594945,1551359.14630537,633747.206422605,742429.620137746,968429.395329342,528712.448899315,1075490.07959875,1103051.23727526,510049.667563867,469091.524621132,769094.195327753,732931.580649138,733177.448749543,809713.164268551,705709.754459375,500826.747839388,591296.406878987,560303.355933195,524858.469322667,601303.054472165,535469.844611212,533114.634978476,415228.36986342,585602.711838325,611442.194504735,629913.840064223,652076.152002067,630817.473311364,835325.155189017,680398.73889609,711642.390020664,590902.904651376,362436.329529539,455258.542635525,489605.680271878,472510.313257993,520607.644722929,620206.302415584,370735.573436498,446057.823738495,386415.084679114,433784.122490849,276033.942918379,353913.079673856,323960.51727648,1924532.40066428,346762.471747833,3182703.76224727,1333942.67802413,2669916.72847589,1394866.76456985,277532.116228435,230834.615809674,311511.825551187,422347.396004877,262996.796593588,283816.361593666,994823.551861474,1401186.71823051,1098263.79378464,1837391.59997977,1927272.30364933,1677611.83660154,1614474.2915147,1827831.20228635,1433349.45895362,1675825.38713509,869004.786614109,1612275.83561481,1976693.43413193,1674735.17193437,1755945.26752103,429073.045539594,406024.970541304,357925.537143459,466256.361313066,519676.639166661,594973.183368059,437761.408580684,417669.977316169,554579.139598028,875354.480407541,493193.170869285,512029.326022999,337997.002061475,490341.833806728,606789.097065346,347654.563918458,296287.424504652,470896.119060056,449717.429902687,316522.55755317,373180.180730152,357830.062024109,461520.778928918,382421.163807886,548883.515648711,377981.094823185,405242.667462692,384901.566587398,417610.165828212,391381.856344869,391145.578112748,472146.718506499,470181.190414882,416265.943631179,477150.581039489,498050.928409758,642860.199557122,636348.001010663,1136945.51494894,694623.910305434,1647436.98536213,1703910.16976889,715754.616158056,588073.075760525,721013.671829999,456183.841598063,442425.298406208,1496854.29646316,368917.111739646,531093.914212386,535995.615050275,479025.729090295,679747.016717976,431725.164101075,506867.265168012,1032777.04654046,467970.221660465,2506632.59696912,695831.145149142,363047.162114251,384897.354819005,339467.749639033,397223.769410252,313938.7060438,310406.568445035,421298.685142197,430101.279030378,287685.107684619,262722.327129276,218414.015513072,303656.867053002,338903.039706525,422770.437071888,466488.078646878,3129727.89198615,2651876.23479955,6293447.86971528,1781409.54501179,655595.195079242,531215.35589971,1134711.6222824,918810.591174439,824823.738713921,824530.001257558,2037509.6665668,1972601.0007409,1952359.16068542,1913313.37752035,1588988.09749674,1890113.58308719,1792492.06677514,1999347.96443591,2033663.81850273,2155157.41050639,1729182.72660812,799535.780529205,792303.029279447,1195151.46495162,1567992.33533935,922716.234374897,1047946.74658087,1980449.85650103,1760914.51717104,1586521.29097287,1469124.97983437,1944933.91769485,2003116.65667663,1889180.45122577,1942149.7236056,2292188.66471266,2200141.06298362,2018374.07327395,1929810.91709876,1985114.64264018,1927968.45767698,1443020.45007006,1695764.08776508,2096758.78709846,1414602.09322647,1824911.60077006,2024683.15213342,1831278.9534451,1713384.47471999,1824498.15408551,1564011.6248294,1669280.2205586,634721.419127417,679449.047034107,600143.169310865,1918223.53500625,1050896.02650435,1841070.39642052,1810338.13185237,498568.105567044,473529.473332665,2866748.79469994,2918378.73673496,3042492.1167608,2917451.79339214,1323134.87544715,439135.609575853,308689.114240795,328488.454226138,389418.942396603,391714.797106262,618078.445161885,560373.733187464,2776223.71939147,2904308.2003177,3031345.62605497,3037406.73077263,2970226.46954005,2744048.04992866,2730967.28365459,2972554.90062147,1116292.59994205,1172305.76310574,862928.25558398,681509.660704853,648219.582964506,1192660.55858518,1518534.33144618,1445700.83947481,801709.624327003,920786.569313197,1716181.25579837,1042016.4337075,829568.373472622,596884.481708154,379437.900994147,340617.130425954,397989.475063461,613342.355884397,481979.495423255,306676.842134156,258980.547087486,480534.258984911,410159.42677262,245513.682138966,258783.332090337,261731.694801821,294754.235135043,308482.997654382,304208.607556814,381222.453880204,229056.968205146,336985.254144319,237651.72102479,311263.319925054,326334.73105334,213608.458899325,355848.882386033,337098.770527588,300435.08229309,327583.164393682,226769.195901153,418735.930035519,443389.625129913,809916.463638593,587339.730749769,496566.383185001,647871.405364058,1682565.34418108,586542.611964847,462914.457262306,546539.995280248,355346.694761437,410652.673845875,367532.061452255,384044.110172965,452296.041750238,242877.28957784,409356.050474183,360589.704897547,403883.152415275,410838.096539649,479447.611415749,643651.897435286,559161.906051309,342311.416526742,519028.493574122,1670511.52490025,996179.865281483,1063567.87466824,1119199.20252465,1914693.38808886,1656435.66026186,1629613.47818666,1721679.97407843,1645587.00993207,1521723.75248985,1627290.15822311,1477525.43168475,1238230.69380433,1273767.55137751,1190818.44959091,576693.008222495,516077.644228894,537608.056917563,385060.862885351,1783653.14997671,719334.511426754,1858142.29041514,2006295.97881974,1541276.21203912,1002318.22713526,1425072.95750991,1012806.18760946,900157.721380654,993335.192231152,1167558.9436122,277534.950335769,389950.821296182,734294.316130959,687074.386676347,769045.644396287,754965.019036578,590344.988497743,1095529.09119997,625526.150081576,1291491.86558405,642448.244276888,671031.847436344,1087064.18513408,876607.31776131,387524.008306654,411038.277044797,372184.83386326,339292.560582309,569660.521979499,302153.307200703,266911.092023563,301337.118815898,383060.320112526,383025.62752113,326763.12612841,321271.976287468,264119.827232704,301751.810346038,353142.445668033,318614.73872486,853631.654215512,1312073.43571809,1012956.17807391,464143.194509446,1066298.6289032,369767.162260914,340551.876957274,374610.708116513,394604.295626067,239185.633801587,350671.731852217,295253.97117096,407768.7438201,438424.086603384,388749.502222318,1312811.32193177,1369303.77489623,841813.932847535,477573.113173272,889879.307410817,689554.205949588,997143.297047058,1544898.26456939,865306.098112037,751445.382338663,1075448.075456,1971971.65159793,1303882.94709908,1402400.32694748,1177856.46256438,1404376.33400249,899549.025440396,724540.400829297,448553.52548843,756834.163281502,746957.288733908,637637.177295722,721032.339830491,641642.824815627,949263.55052032,525110.031002403,1492878.31466792,959153.572388355,1214321.31682361,2237969.09298164,2833139.36604584,2739251.96665359,1242214.75478543,542318.691842475,517970.691998098,2652747.28629958,872680.178251931,1025016.06799389,397764.178959007,390860.637830928,510350.711442512,386853.419464746,380032.480262528,508742.700374211,379818.153324807,499164.112970084,302667.795874986,464122.629536455,570112.465181116,558044.201255938,767599.998331372,452496.338905951,890589.038366462,1282369.0362298,688675.595719107,538035.25145027,482211.257027733,344164.040645736,421295.240789389,476828.499497589,625909.50464978,332291.515091476,275966.465426528,250133.352222925,567086.370625822,334712.750274288,279846.60289779,415070.993775442,749063.14080949,385923.214024126,456763.853729072,470894.111242007,558754.683581067,452096.690159196,2034732.71234433,1155900.70049497,1450301.12521946,6285818.20551754,3877727.66339069,1784880.14923172,467887.441224549,524734.251794436,444876.757754087,389551.261119538,345869.464538221,497823.118230874,669593.984734331,804353.639177784,440308.172438653,550648.318586373,1023883.66959598,1555317.2033705,892610.519840068,938241.740782288,1455216.41137803,3565910.51440235,2144581.73981402,1334383.46716192,485388.799030495,465012.248561751,555045.998042455,408302.915289671,509023.496641036,539841.879217363,557760.226900662,673239.977617433,470713.4168487,502844.629905103,573630.426154186,677025.051306868,588924.881366074,766446.016840071,983827.80190601,582135.429690797,1005227.35501538,761079.389984047,822457.429465359,691560.84142484,667798.048336272,1090034.69917811,1301804.0448614,1430435.30889559,1130208.12658409,862462.889001164,723020.113466777,915175.134106497,834257.341258552,567610.704059364,753795.224001232,927782.287765927,1055111.23598215,910181.770054879,803865.664666325,1441742.79403074,515616.987472301,1612113.6520964,510856.379199227,486538.293169213,762517.526579656,736052.922193937,510520.508343527,1004110.59110038,886431.458143368,792543.726073794,504124.64578647,1031238.38863021,787310.786282689,694595.582604287,550979.908851856,450539.001923005,396727.338055356,553330.722053919,516035.67514289,414626.05002173,439290.894814207,523647.078102079,585404.542867162,405682.915789071,403460.329368108,358476.908695804,349530.47671501,465886.849763867,463095.286417637,518964.554741287,526547.598906405,457741.325949056,500992.234467694,385968.134252384,339348.874110749,372305.691707769,874349.122681705,419523.025988377,246519.47631304,383802.43624386,347197.919222132,337175.173703588,483261.576907027,372105.766219827,263513.500268983,307527.689591053,257651.912110636,376320.729394725,555453.045022569,507653.865518798,547292.917223076,484283.417879609,440874.921831691,393368.950280367,380414.477336803,555529.40369645,399653.152539952,373247.969635856,603546.173154051,644404.853130942,1769207.27508551,677053.456548045,1201896.64018819,514585.124622027,781640.040453128,1867664.25585751,1194597.79013643,1042535.1123497,2190477.50971738,1674359.96439025,1592258.46943049,1999524.98249655,1883374.27091124,2058825.8102784,1908650.25335729,1737009.32900202,1758310.3671091,1738286.31465463,1433080.36447137,1522554.06298567,1900507.51286657,1907956.84495425,1208386.38656667,991067.409371801,1111221.30936093,1735148.00420652,1533858.43756831,777024.634667939,907220.989472699,953345.308321439,1191756.1137213,1202482.68550649,699304.503002177,893370.647677964,1732431.44331026,1378427.92986099,1404039.8772741,835822.892880596,1608325.97488659,1452547.88215596,631557.842513398,909351.814831135,1165850.14753603,1577792.92041116,2283153.76911948,3326172.05823683,4717906.87249797,2178724.74530895,1793923.58082237,1192498.15874791,2612263.76405278,1846805.44476932,856133.445574287,1280377.08569371,5569965.08284314,2378520.0345424,1072205.12511195,569003.55348037,1015851.13531423,1139540.54932258,1114767.58444512,1027247.85748751,1249013.33406707,1399777.95614044,1058601.35176025,929309.724014365,1179291.63527136,1234554.94996235,1609096.67113958,763848.013359326,695300.197510088,585945.637864176,1011252.21544183,812277.108644642,1147659.3265128,1582404.90797169,962806.989127681,547299.522694637,901362.760249224,1249066.62212296,873105.708141129,797651.543111743,398297.253285659,1400175.345005,508604.261011076,568974.461186099,905293.089086525,1167027.47345163,1550447.82675521,535710.109561547,1379262.29034178,1050126.47078592,813917.489088858,998662.097204076,666671.508053121,1075688.11100528,528431.618228098,789684.964049596,1216845.88562135,960197.954895789,1122598.11597671,824496.43713546,1271449.13609465,802640.195877642,751199.47351505,692835.923771671,507461.67167335,824418.271169192,487340.680598924,1762229.18160532,1336534.62737434,1310372.21035584,685992.785775647,869219.423985554,842366.019587263,707315.508574348,806816.67574157,941767.149626942,600282.095742595,529307.414350279,351651.653039782,1396500.72683044,427073.63442189,459004.556474661,869460.659704937,701750.883852478,801954.363832015,463008.670859545,496398.238697475,442532.72193972,731081.116397231,393214.638666424,523677.174315553,563825.777995936,449506.398455313,354832.981955048,370537.246210298,353734.093226175,434612.282622109,427584.58648532,222942.398174182,319853.700921201,346374.316578274,268880.705892677,299134.057949423,280553.548565946,355509.655661356,328403.104544535,411816.339555349,335071.986006739,459221.184742119,410849.193964241,526569.876342943,415490.736273854,314234.035168765,316319.76359987,327850.515325438,1385020.49286678,1492163.36263137,1902971.96266245,1848506.225277,1656454.42583371,1675848.72227534,1439442.37067632,1698760.89762864,1862841.51578115,1794511.51835449,2032097.52275955,312508.959960884,346116.626337231,427999.801111792,406417.124391308,530999.136071499,331168.587987649,375449.868126358,348001.896736993,313326.426771205,341120.765913204,274924.310366892,375359.641410815,313873.456211275,458533.116002711,361282.345120206,410751.314241814,281424.887207167,325189.286086939,381165.37410135,3505409.61658258,3341541.80089299,2497675.07575317,2604797.38886271,2264253.65406774,2118671.79710585,2047842.68720781,2019177.70946696,2169407.40414976,403524.74926417,435005.018875057,2762590.9249762,447084.495571226,422938.655984582,396711.386311692,659091.810482475,1087544.66445555,601341.007444048,725283.975385128,475830.398736824,545382.203414327,684951.298396349,282158.711318864,281788.791713877,386990.701135498,264655.341610787,205826.000643586,234659.913978814,288603.111832303,366926.341369445,386175.438866787,495580.361813512,320397.318369691,385119.21785455,387757.864114665,1301551.85769317,577436.50522714,752378.410897255,529099.671431312,509082.59333153,690646.348308283,653890.77385047,482491.527319001,563640.593221021,669215.328158782,809473.58112393,1255560.87427678,656385.033030292,456844.347958774,1801056.53026402,2563305.10344618,1989639.65303638,5535790.13006625,4253824.72665107,2063333.44295579,2293370.55731122,2006154.85096323,1732566.67280054,833565.215049695,1163620.77771358,2565490.7987862,5234976.25054387,3378303.8669706,484101.271556089,521083.521955123,660096.3279303,535533.178942423,453800.963861532,350953.26796161,1501768.8970752,2039166.35152071,483875.562514728,430333.232416719,552928.322086939,439880.395289712,507678.168847166,359898.453245557,288288.615238445,318275.846418725,595157.624929956,468937.011042362,320614.193008496,492219.661968516,451828.077592462,401302.794280163,1324944.02557728,492018.227671202,507536.008871281,431667.881819602,543733.094548225,622476.082112228,789869.631936281,419901.456582653,437392.094247052,476477.462483402,682786.133938162,870816.044433266,651840.378818047,477675.967454054,401655.227806538,603392.89846228,564146.504048727,637346.550503675,524193.721848294,384782.698911837,439925.960867407,233234.714968991,246055.927390412,257832.126055803,211065.798179646,295564.958948659,319032.833844488,424862.003719639
,,,,,,,,,,,,,,,,,,,,,,,,,,,,,,,,,,,,,,,,,,,,,,,,,,,,,,,,,,,,,,,,,,,,,,,,,,,,,,,,,,,,,,,,,,,,,,,,,,,,,,,,,,,,,,,,,,,,,,,,,,,,,,,,,,,,,,,,,,,,,,,,,,,,,,,,,,,,,,,,,,,,,,,,,,,,,,,,,,,,,,,,,,,,,,,,,,,,,,,,,,,,,,,,,,,,,,,,,,,,,,,,,,,,,,,,,,,,,,,,,,,,,,,,,,,,,,,,,,,,,,,,,,,,,,,,,,,,,,,,,,,,,,,,,,,,,,,,,,,,,,,,,,,,,,,,,,,,,,,,,,,,,,,,,,,,,,,,,,,,,,,,,,,,,,,,,,,,,,,,,,,,,,,,,,,,,,,,,,,,,,,,,,,,,,,,,,,,,,,,,,,,,,,,,,,,,,,,,,,,,,,,,,,,,,,,,,,,,,,,,,,,,,,,,,,,,,,,,,,,,,,,,,,,,,,,,,,,,,,,,,,,,,,,,,,,,,,,,,,,,,,,,,,,,,,,,,,,,,,,,,,,,,,,,,,,,,,,,,,,,,,,,,,,,,,,,,,,,,,,,,,,,,,,,,,,,,,,,,,,,,,,,,,,,,,,,,,,,,,,,,,,,,,,,,,,,,,,,,,,,,,,,,,,,,,,,,,,,,,,,,,,,,,,,,,,,,,,,,,,,,,,,,,,,,,,,,,,,,,,,,,,,,,,,,,,,,,,,,,,,,,,,,,,,,,,,,,,,,,,,,,,,,,,,,,,,,,,,,,,,,,,,,,,,,,,,,,,,,,,,,,,,,,,,,,,,,,,,,,,,,,,,,,,,,,,,,,,,,,,,,,,,,,,,,,,,,,,,,,,,,,,,,,,,,,,,,,,,,,,,,,,,,,,,,,,,,,,,,,,,,,,,,,,,,,,,,,,,,,,,,,,,,,,,,,,,,,,,,,,,,,,,,,,,,,,,,,,,,,,,,,,,,,,,,,,,,,,,,,,,,,,,,,,,,,,,,,,,,,,,,,,,,,,,,,,,,,,,,,,,,,,,,,,,,,,,,,,,,,,,,,,,,,,,,,,,,,,,,,,,,,
,,,,,,,,,,,,,,,,,,,,,,,,,,,,,,,,,,,,,,,,,,,,,,,,,,,,,,,,,,,,,,,,,,,,,,,,,,,,,,,,,,,,,,,,,,,,,,,,,,,,,,,,,,,,,,,,,,,,,,,,,,,,,,,,,,,,,,,,,,,,,,,,,,,,,,,,,,,,,,,,,,,,,,,,,,,,,,,,,,,,,,,,,,,,,,,,,,,,,,,,,,,,,,,,,,,,,,,,,,,,,,,,,,,,,,,,,,,,,,,,,,,,,,,,,,,,,,,,,,,,,,,,,,,,,,,,,,,,,,,,,,,,,,,,,,,,,,,,,,,,,,,,,,,,,,,,,,,,,,,,,,,,,,,,,,,,,,,,,,,,,,,,,,,,,,,,,,,,,,,,,,,,,,,,,,,,,,,,,,,,,,,,,,,,,,,,,,,,,,,,,,,,,,,,,,,,,,,,,,,,,,,,,,,,,,,,,,,,,,,,,,,,,,,,,,,,,,,,,,,,,,,,,,,,,,,,,,,,,,,,,,,,,,,,,,,,,,,,,,,,,,,,,,,,,,,,,,,,,,,,,,,,,,,,,,,,,,,,,,,,,,,,,,,,,,,,,,,,,,,,,,,,,,,,,,,,,,,,,,,,,,,,,,,,,,,,,,,,,,,,,,,,,,,,,,,,,,,,,,,,,,,,,,,,,,,,,,,,,,,,,,,,,,,,,,,,,,,,,,,,,,,,,,,,,,,,,,,,,,,,,,,,,,,,,,,,,,,,,,,,,,,,,,,,,,,,,,,,,,,,,,,,,,,,,,,,,,,,,,,,,,,,,,,,,,,,,,,,,,,,,,,,,,,,,,,,,,,,,,,,,,,,,,,,,,,,,,,,,,,,,,,,,,,,,,,,,,,,,,,,,,,,,,,,,,,,,,,,,,,,,,,,,,,,,,,,,,,,,,,,,,,,,,,,,,,,,,,,,,,,,,,,,,,,,,,,,,,,,,,,,,,,,,,,,,,,,,,,,,,,,,,,,,,,,,,,,,,,,,,,,,,,,,,,,,,,,,,,,,,,,,,,,,,,,,,,,,,,,,,,,,,,,,,,,,,,,,,,,,,,,,,,,,,,,,,,,,,,,,,,,,,
23794210.7,27890880.7,24705567.4,23678966.4,21691108.7,22690353.5,22086053.8,22603071.2,22064957.3,24415046.3,23931666.1,22470911.6,23164068.2,23000009,21119382.9,21432671.7,24110038.4,23738368.8,22241570.9,22235204.6,22712139.6,22818467.1,21747853.8,22148803.4,20984362.8,21825322.6,22354512.5,22036891.2,21344973.4,22068516.5,20642666.3,22493096.5,22753902.7,23506051.6,23507020.6,23523299.4,22487468.1,22646934.5,21870427.9,22057756.9,23958394,23962783.6,23432398.1,23436744.3,22841606,22691260.5,22841885.3,22128186.7,21714551.1,23928113.1,23446089.3,22917029.7,23530287.6,22129208,22619566.1,23330471.7,23353103.8,23461277.9,24275341.8,24051396.8,21996242.7,21664530.3,24056110.1,22902915.3,22342420.8,24194991.6,22234591.4,26368326.6,23411470.4,23812254.1,26605802.8,23995528.8,24198366.1,24428822.2,24110916,25198895,22871583.9,23013055.2,23326367.6,23515329.2,23805766.5,23880538.2,25256893.9,25736784.7,25024275.6,26196626.2,22997225.8,25116936.3,23867274.3,24879726.1,23222502.3,23245004.9,23229292.2,23040102.9,22729955.6,23123576.3,24270001.4,23090947.8,21431045,21440146.5,22805433,22678082.2,22285936.3,22471782.6,21825134.6,21437506.4,21096052,21180667,21759411.1,21108108.7,22156909.4,23241491.4,22015318.5,21718511.1,22398188.4,22539582.3,22052710.6,22310927,22067295.7,22383799.5,21390654.9,22364800.6,21870671.3,23171386.7,21975511.9,23424519.3,24073327.7,23523287.7,22085499.4,21655892,21211435.1,21510178.8,22679576.1,23395797.9,24050390.9,23144108.5,23190688,23618830.5,22917818.1,21775987.5,21945885.6,23606076.6,23237333.3,21315194.7,21900026.9,20780399.5,21516399.3,21877102.5,19689236.6,20905906.8,22106637.9,20441953.5,20606041.8,20140305.4,20879514,21052849.3,21040624.9,21476177.6,21369409.9,22149413.3,22460261.1,22484795.5,23587604,21901352.8,21706232.8,21251643.1,21262734.2,21499241.4,20779165.1,21670532.8,22616367.7,20315713.1,21616805.9,21458501.7,21984981.9,22395619.4,22615635.4,23550794.2,23497097.6,20587303,21849676.8,22105319.9,21923847.7,22221206.7,23159886.1,24316485.6,23183606.3,25444644.8,23404824.4,24111320.3,23211292.3,23353742.6,23076878.5,22379150.9,21009706.4,22992383,21867516.6,23118882.6,22064381,22294821.7,21371724.7,22132037.7,23403274.8,22863688.9,22804729,21208246.9,21323542.6,22634638.8,22270789.3,22359256.5,24000325.3,23980617.6,22177895.6,22014231.8,22580856.5,21793648.4,21545965.9,20749689.2,20884396.6,20250749.3,20560445.3,19829550.3,19967090.7,20178978.8,21161089.5,21471406.2,22614888.2,22669317.5,24302176.1,21740764.2,21954608.2,23681746.4,22574333.9,22500480.1,22909398.5,23185042.2,22549497.9,22802591.3,21617441.4,23674399.6,22748848.1,21970070,22266036.6,23042097.4,22550061.8,21510478.8,21844834.2,23516603.9,21319061.4,22017564.2,23678319.8,22843270,23011121.2,24328028.3,25064373.4,24691680.4,22858478.7,24731011.7,24861723.3,26078045.3,26152454.5,24596707.5,25888959.7,22991281,23443139.9,24381392.6,24301836.6,25204483.6,24108842.1,23602549.1,24347945.8,25518262.2,23432028.1,23518720,22680423.6,23809966.9,22123042.1,21424434.6,22306010.4,22761594.2,22975478.2,22028975.8,23260091.8,22036898,23009632.5,23031691.6,22321200.5,24360650.1,24673581.1,21669830.4,23298280.6,23755047.7,24007232.1,23446225.6,24422774,25180737.6,22232854.2,22705680.6,22510487.2,22973627.4,22404492.2,21704819.8,22565349.2,24741072.4,23804270.2,24371177.8,23943661.6,24756588.5,24317982.6,23706013.9,24461267.5,23253036.7,26166692.9,24835090.9,25220298,23313407.2,23545119.8,24904829.8,24237203.7,23969720.1,25187764.5,23982606.9,24107559.6,24672875.7,22948698.6,25181460.9,23188433.4,23119180.5,24218455.1,23630966.9,24202613.7,22818244,24095391.9,26252096.9,23847742.8,26052768.9,22041821,22931472.8,23559373.7,23242817.8,21584811.1,23619924.3,22999337.3,23175516.1,22388835.8,25027511.5,22690170.8,22417446.4,24966961.8,22980505.1,22890985.3,23844793.2,23570605.5,21082176.4,23987636.9,23660597.5,23488175.3,21994576.5,23214503.5,23271415.6,22480858.5,22015818.4,23015900.9,22461268.4,24049534,23634394,24323532.5,23499345.2,25468106.8,22490912.1,24480789.1,24758314.8,24592456.6,24112840.7,23659752.2,24091623.2,23248980.7,23581769.6,24645587.2,24993570,24962309.1,23888168.7,23288504.5,22658280.6,21987292.7,22845103.4,23289095.5,22134242.8,21921124.2,23284127.8,23202499,22601639.4,25305726.2,22706419.4,23730885.8,23121750.1,22489832.2,22982275.7,22323729.4,20925284,19834410.7,20380006.5,20285309.6,21049008.4,20834706.8,20699804.1,20856527,20401162.1,21319886.2,19967133.8,20273052.7,19874008.1,20205295.9,20255794.4,21248945.5,20986733.3,20689343.7,20408905.6,20781430.4,20953821,19705231.6,20598022.5,20930655.4,19882096.8,20087725.5,21454115.7,18467642.6,20852433.8,20669386.6,21217771.5,21278063.4,21152682.8,20465543.3,20750622.3,20387035,20221109.4,19796600.2,20254244.1,19367253.2,20110448.4,19623289.7,19569172.6,20227972.6,18590947.2,19059798.6,19445831.4,20894352,19392611.7,19311349.8,18691797.3,18765543.6,18748017.7,19485979.4,18200064.1,18288709.4,18105015.7,17891726.1,17940648.1,18745377.6,17911976.1,18336155.8,18090576.4,18561776.6,18435023.9,18978627.9,17300649.5,17271924.1,17148785.5,17632146.8,17718852.1,18040677.9,18019680.9,17991738.2,18109861.2,18182717.7,18140578.2,18320911.3,19146520.7,19002449.9,19335107,19241271,19927895,17153407.7,18490961.9,18342310.6,19073984.1,18586444.4,18082949.7,18917194.9,18805717.1,18150082.4,17667448.4,19620486.5,20126419.3,20403428.3,19266636.2,20849633.3,20159604.1,20692178.4,22084845.5,19837383.6,19818121.1,20889418.8,21020422.8,21529496.9,21173163.2,21683259.3,21310287,21899501,22163292.4,22618771.3,21360053.5,20624933.7,21772720.8,21089354.5,22079188.5,21502486.1,22872850.5,21685643.6,21114187.1,23211176.6,21222247.8,20262666.2,22541864,21615297.9,20302146.6,18958493.1,19242101.1,19972120.1,21867649.3,19378522.1,21015625.4,21262413.9,22120347.6,22001160.4,21290891.6,22102767,21854802.4,21398800.4,23063178.5,22454701,22210045.2,22057054.7,21131413.5,22601165.2,21077723.3,22263067.5,23096322.5,21387718.1,21566862.7,19987898,19618828.7,21310381.9,20866597.9,21440125.8,22812920.1,20984013.1,21064847.3,19987371.8,20626683.6,21813045.3,20496059.7,19606875.9,19980608.5,20405229.9,21104676.5,19964501.7,18799789.5,19408326.3,20166714.7,20218370.7,19674045.1,19124876.7,19357666.9,19582113.6,19519435.2,19874491.6,19063564.5,19566152.6,20861577.9,18962016,19026497.5,19448048.9,19245252.2,19436950.4,20281381.7,20089155.6,20496205.5,17618375,18341701.1,19262277.1,19836872,21442721.8,19316844,18758456.7,19779779.1,19185207.9,21193517.7,19919612.6,19229140.1,18301222.4,19806695.8,20504771.6,20308982.3,19095644.9,19507153.3,18826672.5,22915066.6,19521705.6,20166872.9,20990545.6,19438689.5,20150745.3,19630678.9,20072933.9,20000429.9,20086404.1,19430538.2,20678222.8,19606336,20785088,20823045.5,21062451.8,21351307.6,20534787.8,22327596,20402302.5,21206055.6,20661985,20775389.3,19970729,21869215.5,22386633.5,20439993.6,20809411,21706770,22175744.4,22110948.2,21593967.7,21378256.4,20278762.4,19825768.1,19593512.6,19161910.8,20627119.6,19420515.6,19640600.3,18580886.7,19924270.3,20699206.2,20200325.6,19420869.9,19717344.5,20069096.7,18092306.1,18134359,18028633.2,17463159,17502581.6,18037512,17733103.5,18202488.2,19592944,18551762.5,16879188.8,17930713.4,17511833,18377501.7,17591813.9,17648049.6,17610940.4,18675885.3,17342027.3,16608711.5,17761448.2,17473286.7,18691338.4,17801697.8,18415618,18811146.7,18260997.5,19433089.2,19329585.3,19972000.7,17516096.2,18845991.3,19755048.2,19606450.8,19768444,19297687.3,18822794,18295389.6,19474181.2,18674110.3,20358344.7,18900505.2,18240381.9,18006816.3,18308806.3,17689116.4,18735647.8,18910545.3,17800906.1,19138653.8,19579658.1,19949345.9,18444725.1,18728983.8,18298799.6,19164580.2,18587904.3,18823004.9,18958982.9,20455188.8,19650253.6,21354236.8,20654921.9,20806669.9,19148272.8,21326538,21872247.8,20803936.3,21206322.5,20787702.7,21738986.1,20378541.5,20308108.1,20756219.7,19503131.6,20219415.7,20380366.7,17879186.3,19745811.8,20512953.7,18431266.9,17863443.3,18706838.7,19025525.6,19848006.7,19640787.3,18798842.8,20641478.7,20662586.6,20319437.9,19552867.1,19381749.2,20600188.7,19195172.4,20457978.6,19404521,19774566,20474584.8,21866904,20114295.5,20410608.3,22861105.9,22110968.2,21294881.3,21779558.7,21170604.6,20524866.9,20668142.8,19877383.2,21625090.8,20504719.4,20054980.2,21983626.5,21168207.2,20461475.7,21039750.3,23153331.2,19804604.2,21276872,19924054.7,18989182,21072454.9,22245178.4,21076627.2,19606483.9,20212859,21033432.5,19961926.7,20618294.1,22172223.1,21141191.4,19391476.3,21174323.5,20988019,20788287.9,22051714.1,20243283.4,19441460.6,19247909.5,19336446.6,19270087.2,18350877.3,19712433,20591454.1,19268311.5,20986181.2,20467414.8,19341392.9,20552821.6,21190385.6,19617413.2,20091576.7,18445304.5,20440409.6,18876557.4,20416629,19813750.5,19634249.7,18632920.5,18731904.5,20100142,19965411.4,17985553.3,19409209.9,20812032,20948082.3,19763924.7,20660113,21806878.7,20839839.1,20183583.1,21656597.9,19845201.3,20539511.8,21228287.4,19822172.6,20675282.4,21638228.8,19725889.9,18907433.6,19095695.6,19522948.7,18200097.4,19012447.3,20038902.7,17640991.7,19588587.2,19819653,20286405.5,20039833.1,19847393.6,20335269.8,21628502.9,21127248.2,20889916.1,19905106.8,20484367.2,20016182,19469933.6,21544708.3,18725341.1,20480224.6,18780495.3,18991361.2,19158770.1,18395183.2,18285853.6,16775864.5,17755916,18315352.2,18402248.1,19055046,19977765.3,19796938,20218658.6,21189003.4,18777292.1,19910630.4,18562132.9,18905287.3,19716382.7,17909834.6,18197671.4,19351982.6,20075943.7,17648586.2,18533332.5,19386862.4,18130611.9,19694655.8,19814828.1,20506837.7,18072640.4,18016021.6,20090821,20359810.8,18821579.3,20589449.8,18409875.2,18259457.8,17800348.1,17492172.2,16664803.1,17041840.2,16877879.4,17997671.7,17223411.9,16693668.5,18037396.8,16980452.2,19190148.6,18786160.2,17576829.5,17996989.7,17889501.7,17722582.1,17492848.1,17597376.2,17766678,18740239.6,16383730.8,16818036.7,17143318.7,17958066.4,18022628.3,16041155.9,15721716.9,15996165.2,17435555.9,15611474.1,16033074.5,16310636.4,16139043.7,16198721.8,16062939.6,16386037.2,16179007.1,16394445,16742647.5,16862005.5,18325253.7,18997261.2,15826968.5,16126758.4,16210522.7,16446130.7,16204970,15686511.5,15598739.4,16274763.3,15808909.8,16172703.2,16140868.6,16423674.2,16049362.3,16511341.4,15523265.8,16732804.3,18100760.4,16287842.5,15936940.6,15460183.1,15844863.9,16045776.3,16795550.1,16137043.3,16808072.8,17256501.5,17850234.5,17496728.3,18369400.3,17360939.6,17552680.6,17362473.7,17219177.2,17294686.4,15605286,15434745.6,15367183.6,16616280.3,16608964.2,16088429.8,16606198.7,15848062.2,16971783.1,17458451,16811187.7,17656299.1,17884830.9,17686543.8,17414475.5,19861261,17615481.7,18210683.3,17643986.7,18861880.7,17221744.2,17644986.9,17049570.3,15986972.4,17603757.2,17113069.7,17481394.6,16646839.8,17227960.2,17160015.5,17426943.5,17148458.3,16383373.3,16193086.8,16227259.6,16719898.2,16265606.2,16289773.5,16483931.4,17059381.2,15788359.5,15774154.6,15901239.8,15768858.7,15860521.4,16325509.4,16325478.6,16666656,16797965.6,16677914,17120635.3,17187580.2,16728199.5,17950016.6
1614490.63030377,2400694.79572426,3787253.96025153,4402140.82755963,3427279.33223159,4869163.43769377,3908950.09282654,4272783.07730994,3600752.7713437,5086244.59471325,4320764.92019078,4939531.88998146,5342756.48064022,5313714.06686735,2874607.68607998,3386195.02994628,5730193.27645847,4472042.71365054,4855795.72668676,3925344.89838254,4173400.01782853,4054596.21617677,3672660.63556726,4797813.72516835,2004577.82820162,3054333.00365749,4582561.08685805,4771090.10282753,2853671.8155805,3836511.25375627,2167067.51715231,4508235.75781114,4278226.20252241,4459544.9618979,5308771.02041912,5651175.49491787,4459486.68287525,5148201.96068315,4302600.3772483,3680265.77368774,5839204.06864492,8048414.10419161,5446562.68399508,4395540.27990538,4649707.29532748,4680591.66127288,5165795.82336499,3162742.28930416,3905997.19995716,4744149.95946476,5653940.74318431,4882659.85756316,5672275.91518729,4304723.23257623,4625730.42619795,5140510.36498396,4587840.67229056,4354321.12396797,5341102.90549083,4722538.87332432,3874617.9368757,4152070.58848477,6151694.23571441,4416334.62261981,4879031.58752014,5330576.06074355,3977984.79131376,6528555.03810295,5297569.57246202,4857875.22591951,5996026.62790199,4913965.03270223,5248787.81276637,5042485.82587466,4182542.47860007,7815604.12965106,4602576.3296137,5054911.6902262,5353773.9379372,5067439.3880811,4928690.49120461,4425495.46651413,6003330.53669619,5731476.17538148,4701460.352493,7112927.18264508,3824981.81155265,5352143.24857589,5918615.54481346,6404813.6108093,4731809.63363823,4841489.50809118,5653516.57842369,5609756.57173863,4849092.99341791,4821432.78613715,6152523.81547387,5184751.50286243,3960887.85926377,3730027.51215026,5264423.90918517,4537801.04937343,3743326.87674611,4605568.50876746,4850299.58714103,4109752.05922356,4981859.23062103,4036804.40445765,4403969.72579796,4048540.51871077,3903984.96049127,4421413.97981589,3031716.03756319,3434345.46440471,4751080.61891145,4632623.82217723,4379736.26266253,5327303.86797268,4719995.06864728,4383155.63969976,3853058.32917632,4634977.71829718,3903204.61284278,5466519.7946803,4330753.93163457,5180293.68136932,4874194.11520938,4682211.68546565,4180583.67537169,4101783.48693286,3928854.88467946,4404518.61811248,4979149.2519156,5686941.98258557,4953880.3126277,4940281.48060813,4476905.26703625,4735105.37226348,4614802.72860374,3812128.12576805,4817775.84399185,5588317.88690058,5352489.48641683,4529144.17615318,4711141.6899693,3250507.73301363,4059482.13645934,4534809.05895446,1470026.32323024,3673076.46585423,5848180.78550874,3210864.0477714,3437137.12126007,2238695.5636931,3424099.52847077,4362763.88836896,3720168.31356762,3962908.65995712,5483891.34181813,7344454.50050673,4625896.28509956,3297028.65343675,4566313.39701838,3594403.04220621,4013416.4587197,3636656.63963422,3902640.46794804,4334196.56568343,3555923.80379072,4039132.68281094,7400469.02988661,2607893.76094189,4609076.46586444,4184940.86479577,4062906.77122825,5110556.00220096,5030163.17183752,6419411.56414563,6480184.49845131,4125974.78205634,6441657.46029715,6216768.65420043,4665435.52148231,4795145.02528753,5609987.49391413,7096710.59771368,5928449.25725682,6968934.59357626,5033737.82052158,6204933.85246361,5080821.41644901,5318868.54751792,4902562.0385785,6090077.62693663,4101223.84550463,5850196.5655559,4406698.1106176,6068366.94109599,4669963.07731607,5152365.43394943,4119205.38519628,4783270.42664579,5736930.62084973,4921234.83820057,5481393.88914489,3630214.17520511,4504704.14176273,4719243.7760867,4926392.59559323,4452478.95238717,5145215.66363558,5496724.27602192,4113727.53883526,4803741.49278302,5288651.35814033,4036945.86157669,4799915.16837048,5105140.90053822,4619502.93459238,4088767.4129129,4016948.57003835,2895831.6069131,3060586.00853297,2975678.04391387,3724415.86541315,4600890.26112036,4603490.75902438,4397910.88566237,5780617.41254503,4628282.54350852,3813392.75956012,5261360.22835513,4196721.42655281,3930992.74291304,4872306.9140256,4578542.86991226,4598349.99936512,4728421.89115746,3744662.28766841,5926555.6106296,5232537.17569633,4484476.71208648,4660423.48062427,5278102.48691592,5029085.47953243,4216270.65704987,4764969.89279776,6991166.84081035,4642540.45420805,5261648.34845338,5197308.12974075,4941080.52006621,3773756.5816368,5593016.39478319,4829552.07035357,4403129.68446607,4144928.78469055,6715407.12387851,4351851.43142329,5672180.81492599,4718790.28649423,4806632.96669881,7128103.07274277,4249718.9579445,4603047.18019858,5925467.6478889,5314541.14908315,5769318.60408663,4718236.33695331,5227147.01421445,3972541.67189314,5533395.47157142,5425219.10196246,5572154.46027503,5258723.72939164,6660294.89197237,4806370.99352607,4389993.78948369,5286592.64919852,5537417.86939336,5290363.74675634,5570347.80463536,7361568.97294489,5452428.35661172,4817486.98003461,5531012.25572433,5244809.21422673,6486821.36135191,6632110.73802924,6059025.72758131,6477863.37424148,5775894.02717875,5750614.75774533,4999190.55223559,5480045.12460479,6084256.31525518,5140550.43157146,6037848.68461482,5532038.29488502,5257507.56274596,4249198.85450824,4866535.90582238,4918771.09827675,4999829.78619884,5259174.26682336,5112077.9624897,4215496.26095068,5144032.33607063,5203150.71008573,4921113.50316916,5922969.16927696,4462231.56288672,5958898.70097176,4531880.1422307,5315302.2516593,4249540.54984585,5700955.09841806,5402412.5564093,5081534.13856334,4322436.52078443,5547747.91170199,4643096.19588106,4406264.67184304,6092095.61648199,4357662.34644188,6807109.98716759,5216901.18452721,4637731.38708903,4930386.00301107,4157741.64147238,5659057.10324098,4935292.28978388,4612062.60234769,7038365.69718309,3807996.74861485,5922806.00809981,4215689.68246104,4574221.18882149,4542063.30921965,5181126.07480358,3615023.06322151,4855753.48475948,4847679.42960939,4310803.70297108,4552646.99217069,6001289.30793998,4793904.05104498,4149828.32858151,7139622.17812111,4005118.57526253,3983714.50828269,4293581.25574503,4592777.21444483,3659524.50237238,4011494.65121721,3995248.17123362,4605533.61742355,4542931.17901516,4133272.22828917,4236227.81893683,4180927.70325652,4509164.22001018,4019493.90437562,3989108.86597028,4718194.65531324,4192073.6657962,6344363.66500344,5531407.56514548,6606241.83154224,4324457.84541863,3926153.15833653,4347540.27591676,5273787.24877507,5260884.65479408,5129485.02406298,4148433.57428284,4318216.63686558,5611523.71601052,4049856.39149875,4079797.31509011,4691020.3325408,5056090.18322171,4581884.07536282,4334876.76831662,4162048.32848218,4399445.60908445,4856407.69151228,4208710.29018191,4192186.99272054,4268106.95706528,4140048.60472818,4151411.10190299,5275916.55929693,3782767.61329292,3900047.39022637,4215217.29133493,5023525.03069452,4730687.92390409,5257589.5921122,3547879.92011029,3451449.62478705,3668802.40735261,3406200.44349403,4231907.96381575,4094171.48843569,3974893.90753035,4361663.09218216,4118342.00303691,4939909.82540633,2895473.36799943,4658404.94212219,3727122.58333004,4251399.88990407,4985170.49887903,4853155.57056165,5045191.62174523,5113528.41935514,5237527.91257019,5864797.4115821,5612765.3303049,4550085.98583986,4429373.33510171,5359147.69413318,4113647.09580035,4195457.03927149,7798351.40195019,2420027.70085272,6412993.31002102,4261456.19862843,4834249.26473795,6150681.24887418,5181687.28349126,4414577.38481565,5221793.16337748,5178624.3542805,5138697.39100217,4569354.9237688,4819596.6182339,3825922.80419012,4633306.34232316,3738849.24650834,5033358.65245895,4302733.75748941,3258206.02026691,3868595.10996268,3149035.72204523,5089047.99266643,3919820.53944395,4128714.8330838,3632359.66721102,2908485.54071516,2764443.35690252,3646434.86672556,2637501.10608611,2616426.47653454,1934500.03540984,2403207.27389404,2190931.18248558,4214968.14685756,1936933.44291804,2512912.93555559,2415234.90701713,3854155.74819637,2279887.54364525,4660597.56937676,1198120.70039015,973413.844944054,1090096.08842282,2015284.76989023,2025699.91374753,3851131.70508683,3837581.23777889,3641610.07273199,3940189.65741365,4310354.84639119,4339154.74234771,3637459.03902036,4294546.13749488,3432849.10771613,3896632.79208575,3476942.11066107,5929591.29820832,567421.176154215,4071583.57565594,3347589.35377502,4788408.76278815,4254825.8317263,3010133.45135132,4575784.69235655,4224904.29564469,4304221.2831755,2976598.69088641,5610057.73634436,5337819.69202252,4490657.06690581,3681106.92893995,6007052.35498304,3988694.57288913,4821260.91371978,5353979.99716479,4279627.80491552,4214644.62669652,5372614.17270033,5696999.4078997,4644613.79275484,4927656.76208213,5366181.89930122,4507326.1742427,7224327.58597881,6966078.10563339,6957449.12148039,7054525.8987597,5692428.57436334,6975763.1389653,4957882.47801752,7037631.58585547,4311586.41513354,5497390.44956062,5148071.76551019,4351952.44760521,7543837.93098096,5585996.87009841,4360155.9325402,5151528.30932226,3730582.0811337,4038703.78281053,3350340.53148686,2867941.40237563,4987990.54411902,7373119.79410649,3014497.52140867,5880868.27370886,5502538.49189326,5682532.63717714,5343432.39675263,5502889.61781772,4214379.07227986,4042906.18835681,4051659.38442928,5545338.13415626,4615470.39873251,4411746.92124423,5425705.58882548,4534729.80357625,7503751.91412574,4019608.39811459,5108869.18520532,8090250.46256165,4571948.97612056,4651222.07745119,3851532.23777954,4135674.61703177,4499774.10111059,4137555.2847817,4701703.70783913,6052598.91607264,5372511.2089852,4530901.919327,4146928.11233276,4847456.59927209,6792217.69285375,6889936.76308415,3889135.17357061,3970056.4323491,4828907.4856568,7178686.08104645,4926532.35944957,4755977.0869047,4799603.52735524,5506710.45931874,5259080.96206647,4563421.36000054,4070106.165858,4208177.31262356,4916446.75847469,4001342.11456561,4626601.35506803,3767051.10246172,4414130.91484451,6096249.21104821,3600318.79804281,3619739.84262642,3857954.05893793,3357678.29951854,3634205.17524079,4614402.3914489,4473741.13710111,5545636.29409124,2051020.89116241,3765974.54304364,3718277.3622543,4328572.15001773,6600076.14923393,4003898.57485873,4829175.77373966,4678168.91744792,3349910.7828109,4569132.27502777,4482446.7401206,4783494.37202142,3409064.63148801,4758539.55159762,5955402.57311552,5113735.70633579,3818747.96795944,3926574.60200751,3260498.00779156,7140164.56105539,3973494.34915668,4622500.77278978,5549225.00477784,3786511.30412657,4247324.96337071,3441011.05835155,3346122.29235123,3625251.14857365,4572335.69028319,5005557.3268754,4999399.38426169,3477190.91959591,4841100.6310726,5278833.02135594,4795208.77846659,4799778.84171838,4344855.17006925,5850185.1056648,4188017.49514958,5002890.19052741,4437469.68202095,4908132.51519238,5288275.94479003,6444412.74971779,4932234.36332643,4105354.40721013,5071459.66953399,5101237.48543312,5957110.34668445,7500028.54099434,7304867.55995737,5180074.56704674,4207497.4103305,4415995.57426646,4645119.3733901,4331844.64075927,5484485.14540068,4590462.39790917,5547438.11987097,3880975.72593122,4005725.00461252,4211422.56127855,4061302.53109796,3388092.80700129,4354384.17109511,4674731.61324218,3267496.6079314,3754298.19167285,4169014.22026726,2927398.88569475,2804362.66874213,3781819.05428051,3212331.22184892,3473393.84215342,6006963.85032887,4922247.71603912,2397339.63731957,4435385.29504284,3549662.83278054,4346393.18112113,3264219.95866743,4136256.6184349,3974900.48247573,6546564.18034395,3544188.50876634,2119920.58232704,4314772.60609298,4066863.19257006,4708849.45058647,3563550.4943289,4282782.38923109,4970355.60829733,3897724.99165513,5061513.88307508,4376668.34111971,4892330.32808329,3367998.31714354,4437461.28853132,4649573.69683486,4942010.85553277,5221794.50607767,4903147.31725097,5409453.68728786,4724734.45300493,5248275.50968186,4464825.31838907,6852762.39872238,4321716.25872245,3833348.89550486,3605492.4318985,4816239.2979965,3472358.33079128,4334622.74448581,4566370.33006518,3564018.57046183,4347231.1945958,4256661.71956453,5159855.67073644,3522320.10930073,3468295.91973647,3611877.81843693,4050300.73867909,3909272.74519705,4063759.24432922,3857516.07060207,5081189.83163805,4470410.70404725,4570813.34031482,4155348.85511921,3618333.48688025,3921729.96270599,4433431.68010894,4618244.70687804,4027139.73354194,4785279.48183162,5086079.65213637,4972539.83041196,4677960.2215076,4821300.26539857,4978962.01996356,4387726.93319203,5534987.60613981,4718577.38754504,3178781.4852987,4023115.27640884,4222985.00513072,3712172.69734063,4744244.05526304,4182358.70805148,4942049.22218433,5213383.26451662,5191765.04063235,4536185.5243836,4849935.6737988,4864685.9033726,4900742.83905626,4808755.66262466,4443101.33568336,5445063.70544625,3845128.81871672,5701814.56375842,4460463.11430274,4647502.20514566,4140739.54833999,4925795.67998651,5262701.74849639,4432996.38574793,4993807.44565721,5611681.63597605,3908454.11877865,4678901.05835149,5529397.89730088,5181898.15242676,6657727.5622386,5944808.62022813,5895311.62207152,5363282.11332321,4918930.43734559,6707788.92219297,6249355.32931044,5072169.50931418,5507689.16573643,8277783.0363555,5364693.66263074,8188666.77059997,5073407.81948833,5216591.09928899,5658938.78421002,5210250.45832668,4847044.32375325,5342434.93726768,5418159.57191819,4588684.99961581,4878291.10802603,5541586.42224548,7633949.51250547,6528203.82534764,5095236.26172701,5369954.21209878,5833217.67150224,5422984.05675986,6551792.0055721,6156813.5139382,5252537.4716423,5296919.03946845,4760982.6287807,5122051.69086822,3599609.4304819,4623913.14532519,6120421.51942067,4059924.94441681,6258447.80056636,5634441.70437434,4893567.60534776,5925635.82879089,7171603.02583357,4763297.01558408,5257633.40630979,3701586.38302289,5508415.65640053,3878069.76065823,6430060.20596227,5146129.51685509,4028159.72268898,4177022.77776,3823741.00344761,5112501.48805266,6554059.410403,4435503.04642256,4308287.91872596,5805686.4435081,5943132.18639607,5126597.69998488,5407986.12096851,6341415.51371525,4716349.66199344,6185085.53104055,6433235.77105868,4829966.26581562,5563157.34769546,6013977.27353993,5867083.24216788,5627279.02413278,6803195.94120771,5050033.26492889,3945686.72897589,4780053.05920987,5756150.86994831,3719478.24413766,4814006.35982473,7060391.81869312,3646136.14617739,4994284.19647965,5834993.09933396,6389990.95764859,6104112.67274819,6863283.84363563,5131458.82172684,6525611.31049371,5545033.43766906,5562566.67266728,5576470.3025054,5597884.15415376,4865077.85550118,5276696.42257774,8356746.23747376,5153147.09375403,6685233.0212001,5738349.56795895,4812875.34286325,5617616.57926011,4252947.67764748,4841238.75658764,3522755.8335986,3730530.55566452,4165723.40921291,4900204.38504353,3916824.30765211,4371694.3864636,4018932.49316366,5343286.75429297,6062028.31697709,3068692.05109891,4992210.30582796,3715077.93726539,4054069.5632674,4981851.05060202,3713426.96554781,3328313.86512531,5106077.04577593,7493502.26747695,3699060.49312266,5065669.55078399,6945087.30795044,4324582.26096329,5995612.33391111,5783476.78183646,8112201.92174752,5155890.63548648,5061357.17200066,7480549.54813079,9027017.76469555,5355082.52628045,8159538.2056242,5338315.0238199,5062025.35261437,5242295.56308817,5936427.52717968,4056786.35277705,5003706.06075814,4167333.04046915,5060169.29662677,3704746.40934108,3580930.05753025,5260943.24735245,3364211.80113555,5414687.84358387,7592920.05645464,4500555.25939708,4564860.89293797,4534423.97843391,4736213.61327608,4445325.30591513,4207531.1943897,4754452.27441561,4970777.31948136,2938144.65679482,3929485.66872649,4212728.6423919,4677364.41243419,5653750.29797227,3434925.02702475,3348873.36687216,3514278.48410765,3960297.78560026,2467775.10477747,4068693.67674746,3354140.42399865,3708561.35306635,4442249.65125421,3393400.80053314,4558895.21527427,3811498.32266442,3361306.12315474,4402515.21106803,4674417.07769011,5243285.47622411,6532964.44858782,3458685.90112334,4539692.56339443,3047125.73148402,3260891.64369611,3581115.35274522,3171366.24274177,3434801.76482299,4554449.05019987,3554633.43086331,4324038.84447201,4631687.80535899,3831935.99325522,3573028.1843104,3882579.15621437,2711192.33948501,2936395.76418378,4631063.38246782,3615319.0914915,2976476.58127914,2478411.38313268,2937671.45399914,3246347.9894348,4319621.58709246,2944170.45217166,3168617.86358198,3570338.16123587,4001204.34839393,3913692.30726836,4262993.06608189,3239025.05922333,3385298.04535426,3417288.25218844,4112251.38856277,4784454.77475237,2669257.92998121,2643258.19653414,2970817.38247571,3613628.31882522,4441062.09275066,3674410.47058808,4617648.09583968,3064264.33587976,3459792.789793,4205331.93687886,3112640.01202038,4294150.72953864,3888299.23325446,3514134.33211268,3668047.07264892,6136921.16480987,4765692.92501747,4759447.76486194,4428725.13277013,4696508.58946142,4092058.20382354,4105238.07835725,4863611.2634093,3553088.19470106,4802017.17973857,4467057.93837433,4373617.22000668,4636283.67975486,4345878.61607766,3730302.46751143,4597162.10494835,3813223.89229575,3795125.5001138,4584602.27734186,4168687.72914673,3938583.04811816,3587441.42901554,4019255.93391923,3699424.5084418,4583007.33550243,3209649.68667684,3098308.81868563,3377146.91868746,2999011.78660901,3143104.26313058,5209228.79610332,4320458.96195375,4961741.2563383,4791066.06151693,5018306.14381524,5540305.67799814,3426569.25320498,3684025.96454378,4593543.62968555
,,,,,,,,,,,,,,,,,,,,,,,,,,,,,,,,,,,,,,,,,,,,,,,,,,,,,,,,,,,,,,,,,,,,,,,,,,,,,,,,,,,,,,,,,,,,,,,,,,,,,,,,,,,,,,,,,,,,,,,,,,,,,,,,,,,,,,,,,,,,,,,,,,,,,,,,,,,,,,,,,,,,,,,,,,,,,,,,,,,,,,,,,,,,,,,,,,,,,,,,,,,,,,,,,,,,,,,,,,,,,,,,,,,,,,,,,,,,,,,,,,,,,,,,,,,,,,,,,,,,,,,,,,,,,,,,,,,,,,,,,,,,,,,,,,,,,,,,,,,,,,,,,,,,,,,,,,,,,,,,,,,,,,,,,,,,,,,,,,,,,,,,,,,,,,,,,,,,,,,,,,,,,,,,,,,,,,,,,,,,,,,,,,,,,,,,,,,,,,,,,,,,,,,,,,,,,,,,,,,,,,,,,,,,,,,,,,,,,,,,,,,,,,,,,,,,,,,,,,,,,,,,,,,,,,,,,,,,,,,,,,,,,,,,,,,,,,,,,,,,,,,,,,,,,,,,,,,,,,,,,,,,,,,,,,,,,,,,,,,,,,,,,,,,,,,,,,,,,,,,,,,,,,,,,,,,,,,,,,,,,,,,,,,,,,,,,,,,,,,,,,,,,,,,,,,,,,,,,,,,,,,,,,,,,,,,,,,,,,,,,,,,,,,,,,,,,,,,,,,,,,,,,,,,,,,,,,,,,,,,,,,,,,,,,,,,,,,,,,,,,,,,,,,,,,,,,,,,,,,,,,,,,,,,,,,,,,,,,,,,,,,,,,,,,,,,,,,,,,,,,,,,,,,,,,,,,,,,,,,,,,,,,,,,,,,,,,,,,,,,,,,,,,,,,,,,,,,,,,,,,,,,,,,,,,,,,,,,,,,,,,,,,,,,,,,,,,,,,,,,,,,,,,,,,,,,,,,,,,,,,,,,,,,,,,,,,,,,,,,,,,,,,,,,,,,,,,,,,,,,,,,,,,,,,,,,,,,,,,,,,,,,,,,,,,,,,,,,,,,,,,,,,,,,,,,,,,,,,,,,,,,,,,,,,,,,,,,,,,,,,,,,,,,,,,,,,,,,,,,,,,,
6767517.5,2540086.2,5589676.4,7216824.6,9189765.3,8083157.3,8721661.8,8486172.2,8530125.2,6278525.7,7865568.1,8396810.6,7963133.2,8053946.2,9723075.1,10856154.3,7231984.8,7049951.8,8403005.4,8309452.2,7704537.6,7595131.9,8737925.4,8353789.9,9498039.2,8645454.5,8495302.3,8780883.3,9204862.8,8473618.1,9785414.4,7754546.9,7524834.2,6850700.2,6765679.8,6881749.6,7823905.8,7563262.1,8434679.5,8389412.3,6585388.4,6770449.4,7021404.5,7084959.3,7474259.7,7561374.7,7570528.8,8187658.4,8880204.4,6449244.8,6743601.8,7184259.3,6529686.9,8001477.5,7362720.2,6641913.3,6587570.8,6593838.5,5611186,5794262.3,8489994.5,8606681.4,7865719.8,7490358.4,8367605.3,5992028,7683417.4,3380607,6525402.4,6146470,3264631.9,5745602.4,6171281.6,6076343,5784282.5,4945384.1,7185564.3,7047157.4,6690499.3,6709720.8,5963005.3,6180003,5020625.6,4058324.6,4762029,3867579,7092145,4585553.7,5706551.1,4557589.7,6548935.1,6953802.8,7270379.5,7142715.4,7540818.6,7101903.1,5858628.2,6953781.3,8557437.2,8463536.9,7183638.6,7127327.1,7510236.4,7467381.6,7818368,8276611.4,8242459.4,8367408.9,7981888.5,8910650.3,7623489.5,6360820.6,8129566.7,7991729.5,7428881.9,7587958.8,7830408.9,7523912.8,7791800.4,7472685,8522337.7,7177202,7931740.1,6526899.9,7543214.1,6119328.2,5398042.6,6069235.4,7268289.9,8214566.3,8316266.5,8294003.9,6548766.9,5919064.9,5266321.2,6365784.2,6420738.1,5734363.5,6452873.6,7982368.3,7774249.8,6066512.2,6456963.7,8264886.9,7625039.7,8693885.5,7520756.1,7480689.9,9594209.9,8549292.4,7071125.8,8837996.3,8695041.8,9424077,8250219.8,7847616,7968821.5,7789526.1,8074314.7,7918407,7881917.3,7646327.4,6349897.4,7440720.2,7414989.5,7897409,7793538,7410196.6,8470734.9,7619756.8,6271592.6,8588519.5,7315116.3,7316603.1,6844920.1,6451104.3,6124046.6,4992767.4,5303082.4,8100385,6701036.4,6379030.1,6728181.1,6294710.6,5361952.8,4287420.6,5384176.6,3111185.5,5161202,4491877.3,5354280.7,5277902.9,5609651.4,6177529.2,7556753.8,5515275.8,6658392,5341917.9,6462496.2,6307422.6,7095115.5,6265134.2,5035268.9,5386366.7,5430875.8,7222880.4,7104921.8,6300738.4,6068801.7,6860126.1,4639475.9,4955274.8,6298402.4,6129642.5,5573515.5,6428863.3,6679481.2,7367413.2,7094569.8,8051245.2,7954257.3,8549639,8669006.3,8472566.2,7466268.9,7058763.7,5965784.5,5930088.7,4306959.3,6654634.5,6599171.9,4971909,6002965.5,6055287.7,5236777.3,4742678.6,5492912.2,5313832.4,6351330.6,4398429.1,5203478,6022159.8,5938710.2,5243734.6,5442274.1,6449631.5,6109400.9,4331227.6,6597003,5805826.8,4204906.8,5066737.4,4867903.3,3559159.7,2751218.9,3171490.8,4946968.7,3023125.5,2899752.7,1550300.9,1534060,3025218.6,1767501.1,4637627.8,4327775.7,3477874.7,3637973.6,2542142.8,3512407,4077998.5,3518032,2497581.2,4961437.4,4665170.3,5765827.2,4864646.6,5991570.2,6810506.4,5738036.6,5232192.3,4804772.2,6210422.5,4444668.1,5847571.9,4818305.2,4717289.8,5401156.6,3259294,3098900.6,6226527.4,4295077.9,4582638.5,3649900.2,4031305.5,3046575,2367552.3,5408704.4,4684019.1,4812115.2,4471426.5,5121998.5,5811355,4751145.8,2622616.7,3384354.8,3044283.1,3422239.2,2637555.6,3954029.8,4560927.3,4986644.8,4617949.3,1446933.2,2872179,2718681.9,4497070.9,4445378.5,3192390.5,4090704.8,4285081.6,3020063,4254139,3975535.3,3589096.9,5368201,3043288.4,4873639.3,5249061.3,3808304,3832013.1,3275687.8,4666644,3630330.7,1046812.2,3564269.3,1580572.7,5589628.2,4694108.9,3961408.3,4366823.8,6105385.2,3872393.3,4583438.9,4611966.8,5426857.8,2580367.1,4920006.9,5035350.3,2600199.5,4390607.7,4717286.9,3944800.6,3862840.9,6514638.2,3521097.5,3884609.6,3990743.5,5583963.4,4283155.7,4454225.2,4593351.8,5045648.6,3774301.5,4930870.7,3111531.8,3623800.3,2871039.1,3194945.2,1316292.6,5123235.2,3240155.8,2887135.8,3134147.3,2874739.4,2882930.8,2446643.9,3386410.2,3072499.2,1897604.8,1636404.2,1679130.6,3428244.6,4029259.5,4742861.2,5415085.6,4435458.5,4002149.7,5183235.4,5491243.3,3423915.7,3739674.6,4235005.5,1238241.2,3823033.3,3092912.8,3815613.5,4319585,3594172.2,4373268.3,5969212.1,6752097.7,6292524.8,6268273.7,5300715.4,5410975.7,5631575.1,5710447.4,5930082.6,4919591.4,6280347.4,6165777.5,6477728.9,6054549,6006666.6,4985516,5144885.3,5466552.8,5840108.5,5350511.6,5163752,6505188.8,5604397.1,5255643.5,6198584.3,6016061.2,4771469.8,7758568.5,5279637.9,5522388.2,5066482.6,4941041.2,5047062.4,6068507.9,5645360.6,5820606.9,6123516.8,6897554.7,6039346.8,6773859.1,6109872,6479200.4,6520869.5,5828470.1,7328724.7,7142640,6550711.3,5191090.6,6658501.2,6769659.9,7476356.8,7313659,7322045.7,6647091,7857687.8,7729790,8537415.4,8448629.6,8419636,7477197,8739006,8150341.8,8352740.1,7945284,8024352.7,7518136.8,9349157.5,9172858.8,9271819.1,8776252.6,8475357.8,7918620.5,7895902.9,7881074.5,7688772.5,8162299.8,7807920.1,7984118.6,7216560.9,7401913,7015029.7,7103538.5,6173442,8833774.2,7557030.4,7918471.6,6552886.8,7013900.3,7787663,6988661.4,7024909.2,7671580.3,8323316.8,6513168.4,5798204.6,5676137.7,6474118.5,4985054.2,5722584.8,5146501.3,3452811,5725809.6,5666382.5,4581986.7,4544474,3919931,4329821.9,3891637.3,4182416.6,3458817.8,3136302.7,2824338.8,4010834.4,4778745.3,3573172,4309559.9,3547056.9,4193140.1,2687597.6,3714644.5,4498480.7,2057489.8,3996678.9,5088638.8,2792157.9,3695322.9,5003056.1,6339095.9,6102949.1,5418480.6,3422621.6,6169730.6,4680447.4,4179922.4,3098141.7,3516009.8,4070986.3,3296618.1,3610576.8,4096148.7,2417073.4,3208990.7,3713288.9,3485776,4362852.7,2987719.8,4632341.2,3176780.4,2192610.6,3651857.8,3615874,5142011.6,5397203.4,3823263,4290910.7,3879907.2,2381663.6,4595086.1,4339476,5671601.2,5190636.6,4151668.5,5503685.6,5706786.3,5158386.7,4663802.2,4632851.2,5156209.7,6206476.4,5378278.1,4797802.7,4708360.2,5135101.2,5952728.9,5577746.5,5257756.2,5259859.7,4915077,5787171,5332054.4,4100760.5,6130021.1,5868424.7,5643363.6,6064996.3,5630841.8,4757742.7,4902969,4466801.1,7273012.3,6582970.2,5644366.3,5054859.7,3447274.5,5616200.5,6226332.6,5089864.1,5735935.2,3844945.1,5016216.8,5729147.5,6538283.5,5027468.4,4457164.4,4616611.4,6261797.2,5519470.8,6487461.3,3768971.7,6415138.5,5237203.2,3922017.5,5336617.1,4657569.4,5052209.7,4521962.9,4606077.1,4644551.7,5311104.7,3982263.8,5208515,4059130,4274331.5,3659634.6,3556405.6,4511721,3599734.9,4888540.3,3986563.2,3922541.6,3637313,4541418.5,2565074.9,2083661.5,4097118,3722748.5,3029178.1,2345571,2271256,2805679.8,2974628.4,4165868.2,4646002.2,5004954.5,5259382.4,3888913.3,5023579.8,4824883.6,5807554.6,4415206.9,3985189.9,4471632.6,5404664.2,4840031.9,4422108,6240972.7,6274759.2,6377144.5,6742090.9,7047646.2,6438071.2,6752052.8,6352975.1,4844380.1,6023236.5,7511555.5,6839325.2,6798513.9,5977024.6,6789016.7,6611369.1,6556836.6,5726656.9,7048996.9,7699245.9,6384752.8,6783853.5,5579879.4,6339109.7,5764036.2,5191910.3,5767657.1,4572550.2,4597439.5,3975368.1,6391345.8,5047135.9,4043913,4201609.9,4158626.6,4666657.8,5056886.2,5540648.7,4399235.1,5319094.3,3691272.2,5121147.4,5698635.7,5928956.3,5480522,6213900.6,5366447.6,4973817.7,6057989.8,4694432.7,4148883.7,3965533.5,5359106.9,4856501.8,5454501.7,4575354.9,5223058.1,5030273.3,4914656.9,3343233,4125344.5,2511386.8,3142342.2,2965305.8,4595939.1,2379927,1831491.5,2782972.5,2772477.2,3080853.9,2861366.7,3547427.4,3761726,3095085.7,4479217.7,4109210.3,3818714.1,6405952.7,5188090.3,3835360.7,5888439.8,6468342.1,5629211.3,5565517.9,4428784.5,4753753.2,5480096.5,3500382.6,3358045.9,3905316.3,4551142.3,4874281.5,3414554.2,4695614,3687439.8,4795460.9,4359104.8,3426721.4,2074693.4,3824901,3564868.8,1010907.4,1529174.1,2420211.6,2055237.8,2655494.2,3271429.2,2892278,4048073.5,2188275.2,3127602.4,3665462.1,1783773.2,2741970.1,3700481.9,3821621.8,1839644.3,4333125.5,2653599.9,3789192.8,5734766.9,2996390.5,1277102.9,2753637.6,5544892.7,3837373.7,2477072.4,3167981.5,2841196,1437209.7,2374162.1,4053391.4,2490705.5,2552483.4,2927949.9,1248629,3228639.5,4091657.3,4371285.9,3966286.3,4057355.1,4842822.2,3532239.7,2706363.8,3915639.1,2495484.8,2779365.2,3680090.1,2713367.5,2225594.3,3546441,3133968.4,4656137.8,3121435.5,4135610.8,2798629.3,3466397.1,3705953.6,4837338.7,4323433.5,3187139.2,3236474.8,5086196.3,3806469.5,2296779.6,2157495.8,3187613.8,2456328.7,1546140.7,2424578.4,3085974.6,1340439.9,3363113.1,2464921.7,1720926.8,3126468.5,2165712.8,1185685.8,3228559.9,4329825.7,4165299.7,3592767.5,4715535.9,3985032.7,2866431.5,5341622.6,3268259.5,2855320.7,2314736.8,2578890.7,2623758.9,2507347,896777,1338436.3,1787826.8,2751757,2094723.9,2419059.3,2949065.6,848271.300000001,3748099.7,1834851.7,3465252.4,3403554.3,3253950.5,3886871.8,4080280.4,5524978.6,4517931,3988350.2,3770434,3050165.9,2267458.5,2295936.3,1959568.2,987715.100000002,3429428.6,2311815.2,3566611,3339358.2,2572440.5,4348926.2,4048239,2775189.9,1961299.3,4296546.7,3523782.9,3091205,4217102.8,2778168.7,2711636.3,2147194.2,4460715.7,4416461,2384963.5,2186482.6,3692452.3,2186626.4,3854897.3,3839896.4,4377862.1,4639375.3,5506703.6,4971149,5203597.7,4072226.2,4852382,5307688.4,3963020.8,5220523.3,2804001.1,3283732.4,4397552.5,3967707.9,4141734.6,4337599.7,4504256.3,7191898.9,5994421.6,4158497.2,6523463.2,6169841.6,5745071.5,4705829.2,4485589.7,6422704.5,6202379.7,5932273.4,5246760.3,6294664.7,5859567.1,5563412.3,5927154.5,5954682,5964366,5719273.5,5841277.5,5486089.8,5187714.7,4880518.8,3474676.6,2821297.5,5955675.8,5445476,5422544.4,5185804.1,5445902.9,6107378.3,6152704.5,5508000.3,5934545.9,5579649.7,5947288.3,5197554.4,5800860.2,5281572.1,6238126.6,5158642.4,3640874.7,5378984.3,5770336.5,6289083.9,5878685.7,5883571.7,5009823.7,5562425.8,5382695.2,5179676.6,4309747.9,5832828.4,4805782,4988127.1,5066898.6,5039601.5,5077696.1,4510541.8,6480957.9,7229676.7,7984377.3,6192350.2,4981391.8,5318440.8,4905145.1,5846278,4481753,3982493.6,4936304.6,4363663.4,3393330.6,3551848.2,3841625.4,1380019.7,3550429,3050135.8,3574862.4,2345951.3,4193858.2,3598972.8,4023490.3,5089299.4,3541303.1,3974672.5,4176976.8,4570640.8,4088601.9,4107707.7,3904411.4,4146453,5030886.3,5012123.5,4982223.8,4602476.6,5163286.8,5131673.3,4833750.7,4185413.3,5320820.4,5297998,5208627.4,5287944.7,5199602.1,4614673.7,4620313.4,4195240,4149591.2,4269777.3,3721024.8,3631042.7,4145335.7,3025361.4
8382008.13030377,4940780.99572426,9376930.36025154,11618965.4275596,12617044.6322316,12952320.7376938,12630611.8928265,12758955.2773099,12130877.9713437,11364770.2947133,12186333.0201908,13336342.4899815,13305889.6806402,13367660.2668674,12597682.78608,14242349.3299463,12962178.0764585,11521994.5136505,13258801.1266868,12234797.0983825,11877937.6178285,11649728.1161768,12410586.0355673,13151603.6251684,11502617.0282016,11699787.5036575,13077863.386858,13551973.4028275,12058534.6155805,12310129.3537563,11952481.9171523,12262782.6578111,11803060.4025224,11310245.1618979,12074450.8204191,12532925.0949179,12283392.4828752,12711464.0606832,12737279.8772483,12069678.0736877,12424592.4686449,14818863.5041916,12467967.1839951,11480499.5799054,12123966.9953275,12241966.3612729,12736324.623365,11350400.6893042,12786201.5999572,11193394.7594648,12397542.5431843,12066919.1575632,12201962.8151873,12306200.7325762,11988450.6261979,11782423.664984,11175411.4722906,10948159.623968,10952288.9054908,10516801.1733243,12364612.4368757,12758751.9884848,14017414.0357144,11906693.0226198,13246636.8875201,11322604.0607436,11661402.1913138,9909162.03810295,11822971.972462,11004345.2259195,9260658.52790199,10659567.4327022,11420069.4127664,11118828.8258747,9966824.97860007,12760988.2296511,11788140.6296137,12102069.0902262,12044273.2379372,11777160.1880811,10891695.7912046,10605498.4665141,11023956.1366962,9789800.77538149,9463489.352493,10980506.1826451,10917126.8115527,9937696.94857589,11625166.6448135,10962403.3108093,11280744.7336382,11795292.3080912,12923896.0784237,12752471.9717386,12389911.5934179,11923335.8861371,12011152.0154739,12138532.8028624,12518325.0592638,12193564.4121503,12448062.5091852,11665128.1493734,11253563.2767461,12072950.1087675,12668667.587141,12386363.4592236,13224318.630621,12404213.3044576,12385858.225798,12959190.8187108,11527474.4604913,10782234.5798159,11161282.7375632,11426074.9644047,12179962.5189115,12220582.6221772,12210145.1626625,12851216.6679727,12511795.4686473,11855840.6396998,12375396.0291763,11812179.7182972,11834944.7128428,11993419.6946803,11873968.0316346,11299621.8813693,10272236.7152094,10751447.0854657,11448873.5753717,12316349.7869329,12245121.3846795,12698522.5181125,11527916.1519156,11606006.8825856,10220201.5126277,11306065.6806081,10897643.3670363,10469468.8722635,11067676.3286037,11794496.4257681,12592025.6439918,11654830.0869006,11809453.1864168,12794031.0761532,12336181.3899693,11944393.2330136,11580238.2364593,12015498.9589545,11064236.2232302,12222368.8658542,12919306.5855087,12048860.3477714,12132178.9212601,11662772.5636931,11674319.3284708,12210379.888369,11688989.8135676,11752434.7599571,13558206.0418181,15262861.5005067,12507813.5850996,10943356.0534367,10916210.7970184,11035123.2422062,11428405.9587197,11534065.6396342,11696178.467948,11744393.1656834,12026658.7037907,11658889.4828109,13672061.6298866,11196413.2609419,11924192.7658644,11501543.9647958,10907826.8712282,11561660.302201,11154209.7718375,11412178.9641456,11783266.8984513,12226359.7820563,13142693.8602972,12595798.7542004,11393616.6214823,11089855.6252875,10971940.2939141,11384131.1977137,11312625.8572568,10080120.0935763,10194939.8205216,10696811.1524636,10435102.116449,10596771.4475179,10512213.4385785,12267606.8269366,11657977.6455046,11365472.3655559,11065090.1106176,11410284.841096,11132459.2773161,11459788.0339494,11214320.8851963,11048404.6266458,10772199.5208497,10307601.5382006,10912269.6891449,10853094.5752051,11609625.9417627,11019982.1760867,10995194.2955932,11312605.0523872,9784691.56363558,10451999.0760219,10412129.9388353,10933383.992783,10862166.8581403,10465809.1615767,11479396.3683705,12472554.1005382,11714072.7345924,12140012.6129129,11971205.8700383,11445470.6069131,11729592.308533,11448244.2439139,11190684.7654131,11659653.9611204,10569275.2590244,10327999.5856624,10087576.712545,11282917.0435085,10412564.6595601,10233269.2283551,10199686.9265528,9986280.44291304,10109084.2140256,9321221.46991226,10091262.1993651,10042254.2911575,10095992.8876684,10324984.7106296,10436015.1756963,10506636.5120865,10599133.6806243,10521837.0869159,10471359.5795324,10665902.1570499,10874370.7927978,11322394.4408103,11239543.454208,11067475.1484534,9402214.92974075,10007817.9200662,8641659.8816368,9152176.09478319,7580770.97035358,7574620.48446607,9091897.48469054,9738532.62387851,7251604.13142328,7222481.71492599,6252850.28649423,7831851.56669881,8895604.17274277,8887346.7579445,8930822.88019858,9403342.3478889,8952514.74908315,8311461.40408662,8230643.33695331,9305145.51421445,7490573.67189314,8030976.67157142,10386656.5019625,10237324.760275,11024550.9293916,11524941.4919724,10797941.1935261,11200500.1894837,11024629.2491985,10769610.1693934,10095135.9467563,11780770.3046354,11806237.0729449,11300000.2566117,9635792.1800346,10248302.0557243,10645965.8142267,9746115.36135191,9731011.33802924,12285553.1275813,10772941.2742415,10358532.5271787,9400514.95774532,9030496.05223559,8526620.12460478,8451808.61525517,10549254.8315715,10721867.7846148,10344153.494885,9728934.06274596,9371197.35450824,10677890.9058224,9669916.89827675,7622446.48619885,8643529.06682337,8156361.0624897,7637735.46095068,7781587.93607063,9157180.51008573,9482040.80316916,10909613.969277,9080180.86288672,7405831.90097177,7404059.1422307,8033984.1516593,8746611.44984585,10146333.5984181,8594803.0564093,9172238.93856334,8607518.12078443,8567810.91170199,8897235.19588106,8381799.97184304,9681192.516482,9725863.34644188,9850398.3871676,10090540.4845272,9886792.68708903,8738690.00301107,7989754.74147238,8934744.90324098,9601936.28978388,8242393.30234769,8085177.8971831,7372266.04861485,7503378.70809981,9805317.88246104,9268330.08882149,8503471.60921965,9547949.87480358,9720408.26322151,8728146.78475948,9431118.32960939,8922770.50297108,9979504.79217069,8581656.40793998,9713910.95104498,9185178.62858151,9739821.67812111,8395726.27526253,8701001.40828269,8238381.85574503,8455618.11444483,10174162.7023724,7532592.15121722,7879857.77123363,8596277.11742355,10126894.5790152,8416427.92828917,8690453.01893683,8774279.50325652,9554812.82001019,7793795.40437562,8919979.56597029,7829726.45531324,7815873.9657962,9215402.76500344,8726352.76514548,7922534.43154224,9447693.04541863,7166308.95833652,7234676.07591676,8407934.54877506,8135624.05479408,8012415.82406298,6595077.47428284,7704626.83686558,8684022.91601052,5947461.19149875,5716201.51509011,6370150.9325408,8484334.78322171,8611143.57536282,9077737.96831662,9577133.92848219,8834904.10908445,8858557.39151228,9391945.69018191,9683430.29272054,7692022.65706528,7879723.20472818,8386416.60190299,6514157.75929693,7605800.91329292,6992960.19022637,8030830.79133493,9343110.03069452,8324860.12390409,9630857.8921122,9517092.02011029,10203547.3247871,9961327.20735261,9674474.14349403,9532623.36381575,9505147.18843569,9606469.00753035,10072110.4921822,10048424.6030369,9859501.22540633,9175820.76799943,10824182.4421222,10204851.48333,10305948.8899041,10991837.098879,9838671.57056165,10190076.9217452,10580081.2193551,11077636.4125702,11215309.0115821,10776517.3303049,11055274.7858399,10033770.4351017,10614791.1941332,10312231.3958003,10211518.2392715,12569821.2019502,10178596.2008527,11692631.210021,9783844.39862843,9900731.86473795,11091722.4488742,10228749.6834913,10483085.2848156,10867153.7633775,10999231.2542805,11262214.1910022,11466909.6237688,10858943.4182339,10599781.9041901,10743178.3423232,10218049.6465083,11554228.152459,10131203.8574894,10586930.7202669,11011235.1099627,9699747.02204523,10280138.5926664,10578321.739444,10898374.7330838,11108716.467211,10222144.5407152,10086489.0569025,10293525.8667256,10495188.9060861,10346216.4765345,10471915.4354098,10851836.873894,10610567.1824856,11692165.1468576,10675939.442918,10663254.7355556,10767975.0070171,11799439.7481964,10304240.2436453,12178734.3693768,10547278.2003902,10146272.6449441,10361915.1884228,10791537.3698902,10501057.7137475,11769752.2050868,11733484.1377789,11522684.572732,11628962.1574137,12472654.6463912,12147074.8423477,11621577.6390204,11511107.0374949,10834762.1077161,10911662.4920858,10580480.6106611,12103033.2982083,9401195.37615422,11628613.9756559,11266060.953775,11341295.5627881,11268726.1317263,10797796.4513513,11564446.0923566,11249813.4956447,11975801.5831755,11299915.4908864,12123226.1363444,11136024.2920225,10166794.7669058,10155225.42894,10992106.554983,9711279.37288913,9967762.21371978,8806790.99716479,10005437.4049155,9881027.12669652,9954600.87270032,10241473.4078997,8564544.79275484,9257478.66208213,9257819.19930122,8689742.7742427,10683145.3859788,10102380.8056334,9781787.92148039,11065360.2987597,10471173.8743633,10548935.1389653,9267442.37801752,10584688.4858555,8504726.51513354,8184988.04956062,8862716.26551019,8850433.14760521,9601327.73098096,9582675.77009841,9448794.7325402,7943686.20932226,7425904.98113371,9041759.88281052,9689436.43148686,8970890.50237563,10406471.144119,10795741.3941065,9184228.12140866,10561315.6737089,9682460.89189327,8780674.33717714,8859442.19675263,9573875.91781772,7510997.17227986,7653482.98835681,8147808.08442928,7962411.53415626,7824461.09873251,8125035.82124423,8911481.58882548,8897582.50357625,10491471.7141257,8651949.59811459,8285649.58520532,10282861.0625617,8223806.77612056,8267096.07745119,8993543.83777955,9532878.01703177,8323037.1011106,8428465.9847817,8581610.90783912,8434262.51607263,9967597.3089852,8870377.919327,9818529.31233276,10038093.1992721,10943886.1928538,12393622.3630842,9595921.47357061,9128443.1323491,9492709.68565681,11811537.2810465,10082742.0594496,10962453.4869047,10177881.6273552,10304513.1593187,9967441.16206647,9698522.56000054,10022835.065858,9785923.81262356,10174202.9584747,9261201.81456561,9541678.35506803,9554222.10246172,9746185.31484451,10197009.7110482,9730339.89804281,9488164.54262642,9501317.65893793,9422674.59951854,9265046.97524079,9372145.0914489,9376710.13710111,10012437.3940912,9324033.19116242,10348944.7430436,9362643.66225429,9383431.85001773,10047350.6492339,9620099.07485873,11055508.3737397,9768033.01744792,9085845.98281091,8414077.37502777,9498663.5401206,10512641.8720214,9947348.13148801,9786007.95159762,10412566.9731155,9730347.10633579,10080545.1679594,9446045.40200751,9747959.30779156,10909136.2610554,10388632.8491567,9859703.97278978,9471242.50477784,9123128.40412657,8904894.36337071,8493220.75835155,7868085.19235124,8231328.24857365,9216887.39028319,10316662.0268754,8981663.18426169,8685705.91959591,8900230.6310726,9553164.52135594,8454843.37846659,8356184.44171837,8856576.17006925,9449920.0056648,9076557.79514958,8989453.39052741,8360011.28202095,8545445.51519238,9829694.44479003,9009487.64971779,7015895.86332643,8202472.40721013,8794208.16953399,8130415.58543312,8302681.34668445,9771284.54099434,10110547.3599574,8154702.96704674,8373365.6103305,9061997.77426646,9650073.8733901,9591227.04075927,9373398.44540068,9614042.19790917,10372321.719871,9688530.32593122,8420931.90461252,8196612.46127855,8532935.13109796,8792757.00700129,9194416.07109511,9096839.61324218,9508469.3079314,10029057.3916728,10546158.7202673,9669489.78569475,9852008.86874213,10219890.2542805,9964384.02184892,9826368.94215342,10851343.9503289,10945484.2160391,9908895.13731957,11274710.4950428,10348176.7327805,10323417.7811211,10053236.6586674,10747625.7184349,10531737.0824757,12273221.0803439,10593185.4087663,9819166.48232704,10699525.406093,10850716.6925701,10288728.8505865,9902660.1943289,10046818.5892311,10162265.9082973,9665382.09165513,9634064.08307507,8974107.84111971,8867698.42808329,9759344.11714354,9484597.18853132,8693486.69683486,9143620.75553277,9380421.10607767,9569805.11725097,10466339.8872879,10265383.1530049,9647510.60968186,9783919.61838907,10544034.5987224,9442863.65872245,9531984.59550486,9534448.7318985,10296761.2979965,9686258.93079128,9701070.34448581,9540188.03006518,9622008.37046182,9041663.8945958,8405545.41956453,9125389.17073644,8881427.00930073,8324797.71973647,9066379.51843693,8625655.6386791,9132330.84519704,9094032.54432922,8772172.97060207,8424422.83163805,8595755.20404726,7082200.14031482,7297691.05511921,6583639.28688025,8517669.06270599,6813358.68010894,6449736.20687804,6810112.23354194,7557756.68183162,8166933.55213637,7833906.53041196,8225387.62150759,8583026.26539857,8074047.71996356,8866944.63319203,9644197.90613981,8537291.48754504,9584734.1852987,9211205.57640884,8058345.70513072,9600612.49734063,11212586.155263,9811570.00805148,10507567.1221843,9642167.76451662,9945518.24063235,10016282.0243836,8350318.2737988,8222731.8033726,8806059.13905626,9359897.96262466,9317382.83568336,8859617.90544625,8540742.81871672,9389254.36375842,9255924.01430274,9006607.00514566,7567460.94833999,7000489.07998651,9087602.74849639,7997865.18574793,6004714.84565722,7140855.73597605,6328665.71877865,6734138.85835149,8184892.09730088,8453327.35242676,9550005.5622386,9992882.12022812,8083586.82207152,8490884.51332321,8584392.53734559,8491562.12219297,8991325.42931045,8772651.40931418,9329310.96573643,10117427.3363555,9697819.16263074,10842266.6706,8862600.61948833,10951357.999289,8655329.28421002,6487353.35832668,7600681.92375325,10887327.6372677,9255533.27191819,7065757.39961581,8046272.60802603,8382782.42224548,9071159.21250547,8902365.92534765,9148627.661727,7860659.71209878,8385701.07150224,8350933.95675987,7800421.0055721,9385453.0139382,9344194.7716423,9668204.93946845,8727268.9287807,9179406.79086822,8442431.6304819,8156152.84532519,8826785.31942067,7975564.04441681,8753932.60056637,8413806.90437434,8573657.70534776,8639003.32879089,9397197.32583356,8309738.01558408,8391601.80630979,8357724.18302289,8629851.15640053,8013680.56065824,9228689.50596227,8612526.61685509,7734113.32268899,9014361.47775999,8147174.50344761,8299640.68805266,9790534.210403,9521699.34642256,8114757.41872596,8102466.04350811,8100627.98639607,8314211.49998488,7864314.82096851,7887556.21371525,7140928.06199344,9271060.13104055,7773675.67105868,8193079.36581562,8028079.04769546,7734904.07353993,8993551.74216788,7792991.82413278,7988881.74120771,8278593.16492889,8275512.42897589,8945352.75920987,9348918.36994831,8435014.14413766,8799039.05982472,9926823.31869312,8987758.7461774,8262543.69647965,8690313.79933396,8704727.75764859,8683003.37274819,9487042.74363563,7638805.82172684,7422388.31049371,6883469.73766906,7350393.47266728,8328227.3025054,7692608.05415376,7284137.15550119,8225762.02257774,9205017.53747376,8901246.79375403,8520084.7212001,9203601.96795895,8216429.64286325,8871567.07926011,8139819.47764748,8921519.15658764,9047734.4335986,8248461.55566453,8154073.60921291,8670638.38504353,6966990.20765211,6639152.8864636,6314868.79316366,7302854.95429297,7049743.41697709,6498120.65109891,7304025.50582797,7281688.93726539,7393427.7632674,7554291.55060202,8062353.16554781,7376552.86512531,7881266.94577593,9454801.56747695,7995607.19312266,8589452.45078399,10036292.3079504,8541685.06096329,8773781.03391111,8495113.08183646,10259396.1217475,9616606.33548648,9477818.17200066,9865513.04813079,11213500.3646956,9047534.82628045,10346164.6056242,9193212.3238199,8901921.75261437,9620157.66308816,10575802.8271797,9563489.95277705,9974855.06075814,9370930.74046915,9132395.49662677,8557128.40934108,8888618.45753025,9223964.04735245,8584735.10113556,8218688.94358387,10876652.4564546,8898107.75939708,8532568.79293797,8676158.57843392,9073813.31327608,8949581.60591513,11399430.0943897,10748873.8744156,9129274.51948136,9461607.85679482,10099327.2687265,9957800.1423919,9383193.61243419,10139339.9979723,9857629.52702475,9551253.06687216,9446551.88410765,9207058.08560026,8762439.80477747,9928260.77674746,8917552.72399865,9635715.85306635,10396931.6512542,9357766.80053314,10278168.7152743,9652775.82266442,8847395.92315474,9590229.91106803,9554935.87769011,8717962.07622411,9354261.94858782,9414361.70112334,9985168.56339443,8469670.13148402,8446695.74369611,9027018.25274522,9278744.54274177,9587506.26482299,10062449.3501999,9489179.33086331,9903688.54447201,10578976.105359,9029490.39325522,9373888.3843104,9164151.25621437,8949318.939485,8095038.16418378,8271938.08246782,8994303.3914915,8746813.08127914,8767495.28313268,8816357.15399914,9129919.6894348,9329445.28709246,8506596.25217166,8551313.06358198,8750014.76123588,8310952.24839393,9746520.70726836,9068775.06608189,8227152.15922333,8452196.64535426,8456889.75218844,9189947.48856277,9294996.57475237,9150215.82998121,9872934.89653415,10955194.6824757,9805978.51882522,9422453.89275066,8992851.27058808,9522793.19583968,8910542.33587976,7941545.789793,8187825.53687887,8048944.61202038,8657814.12953864,7281629.83325446,7065982.53211268,7509672.47264891,7516940.86480987,8316121.92501747,7809583.56486194,8003587.53277013,7042459.88946142,8285916.40382354,7704210.87835725,8887101.5634093,8642387.59470106,8343320.27973857,8441730.43837433,8550594.02000667,9206924.47975486,8434480.51607766,7838010.16751143,8501573.50494835,7959676.89229575,8826011.8001138,9596725.77734186,9150911.52914673,8541059.64811816,8750728.22901554,9150929.23391923,8533175.2084418,8768420.63550243,8530470.08667684,8396306.81868563,8585774.31868745,8286956.48660901,8342706.36313057,9823902.49610332,8940772.36195375,9156981.2563383,8940657.26151693,9288083.44381524,9261330.47799814,7057611.95320498,7829361.66454378,7618905.02968555
5153026.86969623,139391.404275735,1802422.43974847,2814683.77244037,5762485.96776841,3213993.86230623,4812711.70717346,4213389.12269006,4929372.4286563,1192281.10528675,3544803.17980922,3457278.71001854,2620376.71935978,2740232.13313265,6848467.41392002,7469959.27005372,1501791.52354153,2577909.08634947,3547209.67331324,4384107.30161746,3531137.58217147,3540535.68382323,5065264.76443274,3555976.17483165,7493461.37179838,5591121.49634251,3912741.21314195,4009793.19717247,6351190.9844195,4637106.84624373,7618346.88284769,3246311.14218886,3246607.99747759,2391155.2381021,1456908.77958088,1230574.10508213,3364419.11712475,2415060.13931685,4132079.1227517,4709146.52631226,746184.331355083,-1277964.70419162,1574841.81600492,2689419.02009462,2824552.40467252,2880783.03872712,2404732.97663502,5024916.11069584,4974207.20004283,1705094.84053524,1089661.05681569,2301599.44243684,857410.984812708,3696754.26742377,2736989.77380205,1501402.93501604,1999730.12770944,2239517.37603203,270083.094509167,1071723.42667569,4615376.5631243,4454610.81151523,1714025.56428559,3074023.77738019,3488573.71247986,661451.939256446,3705432.60868624,-3147948.03810295,1227832.82753799,1288594.77408049,-2731394.72790199,831637.367297773,922493.787233628,1033857.17412534,1601740.02139993,-2870220.02965106,2582987.9703863,1992245.7097738,1336725.3620628,1642281.4119189,1034314.80879539,1754507.53348588,-982704.93669619,-1673151.57538148,60568.6475069998,-3245348.18264508,3267163.18844735,-766589.548575888,-212064.444813466,-1847223.9108093,1817125.46636177,2112313.29190882,1616862.92157631,1532958.82826137,2691725.60658208,2280470.31386285,-293895.615473868,1769029.79713758,4596549.34073623,4733509.38784974,1919214.69081483,2589526.05062657,3766909.52325389,2861813.09123254,2968068.41285897,4166859.34077645,3260600.16937896,4330604.49554235,3577918.77420204,4862109.78128923,3719504.53950873,1939406.62018411,5097850.66243681,4557384.03559529,2677801.28108855,2955334.97782277,3450672.63733747,2196608.93202732,3071805.33135272,3089529.36030024,4669279.37082369,2542224.28170282,4028535.48715722,1060380.1053197,3212460.16836543,939034.51863068,523848.484790618,1387023.71453435,3087706.22462831,4112782.81306714,4387411.61532054,3889485.28188751,1569617.6480844,232122.91741443,312440.887372303,1425502.71939187,1943832.83296375,999258.127736517,1838070.87139626,4170240.17423195,2956473.95600815,478194.313099423,1104474.21358317,3735742.72384683,2913898.01003071,5443377.76698637,3461273.96354066,2945880.84104554,8124183.57676976,4876215.93414577,1222945.01449126,5627132.2522286,5257904.67873993,7185381.4363069,4826120.27152923,3484852.11163104,4248653.18643238,3826617.44004288,2590423.35818187,573952.499493269,3256021.01490044,4349298.74656325,1783584.00298162,3846317.15779378,3401573.0412803,4260752.36036578,3890897.53205196,3076000.03431657,4914811.09620928,3580624.11718906,-1128876.42988661,5980625.73905811,2706039.83413556,3131662.23520423,2782013.32877176,1340548.29779904,1093883.42816248,-1426644.16414563,-1177102.09845132,3974410.21794366,259378.939702845,162261.445799575,2062745.57851769,1499565.57471247,-248034.693914137,-2809289.99771368,-544272.657256818,-3857749.09357626,127464.179478417,-1713056.55246361,273459.283550992,-40965.6475179214,707089.361421502,87451.5730633726,3455529.95449537,-334920.765555895,2251693.8893824,-726449.041095993,1792533.12268393,1155057.16605057,2975910.11480372,1481863.77335421,-701661.720849734,465131.861799434,-50518.0891448846,3592666.22479489,2600217.65823727,1581494.6239133,1142409.10440677,2407647.14761283,-505739.763635579,-541449.476021923,2184674.86116474,1325901.00721698,284864.141859666,2391917.43842331,1879566.03162953,2262272.29946178,2475066.86540762,3962477.7870871,3937308.72996165,5653807.3930869,5608420.29146703,5496888.15608613,3741853.03458685,2457873.43887964,1362293.74097562,1532177.81433763,-1473658.11254503,2026351.95649148,2785779.14043989,-289451.22835513,1806244.07344719,2124294.95708696,364470.385974406,164135.73008774,894562.200634882,585410.508842535,2606668.31233159,-1528126.5106296,-29059.1756963283,1537683.08791352,1278286.71937573,-34367.8869159212,413188.620467566,2233360.84295013,1344431.00720225,-2659939.24081034,1954462.54579195,544178.451546621,-992401.329740749,125656.879933788,1094146.7183632,-2033856.69478319,-2078333.17035357,-1231638.88446607,802039.915309454,-3692281.62387851,-1452098.73142329,-4121879.91492599,-3184730.28649423,-1781414.36669881,-5360601.97274277,387908.8420555,-275271.480198577,-2447592.9478889,-1676567.54908315,-3227175.80408663,-1205829.33695331,-1149148.51421444,-454509.671893136,-3035814.27157142,-463781.701962458,-906984.160275027,507103.470608359,-1795648.29197237,1185199.20647393,2420512.61051631,451443.950801481,-305225.569393354,-485591.546756336,640074.695364642,-2916900.87294489,395143.543388281,818.219965393655,-813722.45572433,156347.385773271,-3227527.36135191,-3533210.13802924,167501.672418688,-2182785.47424148,-1193255.52717875,-2100714.55774533,-967885.052235591,-2433470.12460478,-3716704.01525518,268153.968428544,-1353829.58461482,-719923.094885024,-786081.062745957,872799.645491756,944819.094177625,-167625.298276745,-2377213.08619884,-1874819.46682336,-2067794.8624897,-793257.06095068,-2506476.73607063,-1249120.91008573,-360186.203169163,-936324.369276958,155717.737113281,-4511965.50097176,-1659701.1422307,-2596620.3516593,247530.350154151,-1255576.59841806,-2210022.0564093,-990829.33856334,-37354.9207844296,-2527684.91170199,-388957.195881064,-430729.371843042,-2502998.71648199,1010538.65355812,-3763821.58716759,-343261.884527206,611329.912910973,-1122082.00301107,-325728.541472378,-2383369.30324098,-268648.289783881,-981731.902347682,-5991553.49718309,-243727.448614852,-4342233.30809981,1373938.51753896,119887.711178506,-580655.009219647,-814302.274803575,2490362.13677849,-983360.184759475,-264240.529609391,301163.097028913,874210.807829309,-3420922.20793998,126102.848955015,885521.971418492,-4539422.67812111,385489.124737465,733572.391717307,-348780.655745028,-729936.314444832,2855113.69762762,-490397.151217214,-110638.571233622,-614790.11742355,1041032.22098484,149883.471710832,217997.381063173,412424.096743481,536484.379989819,-245192.40437562,941761.834029721,-1606662.85531324,-568273.365796201,-3473324.56500343,-2336462.36514548,-5289949.23154225,798777.354581365,-685997.358336529,-1460404.47591676,-2139639.94877507,-2386145.25479407,-2246554.22406298,-1701789.67428283,-931806.43686558,-2539024.51601052,-2152251.59149875,-2443393.11509011,-3011889.7325408,-1627845.5832217,-552624.575362818,407984.431683377,1253037.27151782,36012.8909155456,-854257.991512278,974525.109818092,1299056.30727946,-844191.257065283,-400374.004728182,83594.3980970127,-4037675.35929693,40265.6867070799,-807134.590226368,-399603.791334931,-703940.030694522,-1136515.72390409,-884321.292112196,2421332.17988971,3300648.07521295,2623722.39264739,2862073.25650597,1068807.43618425,1316804.21156431,1656681.19246965,1348784.30781784,1811740.59696308,-20318.4254063228,3384874.03200057,1507372.55787781,2750606.31666996,1803149.11009593,1021496.10112097,132360.429438346,99693.6782547738,353024.380644861,602580.587429812,-514285.811582094,-449013.330304899,1955102.81416014,1175023.76489829,-103504.194133176,2084937.20419965,1820604.16072851,-3026881.60195019,5338540.79914728,-1133355.41002102,1260932.00137156,232233.335262054,-1209640.04887418,-134624.883491265,1653930.51518435,423567.436622518,641982.5457195,984819.408997833,2328199.7762312,1219750.1817661,2947936.29580989,1476565.65767684,2740351.15349166,1487510.84754105,1525736.34251059,4070518.67973309,3274044.89003732,3401675.57795477,102042.607333572,2738680.66055605,2640945.0669162,3843997.13278898,4405173.45928484,4557602.34309748,3000656.13327444,5220186.69391389,5113363.52346546,6602915.36459016,6045422.32610596,6228704.81751442,3262228.85314244,6802072.55708196,5637428.86444441,5937505.19298287,4091128.25180363,5744465.15635475,2857539.23062324,8151036.79960985,8199444.95505594,8181723.01157719,6760967.83010977,6449657.88625246,4067488.79491317,4058321.66222111,4239464.42726801,3748582.84258635,3851944.95360881,3468765.35765229,4346659.56097964,2922014.76250512,3969063.89228387,3118396.90791425,3626596.38933893,243850.701791684,8266353.02384578,3485446.82434406,4570882.24622498,1764478.03721185,2759074.4682737,4777529.54864868,2412876.70764345,2800004.90435531,3367359.0168245,5346718.10911359,903110.663655641,460384.907977482,1185480.63309419,2793011.57106005,-1021998.15498305,1733890.22711087,325240.386280225,-1901168.99716479,1446181.79508448,1451737.87330348,-790627.472700326,-1152525.4078997,-724682.792754845,-597834.862082127,-1474544.59930122,-324909.574242698,-3765509.78597881,-3829775.40563339,-4133110.32148039,-3043691.4987597,-913683.274363338,-3402591.1389653,-648322.578017524,-3490574.68585547,-118446.315133544,-2809792.84956061,-1433427.26551019,146528.252394788,-5486348.13098097,-1589317.97009842,728482.867459799,-2359370.40932226,-35259.1811337015,964352.317189473,2988755.36851314,3235007.69762436,430490.055880978,-3950498.19410649,3155233.07859133,-1200420.87370885,-1322616.09189326,-2584390.93717714,-1827422.59675263,-1431903.31781772,-917760.972279858,-432329.388356813,44489.3155707265,-3128264.73415626,-1406479.69873251,-698458.02124423,-1939929.58882548,-171877.103576254,-4516032.11412574,612732.801885409,-1932088.78520532,-5897639.86256165,-920091.176120567,-1035348.07745119,1290479.36222046,1261528.78296823,-676511.101110594,153355.415218301,-821796.507839126,-3670935.31607264,-777425.108985206,-191425.919327003,1524673.08766724,343180.000727912,-2640549.19285375,-1386251.16308415,1817651.12642939,1188330.2676509,-165105.285656801,-2545834.88104645,229677.340550425,1450499.3130953,578674.572644754,-708907.759318745,-550720.762066473,571679.839999456,1882622.734142,1369569.18737644,341309.441525311,1258517.58543439,288475.644931966,2020119.89753828,917923.485155487,-1995488.71104821,2529702.30195719,2248684.85737358,1785409.54106207,2707318.00048146,1996636.62475921,143340.308551098,429227.862898893,-1078835.19409124,5221991.40883759,2816995.65695636,1926088.9377457,726287.549982269,-3152801.64923393,1612301.92514127,1397156.82626035,411695.182552073,2386024.4171891,-724187.175027769,533770.059879394,945653.127978586,3129218.86851199,268928.848402382,-1498238.17311552,-497124.306335787,2443049.23204057,1592896.19799249,3226963.29220844,-3371192.8610554,2441644.15084332,614702.427210225,-1627207.50477784,1550105.79587343,410244.436629287,1611198.64164845,1175840.60764877,980825.951426355,72216.0097168116,305547.373124604,-1017135.58426169,1731324.08040409,-781970.631072603,-1004501.52135594,-1135574.17846659,-1243373.24171838,166865.829930747,-2250450.2056648,700522.804850423,-1016326.99052741,-514928.082020949,-1270819.51519238,-746857.444790031,-3879337.84971779,-2848572.86332643,-8236.40721012559,-1348711.16953399,-2072059.38543312,-3611539.34668445,-5228772.54099434,-4499187.75995737,-2205446.16704674,-41629.2103304919,230006.625733537,359835.126609899,927537.759240724,-1595571.84540068,433117.402090823,-722554.519870973,1926578.87406878,409481.895387474,-226232.661278545,410330.068902036,2016571.39299871,485647.728904893,-252623.613242175,2973476.0920686,2520461.00832715,2208130.27973274,3814692.01430524,4243283.53125787,2656252.14571949,3539721.57815108,2879581.25784658,-1162583.75032886,1100988.78396089,5114215.86268043,2403939.90495716,3248851.06721946,1630631.41887887,3524796.74133258,2475112.4815651,2581936.11752427,-819907.280343952,3504808.39123366,5579325.31767295,2069980.19390702,2716990.30742994,871029.949413534,2775559.2056711,1481253.81076891,221554.691702675,1869932.10834488,-488963.683075076,220771.158880289,-916962.22808329,3023347.48285646,609674.611468682,-605660.696834863,-740400.955532771,-1063167.90607766,-236489.517250965,-352567.48728786,815914.246995066,-849040.409681859,854268.981610936,-3161490.19872238,799431.141277554,1865286.80449514,2323463.8681015,664282.702003502,2741542.26920872,1031824.85551418,407447.369934821,2493971.22953817,347201.505404198,-107778.019564535,-1194322.17073644,1836786.79069927,1388205.88026353,1842623.88156307,525054.16132091,1313785.35480295,966514.055670779,1057140.82939794,-1737956.83163805,-345066.204047254,-2059426.54031482,-1013006.65511921,-653027.68688025,674209.137294004,-2053504.68010894,-2786753.20687804,-1244167.23354194,-2012802.28183162,-2005225.75213636,-2111173.13041196,-1130532.8215076,-1059574.26539857,-1883876.31996356,91490.7668079725,-1425777.30613981,-899863.287545036,3227171.2147013,1164975.02359116,-387624.30513072,2176267.10265937,1724098.04473696,1446852.59194853,623468.677815672,-784598.764516624,-438011.840632351,943910.975616403,-1349553.0737988,-1506640.0033726,-995426.539056259,-257613.362624667,431180.164316637,-2030509.50544625,850485.181283283,-2014374.76375842,334997.785697254,-288397.40514566,-714018.148339989,-2851102.27998651,-1437800.74849639,-868127.585747932,-3982900.04565721,-4082507.53597605,-1488242.51877865,-2623663.25835149,-2873903.69730088,-1910468.95242676,-3765449.5622386,-1896735.12022813,-3707036.42207152,-2235679.71332321,-1253468.33734559,-4924015.72219297,-3507385.22931044,-1371687.60931418,-1686067.36573643,-6438138.7363555,-1031568.16263074,-5535066.87059998,-1284215.01948833,518175.800711009,-2662548.28421002,-3933147.55832668,-2093406.72375325,202457.762732322,-1580785.87191819,-2111612.59961581,-1710309.60802603,-2700390.42224548,-6196739.81250547,-4154041.72534764,-1041844.86172701,-2879248.71209878,-3280734.27150224,-2495034.15675986,-5303163.00557211,-2928174.0139382,-1160880.1716423,-925633.139468454,-794696.328780704,-1064696.59086822,1243212.7695181,-1091673.44532519,-3414057.71942068,-144285.844416808,-3762963.00056636,-2855076.50437434,-1213477.50534776,-3212268.32879089,-4946008.72583357,-1216856.01558408,-2123665.00630979,954551.416977108,-2386980.15640053,257541.039341766,-3631430.90596227,-1679732.41685509,-322206.122688982,660315.922240003,499692.496552395,-1925362.28805266,-3317584.61040299,650693.253577443,-501818.418725964,-3508906.8435081,-3785636.38639607,-1938983.89998488,-2951657.42096851,-4795274.81371525,-2291771.26199344,-3099110.93104056,-5092795.87105868,-1466853.16581562,-3098235.64769546,-4293050.47353993,-2740614.74216788,-3461566.22413277,-5617510.14120771,-1821473.36492889,384138.971024105,-614753.359209867,-2163383.36994831,996057.655862341,-828973.659824725,-4193960.31869312,1695486.45382261,-1726024.69647965,-2979672.39933396,-4075254.15764859,-3525221.97274819,-4239524.94363563,-2624111.82172684,-5628834.31049371,-4206597.13766906,-3774739.87266729,-2824713.3025054,-3503160.25415376,-2446018.55550118,-2327630.82257774,-7508474.93747376,-1405047.39375404,-4850381.3212001,-2273097.16795895,-1409321.04286325,-2363666.07926011,-366075.877647476,-760958.356587645,2002222.7664014,787400.444335476,-177373.209212908,-1129770.38504353,-866658.407652113,-2104235.8864636,-1722996.19316366,-3383718.55429297,-5074313.21697708,360736.548901085,-2680395.10582796,-148466.937265395,-714711.3632674,-2409410.55060202,635499.234452191,719925.13487469,-2330887.14577593,-5532202.96747695,597486.206877341,-1541886.65078399,-3853882.30795044,-107479.460963286,-3217443.63391111,-3071840.48183647,-5965007.72174753,-695174.935486475,-644896.172000657,-5095586.04813079,-6840535.16469555,-1662630.22628045,-5972911.80562421,-1483417.7238199,-1222128.95261437,-864433.46308817,-1297052.22717968,1449917.24722295,-32557.060758139,1036264.65953086,-987943.096626768,1147635.59065892,1726758.34246975,-1297922.44735244,1856311.49886445,-2610686.74358387,-4309187.65645463,-103002.75939708,-597152.992937969,-392689.378433913,-398613.91327608,58930.9940848686,2984367.70561031,1239969.32558439,-812280.119481359,3585318.54320518,2240355.93127351,1532342.8576081,28464.7875658134,-1168160.59797227,2987779.47297525,2853506.33312784,2417994.91589235,1286462.51439974,3826889.59522254,1790873.42325255,2209271.87600135,2218593.14693365,1512432.34874579,2570965.19946686,1160378.28472573,2029779.17733559,2124783.67684526,785199.488931968,206101.722309891,-1768608.87622411,-3711666.94858782,2496989.89887666,905783.436605566,2375418.66851598,1924912.45630389,1864787.54725477,2936012.05725823,2717902.735177,953551.249800135,2379912.46913669,1255610.85552799,1315600.49464101,1365618.40674479,2227832.0156896,1398992.94378563,3526934.26051499,2222246.63581622,-990188.682467815,1763665.2085085,2793859.91872086,3810672.51686732,2941014.24600086,2637223.7105652,690202.112907535,2618255.34782834,2214077.33641802,1609338.43876413,308543.551606068,1919136.09273164,542788.933918115,1749102.04077667,1681600.55464574,1622313.24781156,965444.711437235,-273912.974752365,3811699.97001879,4586418.50346586,5013559.91752429,2578721.88117478,540329.707249344,1644030.32941192,287497.004160325,2782013.66412024,1021960.210207,-222838.336878862,1823664.58797962,69512.6704613613,-494968.633254457,37713.8678873144,173578.327351083,-4756901.46480987,-1215263.92501747,-1709311.96486194,-853862.732770126,-2350557.28946142,101799.996176463,-506265.278357248,-840120.963409297,1536211.20529894,-1260714.07973857,-492385.438374329,-196640.420006679,-65642.8797548618,-257276.716077657,377405.232488573,-692750.704948355,333229.107704254,1235760.7998862,427521.22265814,813536.070853272,663893.551881841,1575845.37098446,1112417.36608077,1134326.19155821,-397594.035502427,2111170.71332316,2199689.18131437,1831480.48131254,2288932.91339098,2056497.83686942,-594555.096103319,299854.43804625,-766501.256338298,-641474.861516934,-748528.843815238,-1819280.87799814,204473.446795019,461309.73545622,-1568182.22968555
,,,,,,,,,,,,,,,,,,,,,,,,,,,,,,,,,,,,,,,,,,,,,,,,,,,,,,,,,,,,,,,,,,,,,,,,,,,,,,,,,,,,,,,,,,,,,,,,,,,,,,,,,,,,,,,,,,,,,,,,,,,,,,,,,,,,,,,,,,,,,,,,,,,,,,,,,,,,,,,,,,,,,,,,,,,,,,,,,,,,,,,,,,,,,,,,,,,,,,,,,,,,,,,,,,,,,,,,,,,,,,,,,,,,,,,,,,,,,,,,,,,,,,,,,,,,,,,,,,,,,,,,,,,,,,,,,,,,,,,,,,,,,,,,,,,,,,,,,,,,,,,,,,,,,,,,,,,,,,,,,,,,,,,,,,,,,,,,,,,,,,,,,,,,,,,,,,,,,,,,,,,,,,,,,,,,,,,,,,,,,,,,,,,,,,,,,,,,,,,,,,,,,,,,,,,,,,,,,,,,,,,,,,,,,,,,,,,,,,,,,,,,,,,,,,,,,,,,,,,,,,,,,,,,,,,,,,,,,,,,,,,,,,,,,,,,,,,,,,,,,,,,,,,,,,,,,,,,,,,,,,,,,,,,,,,,,,,,,,,,,,,,,,,,,,,,,,,,,,,,,,,,,,,,,,,,,,,,,,,,,,,,,,,,,,,,,,,,,,,,,,,,,,,,,,,,,,,,,,,,,,,,,,,,,,,,,,,,,,,,,,,,,,,,,,,,,,,,,,,,,,,,,,,,,,,,,,,,,,,,,,,,,,,,,,,,,,,,,,,,,,,,,,,,,,,,,,,,,,,,,,,,,,,,,,,,,,,,,,,,,,,,,,,,,,,,,,,,,,,,,,,,,,,,,,,,,,,,,,,,,,,,,,,,,,,,,,,,,,,,,,,,,,,,,,,,,,,,,,,,,,,,,,,,,,,,,,,,,,,,,,,,,,,,,,,,,,,,,,,,,,,,,,,,,,,,,,,,,,,,,,,,,,,,,,,,,,,,,,,,,,,,,,,,,,,,,,,,,,,,,,,,,,,,,,,,,,,,,,,,,,,,,,,,,,,,,,,,,,,,,,,,,,,,,,,,,,,,,,,,,,,,,,,,,,,,,,,,,,,,,,,,,,,,,,,,,,,,,,,,,,,
5139435.23642578,,,,,,,,,,,,,,,,,,,,,,,,,,,,,,,,,,,,,,,,,,,,,,,,,,,,,,,,,,,,,,,,,,,,,,,,,,,,,,,,,,,,,,,,,,,,,,,,,,,,,,,,,,,,,,,,,,,,,,,,,,,,,,,,,,,,,,,,,,,,,,,,,,,,,,,,,,,,,,,,,,,,,,,,,,,,,,,,,,,,,,,,,,,,,,,,,,,,,,,,,,,,,,,,,,,,,,,,,,,,,,,,,,,,,,,,,,,,,,,,,,,,,,,,,,,,,,,,,,,,,,,,,,,,,,,,,,,,,,,,,,,,,,,,,,,,,,,,,,,,,,,,,,,,,,,,,,,,,,,,,,,,,,,,,,,,,,,,,,,,,,,,,,,,,,,,,,,,,,,,,,,,,,,,,,,,,,,,,,,,,,,,,,,,,,,,,,,,,,,,,,,,,,,,,,,,,,,,,,,,,,,,,,,,,,,,,,,,,,,,,,,,,,,,,,,,,,,,,,,,,,,,,,,,,,,,,,,,,,,,,,,,,,,,,,,,,,,,,,,,,,,,,,,,,,,,,,,,,,,,,,,,,,,,,,,,,,,,,,,,,,,,,,,,,,,,,,,,,,,,,,,,,,,,,,,,,,,,,,,,,,,,,,,,,,,,,,,,,,,,,,,,,,,,,,,,,,,,,,,,,,,,,,,,,,,,,,,,,,,,,,,,,,,,,,,,,,,,,,,,,,,,,,,,,,,,,,,,,,,,,,,,,,,,,,,,,,,,,,,,,,,,,,,,,,,,,,,,,,,,,,,,,,,,,,,,,,,,,,,,,,,,,,,,,,,,,,,,,,,,,,,,,,,,,,,,,,,,,,,,,,,,,,,,,,,,,,,,,,,,,,,,,,,,,,,,,,,,,,,,,,,,,,,,,,,,,,,,,,,,,,,,,,,,,,,,,,,,,,,,,,,,,,,,,,,,,,,,,,,,,,,,,,,,,,,,,,,,,,,,,,,,,,,,,,,,,,,,,,,,,,,,,,,,,,,,,,,,,,,,,,,,,,,,,,,,,,,,,,,,,,,,,,,,,,,,,,,,,,,,,,,,,,,,,,,,,,,,,,,,,,,,,,,,,,,,,,,,,,,,,,,
9805110.43758125,,,,,,,,,,,,,,,,,,,,,,,,,,,,,,,,,,,,,,,,,,,,,,,,,,,,,,,,,,,,,,,,,,,,,,,,,,,,,,,,,,,,,,,,,,,,,,,,,,,,,,,,,,,,,,,,,,,,,,,,,,,,,,,,,,,,,,,,,,,,,,,,,,,,,,,,,,,,,,,,,,,,,,,,,,,,,,,,,,,,,,,,,,,,,,,,,,,,,,,,,,,,,,,,,,,,,,,,,,,,,,,,,,,,,,,,,,,,,,,,,,,,,,,,,,,,,,,,,,,,,,,,,,,,,,,,,,,,,,,,,,,,,,,,,,,,,,,,,,,,,,,,,,,,,,,,,,,,,,,,,,,,,,,,,,,,,,,,,,,,,,,,,,,,,,,,,,,,,,,,,,,,,,,,,,,,,,,,,,,,,,,,,,,,,,,,,,,,,,,,,,,,,,,,,,,,,,,,,,,,,,,,,,,,,,,,,,,,,,,,,,,,,,,,,,,,,,,,,,,,,,,,,,,,,,,,,,,,,,,,,,,,,,,,,,,,,,,,,,,,,,,,,,,,,,,,,,,,,,,,,,,,,,,,,,,,,,,,,,,,,,,,,,,,,,,,,,,,,,,,,,,,,,,,,,,,,,,,,,,,,,,,,,,,,,,,,,,,,,,,,,,,,,,,,,,,,,,,,,,,,,,,,,,,,,,,,,,,,,,,,,,,,,,,,,,,,,,,,,,,,,,,,,,,,,,,,,,,,,,,,,,,,,,,,,,,,,,,,,,,,,,,,,,,,,,,,,,,,,,,,,,,,,,,,,,,,,,,,,,,,,,,,,,,,,,,,,,,,,,,,,,,,,,,,,,,,,,,,,,,,,,,,,,,,,,,,,,,,,,,,,,,,,,,,,,,,,,,,,,,,,,,,,,,,,,,,,,,,,,,,,,,,,,,,,,,,,,,,,,,,,,,,,,,,,,,,,,,,,,,,,,,,,,,,,,,,,,,,,,,,,,,,,,,,,,,,,,,,,,,,,,,,,,,,,,,,,,,,,,,,,,,,,,,,,,,,,,,,,,,,,,,,,,,,,,,,,,,,,,,,,,,,,,,,,,,,,,,,,,,,,,,,,,,,,,,,,,,,,,,,,,
473760.035270307,,,,,,,,,,,,,,,,,,,,,,,,,,,,,,,,,,,,,,,,,,,,,,,,,,,,,,,,,,,,,,,,,,,,,,,,,,,,,,,,,,,,,,,,,,,,,,,,,,,,,,,,,,,,,,,,,,,,,,,,,,,,,,,,,,,,,,,,,,,,,,,,,,,,,,,,,,,,,,,,,,,,,,,,,,,,,,,,,,,,,,,,,,,,,,,,,,,,,,,,,,,,,,,,,,,,,,,,,,,,,,,,,,,,,,,,,,,,,,,,,,,,,,,,,,,,,,,,,,,,,,,,,,,,,,,,,,,,,,,,,,,,,,,,,,,,,,,,,,,,,,,,,,,,,,,,,,,,,,,,,,,,,,,,,,,,,,,,,,,,,,,,,,,,,,,,,,,,,,,,,,,,,,,,,,,,,,,,,,,,,,,,,,,,,,,,,,,,,,,,,,,,,,,,,,,,,,,,,,,,,,,,,,,,,,,,,,,,,,,,,,,,,,,,,,,,,,,,,,,,,,,,,,,,,,,,,,,,,,,,,,,,,,,,,,,,,,,,,,,,,,,,,,,,,,,,,,,,,,,,,,,,,,,,,,,,,,,,,,,,,,,,,,,,,,,,,,,,,,,,,,,,,,,,,,,,,,,,,,,,,,,,,,,,,,,,,,,,,,,,,,,,,,,,,,,,,,,,,,,,,,,,,,,,,,,,,,,,,,,,,,,,,,,,,,,,,,,,,,,,,,,,,,,,,,,,,,,,,,,,,,,,,,,,,,,,,,,,,,,,,,,,,,,,,,,,,,,,,,,,,,,,,,,,,,,,,,,,,,,,,,,,,,,,,,,,,,,,,,,,,,,,,,,,,,,,,,,,,,,,,,,,,,,,,,,,,,,,,,,,,,,,,,,,,,,,,,,,,,,,,,,,,,,,,,,,,,,,,,,,,,,,,,,,,,,,,,,,,,,,,,,,,,,,,,,,,,,,,,,,,,,,,,,,,,,,,,,,,,,,,,,,,,,,,,,,,,,,,,,,,,,,,,,,,,,,,,,,,,,,,,,,,,,,,,,,,,,,,,,,,,,,,,,,,,,,,,,,,,,,,,,,,,,,,,,,,,,,,,,,,,,,,,,,,,,,,,,,,,,,,,,
