,,,,,,,,,,,,,,,,,,,,,,,,,,,,,,,,,,,,,,,,,,,,,,,,,,,,,,,,,,,,,,,,,,,,,,,,,,,,,,,,,,,,,,,,,,,,,,,,,,,,,,,,,,,,,,,,,,,,,,,,,,,,,,,,,,,,,,,,,,,,,,,,,,,,,,,,,,,,,,,,,,,,,,,,,,,,,,,,,,,,,,,,,,,,,,,,,,,,,,,,,,,,,,,,,,,,,,,,,,,,,,,,,,,,,,,,,,,,,,,,,,,,,,,,,,,,,,,,,,,,,,,,,,,,,,,,,,,,,,,,,,,,,,,,,,,,,,,,,,,,,,,,,,,,,,,,,,,,,,,,,,,,,,,,,,,,,,,,,,,,,,,,,,,,,,,,,,,,,,,,,,,,,,,,,,,,,,,,,,,,,,,,,,,,,,,,,,,,,,,,,,,,,,,,,,,,,,,,,,,,,,,,,,,,,,,,,,,,,,,,,,,,,,,,,,,,,,,,,,,,,,,,,,,,,,,,,,,,,,,,,,,,,,,,,,,,,,,,,,,,,,,,,,,,,,,,,,,,,,,,,,,,,,,,,,,,,,,,,,,,,,,,,,,,,,,,,,,,,,,,,,,,,,,,,,,,,,,,,,,,,,,,,,,,,,,,,,,,,,,,,,,,,,,,,,,,,,,,,,,
,,,,,,,,,,,,,,,,,,,,,,,,,,,,,,,,,,,,,,,,,,,,,,,,,,,,,,,,,,,,,,,,,,,,,,,,,,,,,,,,,,,,,,,,,,,,,,,,,,,,,,,,,,,,,,,,,,,,,,,,,,,,,,,,,,,,,,,,,,,,,,,,,,,,,,,,,,,,,,,,,,,,,,,,,,,,,,,,,,,,,,,,,,,,,,,,,,,,,,,,,,,,,,,,,,,,,,,,,,,,,,,,,,,,,,,,,,,,,,,,,,,,,,,,,,,,,,,,,,,,,,,,,,,,,,,,,,,,,,,,,,,,,,,,,,,,,,,,,,,,,,,,,,,,,,,,,,,,,,,,,,,,,,,,,,,,,,,,,,,,,,,,,,,,,,,,,,,,,,,,,,,,,,,,,,,,,,,,,,,,,,,,,,,,,,,,,,,,,,,,,,,,,,,,,,,,,,,,,,,,,,,,,,,,,,,,,,,,,,,,,,,,,,,,,,,,,,,,,,,,,,,,,,,,,,,,,,,,,,,,,,,,,,,,,,,,,,,,,,,,,,,,,,,,,,,,,,,,,,,,,,,,,,,,,,,,,,,,,,,,,,,,,,,,,,,,,,,,,,,,,,,,,,,,,,,,,,,,,,,,,,,,,,,,,,,,,,,,,,,,,,,,,,,,,,,,,,,,,,,
,,,,,,,,,,,,,,,,,,,,,,,,,,,,,,,,,,,,,,,,,,,,,,,,,,,,,,,,,,,,,,,,,,,,,,,,,,,,,,,,,,,,,,,,,,,,,,,,,,,,,,,,,,,,,,,,,,,,,,,,,,,,,,,,,,,,,,,,,,,,,,,,,,,,,,,,,,,,,,,,,,,,,,,,,,,,,,,,,,,,,,,,,,,,,,,,,,,,,,,,,,,,,,,,,,,,,,,,,,,,,,,,,,,,,,,,,,,,,,,,,,,,,,,,,,,,,,,,,,,,,,,,,,,,,,,,,,,,,,,,,,,,,,,,,,,,,,,,,,,,,,,,,,,,,,,,,,,,,,,,,,,,,,,,,,,,,,,,,,,,,,,,,,,,,,,,,,,,,,,,,,,,,,,,,,,,,,,,,,,,,,,,,,,,,,,,,,,,,,,,,,,,,,,,,,,,,,,,,,,,,,,,,,,,,,,,,,,,,,,,,,,,,,,,,,,,,,,,,,,,,,,,,,,,,,,,,,,,,,,,,,,,,,,,,,,,,,,,,,,,,,,,,,,,,,,,,,,,,,,,,,,,,,,,,,,,,,,,,,,,,,,,,,,,,,,,,,,,,,,,,,,,,,,,,,,,,,,,,,,,,,,,,,,,,,,,,,,,,,,,,,,,,,,,,,,,,,,,,,,
,,,,,,,,,,,,,,,,,,,,,,,,,,,,,,,,,,,,,,,,,,,,,,,,,,,,,,,,,,,,,,,,,,,,,,,,,,,,,,,,,,,,,,,,,,,,,,,,,,,,,,,,,,,,,,,,,,,,,,,,,,,,,,,,,,,,,,,,,,,,,,,,,,,,,,,,,,,,,,,,,,,,,,,,,,,,,,,,,,,,,,,,,,,,,,,,,,,,,,,,,,,,,,,,,,,,,,,,,,,,,,,,,,,,,,,,,,,,,,,,,,,,,,,,,,,,,,,,,,,,,,,,,,,,,,,,,,,,,,,,,,,,,,,,,,,,,,,,,,,,,,,,,,,,,,,,,,,,,,,,,,,,,,,,,,,,,,,,,,,,,,,,,,,,,,,,,,,,,,,,,,,,,,,,,,,,,,,,,,,,,,,,,,,,,,,,,,,,,,,,,,,,,,,,,,,,,,,,,,,,,,,,,,,,,,,,,,,,,,,,,,,,,,,,,,,,,,,,,,,,,,,,,,,,,,,,,,,,,,,,,,,,,,,,,,,,,,,,,,,,,,,,,,,,,,,,,,,,,,,,,,,,,,,,,,,,,,,,,,,,,,,,,,,,,,,,,,,,,,,,,,,,,,,,,,,,,,,,,,,,,,,,,,,,,,,,,,,,,,,,,,,,,,,,,,,,,,,,,,,
,,,,,,,,,,,,,,,,,,,,,,,,,,,,,,,,,,,,,,,,,,,,,,,,,,,,,,,,,,,,,,,,,,,,,,,,,,,,,,,,,,,,,,,,,,,,,,,,,,,,,,,,,,,,,,,,,,,,,,,,,,,,,,,,,,,,,,,,,,,,,,,,,,,,,,,,,,,,,,,,,,,,,,,,,,,,,,,,,,,,,,,,,,,,,,,,,,,,,,,,,,,,,,,,,,,,,,,,,,,,,,,,,,,,,,,,,,,,,,,,,,,,,,,,,,,,,,,,,,,,,,,,,,,,,,,,,,,,,,,,,,,,,,,,,,,,,,,,,,,,,,,,,,,,,,,,,,,,,,,,,,,,,,,,,,,,,,,,,,,,,,,,,,,,,,,,,,,,,,,,,,,,,,,,,,,,,,,,,,,,,,,,,,,,,,,,,,,,,,,,,,,,,,,,,,,,,,,,,,,,,,,,,,,,,,,,,,,,,,,,,,,,,,,,,,,,,,,,,,,,,,,,,,,,,,,,,,,,,,,,,,,,,,,,,,,,,,,,,,,,,,,,,,,,,,,,,,,,,,,,,,,,,,,,,,,,,,,,,,,,,,,,,,,,,,,,,,,,,,,,,,,,,,,,,,,,,,,,,,,,,,,,,,,,,,,,,,,,,,,,,,,,,,,,,,,,,,,,,,,
,,,,,,,,,,,,,,,,,,,,,,,,,,,,,,,,,,,,,,,,,,,,,,,,,,,,,,,,,,,,,,,,,,,,,,,,,,,,,,,,,,,,,,,,,,,,,,,,,,,,,,,,,,,,,,,,,,,,,,,,,,,,,,,,,,,,,,,,,,,,,,,,,,,,,,,,,,,,,,,,,,,,,,,,,,,,,,,,,,,,,,,,,,,,,,,,,,,,,,,,,,,,,,,,,,,,,,,,,,,,,,,,,,,,,,,,,,,,,,,,,,,,,,,,,,,,,,,,,,,,,,,,,,,,,,,,,,,,,,,,,,,,,,,,,,,,,,,,,,,,,,,,,,,,,,,,,,,,,,,,,,,,,,,,,,,,,,,,,,,,,,,,,,,,,,,,,,,,,,,,,,,,,,,,,,,,,,,,,,,,,,,,,,,,,,,,,,,,,,,,,,,,,,,,,,,,,,,,,,,,,,,,,,,,,,,,,,,,,,,,,,,,,,,,,,,,,,,,,,,,,,,,,,,,,,,,,,,,,,,,,,,,,,,,,,,,,,,,,,,,,,,,,,,,,,,,,,,,,,,,,,,,,,,,,,,,,,,,,,,,,,,,,,,,,,,,,,,,,,,,,,,,,,,,,,,,,,,,,,,,,,,,,,,,,,,,,,,,,,,,,,,,,,,,,,,,,,,,,,,
,,,,,,,,,,,,,,,,,,,,,,,,,,,,,,,,,,,,,,,,,,,,,,,,,,,,,,,,,,,,,,,,,,,,,,,,,,,,,,,,,,,,,,,,,,,,,,,,,,,,,,,,,,,,,,,,,,,,,,,,,,,,,,,,,,,,,,,,,,,,,,,,,,,,,,,,,,,,,,,,,,,,,,,,,,,,,,,,,,,,,,,,,,,,,,,,,,,,,,,,,,,,,,,,,,,,,,,,,,,,,,,,,,,,,,,,,,,,,,,,,,,,,,,,,,,,,,,,,,,,,,,,,,,,,,,,,,,,,,,,,,,,,,,,,,,,,,,,,,,,,,,,,,,,,,,,,,,,,,,,,,,,,,,,,,,,,,,,,,,,,,,,,,,,,,,,,,,,,,,,,,,,,,,,,,,,,,,,,,,,,,,,,,,,,,,,,,,,,,,,,,,,,,,,,,,,,,,,,,,,,,,,,,,,,,,,,,,,,,,,,,,,,,,,,,,,,,,,,,,,,,,,,,,,,,,,,,,,,,,,,,,,,,,,,,,,,,,,,,,,,,,,,,,,,,,,,,,,,,,,,,,,,,,,,,,,,,,,,,,,,,,,,,,,,,,,,,,,,,,,,,,,,,,,,,,,,,,,,,,,,,,,,,,,,,,,,,,,,,,,,,,,,,,,,,,,,,,,,,,
,,,,,,,,,,,,,,,,,,,,,,,,,,,,,,,,,,,,,,,,,,,,,,,,,,,,,,,,,,,,,,,,,,,,,,,,,,,,,,,,,,,,,,,,,,,,,,,,,,,,,,,,,,,,,,,,,,,,,,,,,,,,,,,,,,,,,,,,,,,,,,,,,,,,,,,,,,,,,,,,,,,,,,,,,,,,,,,,,,,,,,,,,,,,,,,,,,,,,,,,,,,,,,,,,,,,,,,,,,,,,,,,,,,,,,,,,,,,,,,,,,,,,,,,,,,,,,,,,,,,,,,,,,,,,,,,,,,,,,,,,,,,,,,,,,,,,,,,,,,,,,,,,,,,,,,,,,,,,,,,,,,,,,,,,,,,,,,,,,,,,,,,,,,,,,,,,,,,,,,,,,,,,,,,,,,,,,,,,,,,,,,,,,,,,,,,,,,,,,,,,,,,,,,,,,,,,,,,,,,,,,,,,,,,,,,,,,,,,,,,,,,,,,,,,,,,,,,,,,,,,,,,,,,,,,,,,,,,,,,,,,,,,,,,,,,,,,,,,,,,,,,,,,,,,,,,,,,,,,,,,,,,,,,,,,,,,,,,,,,,,,,,,,,,,,,,,,,,,,,,,,,,,,,,,,,,,,,,,,,,,,,,,,,,,,,,,,,,,,,,,,,,,,,,,,,,,,,,,,,
,,,,,,,,,,,,,,,,,,,,,,,,,,,,,,,,,,,,,,,,,,,,,,,,,,,,,,,,,,,,,,,,,,,,,,,,,,,,,,,,,,,,,,,,,,,,,,,,,,,,,,,,,,,,,,,,,,,,,,,,,,,,,,,,,,,,,,,,,,,,,,,,,,,,,,,,,,,,,,,,,,,,,,,,,,,,,,,,,,,,,,,,,,,,,,,,,,,,,,,,,,,,,,,,,,,,,,,,,,,,,,,,,,,,,,,,,,,,,,,,,,,,,,,,,,,,,,,,,,,,,,,,,,,,,,,,,,,,,,,,,,,,,,,,,,,,,,,,,,,,,,,,,,,,,,,,,,,,,,,,,,,,,,,,,,,,,,,,,,,,,,,,,,,,,,,,,,,,,,,,,,,,,,,,,,,,,,,,,,,,,,,,,,,,,,,,,,,,,,,,,,,,,,,,,,,,,,,,,,,,,,,,,,,,,,,,,,,,,,,,,,,,,,,,,,,,,,,,,,,,,,,,,,,,,,,,,,,,,,,,,,,,,,,,,,,,,,,,,,,,,,,,,,,,,,,,,,,,,,,,,,,,,,,,,,,,,,,,,,,,,,,,,,,,,,,,,,,,,,,,,,,,,,,,,,,,,,,,,,,,,,,,,,,,,,,,,,,,,,,,,,,,,,,,,,,,,,,,,,,
,,,,,,,,,,,,,,,,,,,,,,,,,,,,,,,,,,,,,,,,,,,,,,,,,,,,,,,,,,,,,,,,,,,,,,,,,,,,,,,,,,,,,,,,,,,,,,,,,,,,,,,,,,,,,,,,,,,,,,,,,,,,,,,,,,,,,,,,,,,,,,,,,,,,,,,,,,,,,,,,,,,,,,,,,,,,,,,,,,,,,,,,,,,,,,,,,,,,,,,,,,,,,,,,,,,,,,,,,,,,,,,,,,,,,,,,,,,,,,,,,,,,,,,,,,,,,,,,,,,,,,,,,,,,,,,,,,,,,,,,,,,,,,,,,,,,,,,,,,,,,,,,,,,,,,,,,,,,,,,,,,,,,,,,,,,,,,,,,,,,,,,,,,,,,,,,,,,,,,,,,,,,,,,,,,,,,,,,,,,,,,,,,,,,,,,,,,,,,,,,,,,,,,,,,,,,,,,,,,,,,,,,,,,,,,,,,,,,,,,,,,,,,,,,,,,,,,,,,,,,,,,,,,,,,,,,,,,,,,,,,,,,,,,,,,,,,,,,,,,,,,,,,,,,,,,,,,,,,,,,,,,,,,,,,,,,,,,,,,,,,,,,,,,,,,,,,,,,,,,,,,,,,,,,,,,,,,,,,,,,,,,,,,,,,,,,,,,,,,,,,,,,,,,,,,,,,,,,,,,
,,,,,,,,,,,,,,,,,,,,,,,,,,,,,,,,,,,,,,,,,,,,,,,,,,,,,,,,,,,,,,,,,,,,,,,,,,,,,,,,,,,,,,,,,,,,,,,,,,,,,,,,,,,,,,,,,,,,,,,,,,,,,,,,,,,,,,,,,,,,,,,,,,,,,,,,,,,,,,,,,,,,,,,,,,,,,,,,,,,,,,,,,,,,,,,,,,,,,,,,,,,,,,,,,,,,,,,,,,,,,,,,,,,,,,,,,,,,,,,,,,,,,,,,,,,,,,,,,,,,,,,,,,,,,,,,,,,,,,,,,,,,,,,,,,,,,,,,,,,,,,,,,,,,,,,,,,,,,,,,,,,,,,,,,,,,,,,,,,,,,,,,,,,,,,,,,,,,,,,,,,,,,,,,,,,,,,,,,,,,,,,,,,,,,,,,,,,,,,,,,,,,,,,,,,,,,,,,,,,,,,,,,,,,,,,,,,,,,,,,,,,,,,,,,,,,,,,,,,,,,,,,,,,,,,,,,,,,,,,,,,,,,,,,,,,,,,,,,,,,,,,,,,,,,,,,,,,,,,,,,,,,,,,,,,,,,,,,,,,,,,,,,,,,,,,,,,,,,,,,,,,,,,,,,,,,,,,,,,,,,,,,,,,,,,,,,,,,,,,,,,,,,,,,,,,,,,,,,,,
,,,,,,,,,,,,,,,,,,,,,,,,,,,,,,,,,,,,,,,,,,,,,,,,,,,,,,,,,,,,,,,,,,,,,,,,,,,,,,,,,,,,,,,,,,,,,,,,,,,,,,,,,,,,,,,,,,,,,,,,,,,,,,,,,,,,,,,,,,,,,,,,,,,,,,,,,,,,,,,,,,,,,,,,,,,,,,,,,,,,,,,,,,,,,,,,,,,,,,,,,,,,,,,,,,,,,,,,,,,,,,,,,,,,,,,,,,,,,,,,,,,,,,,,,,,,,,,,,,,,,,,,,,,,,,,,,,,,,,,,,,,,,,,,,,,,,,,,,,,,,,,,,,,,,,,,,,,,,,,,,,,,,,,,,,,,,,,,,,,,,,,,,,,,,,,,,,,,,,,,,,,,,,,,,,,,,,,,,,,,,,,,,,,,,,,,,,,,,,,,,,,,,,,,,,,,,,,,,,,,,,,,,,,,,,,,,,,,,,,,,,,,,,,,,,,,,,,,,,,,,,,,,,,,,,,,,,,,,,,,,,,,,,,,,,,,,,,,,,,,,,,,,,,,,,,,,,,,,,,,,,,,,,,,,,,,,,,,,,,,,,,,,,,,,,,,,,,,,,,,,,,,,,,,,,,,,,,,,,,,,,,,,,,,,,,,,,,,,,,,,,,,,,,,,,,,,,,,,,,
,,,,,,,,,,,,,,,,,,,,,,,,,,,,,,,,,,,,,,,,,,,,,,,,,,,,,,,,,,,,,,,,,,,,,,,,,,,,,,,,,,,,,,,,,,,,,,,,,,,,,,,,,,,,,,,,,,,,,,,,,,,,,,,,,,,,,,,,,,,,,,,,,,,,,,,,,,,,,,,,,,,,,,,,,,,,,,,,,,,,,,,,,,,,,,,,,,,,,,,,,,,,,,,,,,,,,,,,,,,,,,,,,,,,,,,,,,,,,,,,,,,,,,,,,,,,,,,,,,,,,,,,,,,,,,,,,,,,,,,,,,,,,,,,,,,,,,,,,,,,,,,,,,,,,,,,,,,,,,,,,,,,,,,,,,,,,,,,,,,,,,,,,,,,,,,,,,,,,,,,,,,,,,,,,,,,,,,,,,,,,,,,,,,,,,,,,,,,,,,,,,,,,,,,,,,,,,,,,,,,,,,,,,,,,,,,,,,,,,,,,,,,,,,,,,,,,,,,,,,,,,,,,,,,,,,,,,,,,,,,,,,,,,,,,,,,,,,,,,,,,,,,,,,,,,,,,,,,,,,,,,,,,,,,,,,,,,,,,,,,,,,,,,,,,,,,,,,,,,,,,,,,,,,,,,,,,,,,,,,,,,,,,,,,,,,,,,,,,,,,,,,,,,,,,,,,,,,,,,,
,,,,,,,,,,,,,,,,,,,,,,,,,,,,,,,,,,,,,,,,,,,,,,,,,,,,,,,,,,,,,,,,,,,,,,,,,,,,,,,,,,,,,,,,,,,,,,,,,,,,,,,,,,,,,,,,,,,,,,,,,,,,,,,,,,,,,,,,,,,,,,,,,,,,,,,,,,,,,,,,,,,,,,,,,,,,,,,,,,,,,,,,,,,,,,,,,,,,,,,,,,,,,,,,,,,,,,,,,,,,,,,,,,,,,,,,,,,,,,,,,,,,,,,,,,,,,,,,,,,,,,,,,,,,,,,,,,,,,,,,,,,,,,,,,,,,,,,,,,,,,,,,,,,,,,,,,,,,,,,,,,,,,,,,,,,,,,,,,,,,,,,,,,,,,,,,,,,,,,,,,,,,,,,,,,,,,,,,,,,,,,,,,,,,,,,,,,,,,,,,,,,,,,,,,,,,,,,,,,,,,,,,,,,,,,,,,,,,,,,,,,,,,,,,,,,,,,,,,,,,,,,,,,,,,,,,,,,,,,,,,,,,,,,,,,,,,,,,,,,,,,,,,,,,,,,,,,,,,,,,,,,,,,,,,,,,,,,,,,,,,,,,,,,,,,,,,,,,,,,,,,,,,,,,,,,,,,,,,,,,,,,,,,,,,,,,,,,,,,,,,,,,,,,,,,,,,,,,,,,
,,,,,,,,,,,,,,,,,,,,,,,,,,,,,,,,,,,,,,,,,,,,,,,,,,,,,,,,,,,,,,,,,,,,,,,,,,,,,,,,,,,,,,,,,,,,,,,,,,,,,,,,,,,,,,,,,,,,,,,,,,,,,,,,,,,,,,,,,,,,,,,,,,,,,,,,,,,,,,,,,,,,,,,,,,,,,,,,,,,,,,,,,,,,,,,,,,,,,,,,,,,,,,,,,,,,,,,,,,,,,,,,,,,,,,,,,,,,,,,,,,,,,,,,,,,,,,,,,,,,,,,,,,,,,,,,,,,,,,,,,,,,,,,,,,,,,,,,,,,,,,,,,,,,,,,,,,,,,,,,,,,,,,,,,,,,,,,,,,,,,,,,,,,,,,,,,,,,,,,,,,,,,,,,,,,,,,,,,,,,,,,,,,,,,,,,,,,,,,,,,,,,,,,,,,,,,,,,,,,,,,,,,,,,,,,,,,,,,,,,,,,,,,,,,,,,,,,,,,,,,,,,,,,,,,,,,,,,,,,,,,,,,,,,,,,,,,,,,,,,,,,,,,,,,,,,,,,,,,,,,,,,,,,,,,,,,,,,,,,,,,,,,,,,,,,,,,,,,,,,,,,,,,,,,,,,,,,,,,,,,,,,,,,,,,,,,,,,,,,,,,,,,,,,,,,,,,,,,,,
,,,,,,,,,,,,,,,,,,,,,,,,,,,,,,,,,,,,,,,,,,,,,,,,,,,,,,,,,,,,,,,,,,,,,,,,,,,,,,,,,,,,,,,,,,,,,,,,,,,,,,,,,,,,,,,,,,,,,,,,,,,,,,,,,,,,,,,,,,,,,,,,,,,,,,,,,,,,,,,,,,,,,,,,,,,,,,,,,,,,,,,,,,,,,,,,,,,,,,,,,,,,,,,,,,,,,,,,,,,,,,,,,,,,,,,,,,,,,,,,,,,,,,,,,,,,,,,,,,,,,,,,,,,,,,,,,,,,,,,,,,,,,,,,,,,,,,,,,,,,,,,,,,,,,,,,,,,,,,,,,,,,,,,,,,,,,,,,,,,,,,,,,,,,,,,,,,,,,,,,,,,,,,,,,,,,,,,,,,,,,,,,,,,,,,,,,,,,,,,,,,,,,,,,,,,,,,,,,,,,,,,,,,,,,,,,,,,,,,,,,,,,,,,,,,,,,,,,,,,,,,,,,,,,,,,,,,,,,,,,,,,,,,,,,,,,,,,,,,,,,,,,,,,,,,,,,,,,,,,,,,,,,,,,,,,,,,,,,,,,,,,,,,,,,,,,,,,,,,,,,,,,,,,,,,,,,,,,,,,,,,,,,,,,,,,,,,,,,,,,,,,,,,,,,,,,,,,,,,,
,,,,,,,,,,,,,,,,,,,,,,,,,,,,,,,,,,,,,,,,,,,,,,,,,,,,,,,,,,,,,,,,,,,,,,,,,,,,,,,,,,,,,,,,,,,,,,,,,,,,,,,,,,,,,,,,,,,,,,,,,,,,,,,,,,,,,,,,,,,,,,,,,,,,,,,,,,,,,,,,,,,,,,,,,,,,,,,,,,,,,,,,,,,,,,,,,,,,,,,,,,,,,,,,,,,,,,,,,,,,,,,,,,,,,,,,,,,,,,,,,,,,,,,,,,,,,,,,,,,,,,,,,,,,,,,,,,,,,,,,,,,,,,,,,,,,,,,,,,,,,,,,,,,,,,,,,,,,,,,,,,,,,,,,,,,,,,,,,,,,,,,,,,,,,,,,,,,,,,,,,,,,,,,,,,,,,,,,,,,,,,,,,,,,,,,,,,,,,,,,,,,,,,,,,,,,,,,,,,,,,,,,,,,,,,,,,,,,,,,,,,,,,,,,,,,,,,,,,,,,,,,,,,,,,,,,,,,,,,,,,,,,,,,,,,,,,,,,,,,,,,,,,,,,,,,,,,,,,,,,,,,,,,,,,,,,,,,,,,,,,,,,,,,,,,,,,,,,,,,,,,,,,,,,,,,,,,,,,,,,,,,,,,,,,,,,,,,,,,,,,,,,,,,,,,,,,,,,,,,
,,,,,,,,,,,,,,,,,,,,,,,,,,,,,,,,,,,,,,,,,,,,,,,,,,,,,,,,,,,,,,,,,,,,,,,,,,,,,,,,,,,,,,,,,,,,,,,,,,,,,,,,,,,,,,,,,,,,,,,,,,,,,,,,,,,,,,,,,,,,,,,,,,,,,,,,,,,,,,,,,,,,,,,,,,,,,,,,,,,,,,,,,,,,,,,,,,,,,,,,,,,,,,,,,,,,,,,,,,,,,,,,,,,,,,,,,,,,,,,,,,,,,,,,,,,,,,,,,,,,,,,,,,,,,,,,,,,,,,,,,,,,,,,,,,,,,,,,,,,,,,,,,,,,,,,,,,,,,,,,,,,,,,,,,,,,,,,,,,,,,,,,,,,,,,,,,,,,,,,,,,,,,,,,,,,,,,,,,,,,,,,,,,,,,,,,,,,,,,,,,,,,,,,,,,,,,,,,,,,,,,,,,,,,,,,,,,,,,,,,,,,,,,,,,,,,,,,,,,,,,,,,,,,,,,,,,,,,,,,,,,,,,,,,,,,,,,,,,,,,,,,,,,,,,,,,,,,,,,,,,,,,,,,,,,,,,,,,,,,,,,,,,,,,,,,,,,,,,,,,,,,,,,,,,,,,,,,,,,,,,,,,,,,,,,,,,,,,,,,,,,,,,,,,,,,,,,,,,,,
,,,,,,,,,,,,,,,,,,,,,,,,,,,,,,,,,,,,,,,,,,,,,,,,,,,,,,,,,,,,,,,,,,,,,,,,,,,,,,,,,,,,,,,,,,,,,,,,,,,,,,,,,,,,,,,,,,,,,,,,,,,,,,,,,,,,,,,,,,,,,,,,,,,,,,,,,,,,,,,,,,,,,,,,,,,,,,,,,,,,,,,,,,,,,,,,,,,,,,,,,,,,,,,,,,,,,,,,,,,,,,,,,,,,,,,,,,,,,,,,,,,,,,,,,,,,,,,,,,,,,,,,,,,,,,,,,,,,,,,,,,,,,,,,,,,,,,,,,,,,,,,,,,,,,,,,,,,,,,,,,,,,,,,,,,,,,,,,,,,,,,,,,,,,,,,,,,,,,,,,,,,,,,,,,,,,,,,,,,,,,,,,,,,,,,,,,,,,,,,,,,,,,,,,,,,,,,,,,,,,,,,,,,,,,,,,,,,,,,,,,,,,,,,,,,,,,,,,,,,,,,,,,,,,,,,,,,,,,,,,,,,,,,,,,,,,,,,,,,,,,,,,,,,,,,,,,,,,,,,,,,,,,,,,,,,,,,,,,,,,,,,,,,,,,,,,,,,,,,,,,,,,,,,,,,,,,,,,,,,,,,,,,,,,,,,,,,,,,,,,,,,,,,,,,,,,,,,,,,,
,,,,,,,,,,,,,,,,,,,,,,,,,,,,,,,,,,,,,,,,,,,,,,,,,,,,,,,,,,,,,,,,,,,,,,,,,,,,,,,,,,,,,,,,,,,,,,,,,,,,,,,,,,,,,,,,,,,,,,,,,,,,,,,,,,,,,,,,,,,,,,,,,,,,,,,,,,,,,,,,,,,,,,,,,,,,,,,,,,,,,,,,,,,,,,,,,,,,,,,,,,,,,,,,,,,,,,,,,,,,,,,,,,,,,,,,,,,,,,,,,,,,,,,,,,,,,,,,,,,,,,,,,,,,,,,,,,,,,,,,,,,,,,,,,,,,,,,,,,,,,,,,,,,,,,,,,,,,,,,,,,,,,,,,,,,,,,,,,,,,,,,,,,,,,,,,,,,,,,,,,,,,,,,,,,,,,,,,,,,,,,,,,,,,,,,,,,,,,,,,,,,,,,,,,,,,,,,,,,,,,,,,,,,,,,,,,,,,,,,,,,,,,,,,,,,,,,,,,,,,,,,,,,,,,,,,,,,,,,,,,,,,,,,,,,,,,,,,,,,,,,,,,,,,,,,,,,,,,,,,,,,,,,,,,,,,,,,,,,,,,,,,,,,,,,,,,,,,,,,,,,,,,,,,,,,,,,,,,,,,,,,,,,,,,,,,,,,,,,,,,,,,,,,,,,,,,,,,,,,
,,,,,,,,,,,,,,,,,,,,,,,,,,,,,,,,,,,,,,,,,,,,,,,,,,,,,,,,,,,,,,,,,,,,,,,,,,,,,,,,,,,,,,,,,,,,,,,,,,,,,,,,,,,,,,,,,,,,,,,,,,,,,,,,,,,,,,,,,,,,,,,,,,,,,,,,,,,,,,,,,,,,,,,,,,,,,,,,,,,,,,,,,,,,,,,,,,,,,,,,,,,,,,,,,,,,,,,,,,,,,,,,,,,,,,,,,,,,,,,,,,,,,,,,,,,,,,,,,,,,,,,,,,,,,,,,,,,,,,,,,,,,,,,,,,,,,,,,,,,,,,,,,,,,,,,,,,,,,,,,,,,,,,,,,,,,,,,,,,,,,,,,,,,,,,,,,,,,,,,,,,,,,,,,,,,,,,,,,,,,,,,,,,,,,,,,,,,,,,,,,,,,,,,,,,,,,,,,,,,,,,,,,,,,,,,,,,,,,,,,,,,,,,,,,,,,,,,,,,,,,,,,,,,,,,,,,,,,,,,,,,,,,,,,,,,,,,,,,,,,,,,,,,,,,,,,,,,,,,,,,,,,,,,,,,,,,,,,,,,,,,,,,,,,,,,,,,,,,,,,,,,,,,,,,,,,,,,,,,,,,,,,,,,,,,,,,,,,,,,,,,,,,,,,,,,,,,,,,,,
,,,,,,,,,,,,,,,,,,,,,,,,,,,,,,,,,,,,,,,,,,,,,,,,,,,,,,,,,,,,,,,,,,,,,,,,,,,,,,,,,,,,,,,,,,,,,,,,,,,,,,,,,,,,,,,,,,,,,,,,,,,,,,,,,,,,,,,,,,,,,,,,,,,,,,,,,,,,,,,,,,,,,,,,,,,,,,,,,,,,,,,,,,,,,,,,,,,,,,,,,,,,,,,,,,,,,,,,,,,,,,,,,,,,,,,,,,,,,,,,,,,,,,,,,,,,,,,,,,,,,,,,,,,,,,,,,,,,,,,,,,,,,,,,,,,,,,,,,,,,,,,,,,,,,,,,,,,,,,,,,,,,,,,,,,,,,,,,,,,,,,,,,,,,,,,,,,,,,,,,,,,,,,,,,,,,,,,,,,,,,,,,,,,,,,,,,,,,,,,,,,,,,,,,,,,,,,,,,,,,,,,,,,,,,,,,,,,,,,,,,,,,,,,,,,,,,,,,,,,,,,,,,,,,,,,,,,,,,,,,,,,,,,,,,,,,,,,,,,,,,,,,,,,,,,,,,,,,,,,,,,,,,,,,,,,,,,,,,,,,,,,,,,,,,,,,,,,,,,,,,,,,,,,,,,,,,,,,,,,,,,,,,,,,,,,,,,,,,,,,,,,,,,,,,,,,,,,,,,,
,,,,,,,,,,,,,,,,,,,,,,,,,,,,,,,,,,,,,,,,,,,,,,,,,,,,,,,,,,,,,,,,,,,,,,,,,,,,,,,,,,,,,,,,,,,,,,,,,,,,,,,,,,,,,,,,,,,,,,,,,,,,,,,,,,,,,,,,,,,,,,,,,,,,,,,,,,,,,,,,,,,,,,,,,,,,,,,,,,,,,,,,,,,,,,,,,,,,,,,,,,,,,,,,,,,,,,,,,,,,,,,,,,,,,,,,,,,,,,,,,,,,,,,,,,,,,,,,,,,,,,,,,,,,,,,,,,,,,,,,,,,,,,,,,,,,,,,,,,,,,,,,,,,,,,,,,,,,,,,,,,,,,,,,,,,,,,,,,,,,,,,,,,,,,,,,,,,,,,,,,,,,,,,,,,,,,,,,,,,,,,,,,,,,,,,,,,,,,,,,,,,,,,,,,,,,,,,,,,,,,,,,,,,,,,,,,,,,,,,,,,,,,,,,,,,,,,,,,,,,,,,,,,,,,,,,,,,,,,,,,,,,,,,,,,,,,,,,,,,,,,,,,,,,,,,,,,,,,,,,,,,,,,,,,,,,,,,,,,,,,,,,,,,,,,,,,,,,,,,,,,,,,,,,,,,,,,,,,,,,,,,,,,,,,,,,,,,,,,,,,,,,,,,,,,,,,,,,,,,
,,,,,,,,,,,,,,,,,,,,,,,,,,,,,,,,,,,,,,,,,,,,,,,,,,,,,,,,,,,,,,,,,,,,,,,,,,,,,,,,,,,,,,,,,,,,,,,,,,,,,,,,,,,,,,,,,,,,,,,,,,,,,,,,,,,,,,,,,,,,,,,,,,,,,,,,,,,,,,,,,,,,,,,,,,,,,,,,,,,,,,,,,,,,,,,,,,,,,,,,,,,,,,,,,,,,,,,,,,,,,,,,,,,,,,,,,,,,,,,,,,,,,,,,,,,,,,,,,,,,,,,,,,,,,,,,,,,,,,,,,,,,,,,,,,,,,,,,,,,,,,,,,,,,,,,,,,,,,,,,,,,,,,,,,,,,,,,,,,,,,,,,,,,,,,,,,,,,,,,,,,,,,,,,,,,,,,,,,,,,,,,,,,,,,,,,,,,,,,,,,,,,,,,,,,,,,,,,,,,,,,,,,,,,,,,,,,,,,,,,,,,,,,,,,,,,,,,,,,,,,,,,,,,,,,,,,,,,,,,,,,,,,,,,,,,,,,,,,,,,,,,,,,,,,,,,,,,,,,,,,,,,,,,,,,,,,,,,,,,,,,,,,,,,,,,,,,,,,,,,,,,,,,,,,,,,,,,,,,,,,,,,,,,,,,,,,,,,,,,,,,,,,,,,,,,,,,,,,,,
,,,,,,,,,,,,,,,,,,,,,,,,,,,,,,,,,,,,,,,,,,,,,,,,,,,,,,,,,,,,,,,,,,,,,,,,,,,,,,,,,,,,,,,,,,,,,,,,,,,,,,,,,,,,,,,,,,,,,,,,,,,,,,,,,,,,,,,,,,,,,,,,,,,,,,,,,,,,,,,,,,,,,,,,,,,,,,,,,,,,,,,,,,,,,,,,,,,,,,,,,,,,,,,,,,,,,,,,,,,,,,,,,,,,,,,,,,,,,,,,,,,,,,,,,,,,,,,,,,,,,,,,,,,,,,,,,,,,,,,,,,,,,,,,,,,,,,,,,,,,,,,,,,,,,,,,,,,,,,,,,,,,,,,,,,,,,,,,,,,,,,,,,,,,,,,,,,,,,,,,,,,,,,,,,,,,,,,,,,,,,,,,,,,,,,,,,,,,,,,,,,,,,,,,,,,,,,,,,,,,,,,,,,,,,,,,,,,,,,,,,,,,,,,,,,,,,,,,,,,,,,,,,,,,,,,,,,,,,,,,,,,,,,,,,,,,,,,,,,,,,,,,,,,,,,,,,,,,,,,,,,,,,,,,,,,,,,,,,,,,,,,,,,,,,,,,,,,,,,,,,,,,,,,,,,,,,,,,,,,,,,,,,,,,,,,,,,,,,,,,,,,,,,,,,,,,,,,,,,,
,,,,,,,,,,,,,,,,,,,,,,,,,,,,,,,,,,,,,,,,,,,,,,,,,,,,,,,,,,,,,,,,,,,,,,,,,,,,,,,,,,,,,,,,,,,,,,,,,,,,,,,,,,,,,,,,,,,,,,,,,,,,,,,,,,,,,,,,,,,,,,,,,,,,,,,,,,,,,,,,,,,,,,,,,,,,,,,,,,,,,,,,,,,,,,,,,,,,,,,,,,,,,,,,,,,,,,,,,,,,,,,,,,,,,,,,,,,,,,,,,,,,,,,,,,,,,,,,,,,,,,,,,,,,,,,,,,,,,,,,,,,,,,,,,,,,,,,,,,,,,,,,,,,,,,,,,,,,,,,,,,,,,,,,,,,,,,,,,,,,,,,,,,,,,,,,,,,,,,,,,,,,,,,,,,,,,,,,,,,,,,,,,,,,,,,,,,,,,,,,,,,,,,,,,,,,,,,,,,,,,,,,,,,,,,,,,,,,,,,,,,,,,,,,,,,,,,,,,,,,,,,,,,,,,,,,,,,,,,,,,,,,,,,,,,,,,,,,,,,,,,,,,,,,,,,,,,,,,,,,,,,,,,,,,,,,,,,,,,,,,,,,,,,,,,,,,,,,,,,,,,,,,,,,,,,,,,,,,,,,,,,,,,,,,,,,,,,,,,,,,,,,,,,,,,,,,,,,,,,
,,,,,,,,,,,,,,,,,,,,,,,,,,,,,,,,,,,,,,,,,,,,,,,,,,,,,,,,,,,,,,,,,,,,,,,,,,,,,,,,,,,,,,,,,,,,,,,,,,,,,,,,,,,,,,,,,,,,,,,,,,,,,,,,,,,,,,,,,,,,,,,,,,,,,,,,,,,,,,,,,,,,,,,,,,,,,,,,,,,,,,,,,,,,,,,,,,,,,,,,,,,,,,,,,,,,,,,,,,,,,,,,,,,,,,,,,,,,,,,,,,,,,,,,,,,,,,,,,,,,,,,,,,,,,,,,,,,,,,,,,,,,,,,,,,,,,,,,,,,,,,,,,,,,,,,,,,,,,,,,,,,,,,,,,,,,,,,,,,,,,,,,,,,,,,,,,,,,,,,,,,,,,,,,,,,,,,,,,,,,,,,,,,,,,,,,,,,,,,,,,,,,,,,,,,,,,,,,,,,,,,,,,,,,,,,,,,,,,,,,,,,,,,,,,,,,,,,,,,,,,,,,,,,,,,,,,,,,,,,,,,,,,,,,,,,,,,,,,,,,,,,,,,,,,,,,,,,,,,,,,,,,,,,,,,,,,,,,,,,,,,,,,,,,,,,,,,,,,,,,,,,,,,,,,,,,,,,,,,,,,,,,,,,,,,,,,,,,,,,,,,,,,,,,,,,,,,,,,,,
,,,,,,,,,,,,,,,,,,,,,,,,,,,,,,,,,,,,,,,,,,,,,,,,,,,,,,,,,,,,,,,,,,,,,,,,,,,,,,,,,,,,,,,,,,,,,,,,,,,,,,,,,,,,,,,,,,,,,,,,,,,,,,,,,,,,,,,,,,,,,,,,,,,,,,,,,,,,,,,,,,,,,,,,,,,,,,,,,,,,,,,,,,,,,,,,,,,,,,,,,,,,,,,,,,,,,,,,,,,,,,,,,,,,,,,,,,,,,,,,,,,,,,,,,,,,,,,,,,,,,,,,,,,,,,,,,,,,,,,,,,,,,,,,,,,,,,,,,,,,,,,,,,,,,,,,,,,,,,,,,,,,,,,,,,,,,,,,,,,,,,,,,,,,,,,,,,,,,,,,,,,,,,,,,,,,,,,,,,,,,,,,,,,,,,,,,,,,,,,,,,,,,,,,,,,,,,,,,,,,,,,,,,,,,,,,,,,,,,,,,,,,,,,,,,,,,,,,,,,,,,,,,,,,,,,,,,,,,,,,,,,,,,,,,,,,,,,,,,,,,,,,,,,,,,,,,,,,,,,,,,,,,,,,,,,,,,,,,,,,,,,,,,,,,,,,,,,,,,,,,,,,,,,,,,,,,,,,,,,,,,,,,,,,,,,,,,,,,,,,,,,,,,,,,,,,,,,,,,,
,,,,,,,,,,,,,,,,,,,,,,,,,,,,,,,,,,,,,,,,,,,,,,,,,,,,,,,,,,,,,,,,,,,,,,,,,,,,,,,,,,,,,,,,,,,,,,,,,,,,,,,,,,,,,,,,,,,,,,,,,,,,,,,,,,,,,,,,,,,,,,,,,,,,,,,,,,,,,,,,,,,,,,,,,,,,,,,,,,,,,,,,,,,,,,,,,,,,,,,,,,,,,,,,,,,,,,,,,,,,,,,,,,,,,,,,,,,,,,,,,,,,,,,,,,,,,,,,,,,,,,,,,,,,,,,,,,,,,,,,,,,,,,,,,,,,,,,,,,,,,,,,,,,,,,,,,,,,,,,,,,,,,,,,,,,,,,,,,,,,,,,,,,,,,,,,,,,,,,,,,,,,,,,,,,,,,,,,,,,,,,,,,,,,,,,,,,,,,,,,,,,,,,,,,,,,,,,,,,,,,,,,,,,,,,,,,,,,,,,,,,,,,,,,,,,,,,,,,,,,,,,,,,,,,,,,,,,,,,,,,,,,,,,,,,,,,,,,,,,,,,,,,,,,,,,,,,,,,,,,,,,,,,,,,,,,,,,,,,,,,,,,,,,,,,,,,,,,,,,,,,,,,,,,,,,,,,,,,,,,,,,,,,,,,,,,,,,,,,,,,,,,,,,,,,,,,,,,,,,
,,,,,,,,,,,,,,,,,,,,,,,,,,,,,,,,,,,,,,,,,,,,,,,,,,,,,,,,,,,,,,,,,,,,,,,,,,,,,,,,,,,,,,,,,,,,,,,,,,,,,,,,,,,,,,,,,,,,,,,,,,,,,,,,,,,,,,,,,,,,,,,,,,,,,,,,,,,,,,,,,,,,,,,,,,,,,,,,,,,,,,,,,,,,,,,,,,,,,,,,,,,,,,,,,,,,,,,,,,,,,,,,,,,,,,,,,,,,,,,,,,,,,,,,,,,,,,,,,,,,,,,,,,,,,,,,,,,,,,,,,,,,,,,,,,,,,,,,,,,,,,,,,,,,,,,,,,,,,,,,,,,,,,,,,,,,,,,,,,,,,,,,,,,,,,,,,,,,,,,,,,,,,,,,,,,,,,,,,,,,,,,,,,,,,,,,,,,,,,,,,,,,,,,,,,,,,,,,,,,,,,,,,,,,,,,,,,,,,,,,,,,,,,,,,,,,,,,,,,,,,,,,,,,,,,,,,,,,,,,,,,,,,,,,,,,,,,,,,,,,,,,,,,,,,,,,,,,,,,,,,,,,,,,,,,,,,,,,,,,,,,,,,,,,,,,,,,,,,,,,,,,,,,,,,,,,,,,,,,,,,,,,,,,,,,,,,,,,,,,,,,,,,,,,,,,,,,,,,,,
,,,,,,,,,,,,,,,,,,,,,,,,,,,,,,,,,,,,,,,,,,,,,,,,,,,,,,,,,,,,,,,,,,,,,,,,,,,,,,,,,,,,,,,,,,,,,,,,,,,,,,,,,,,,,,,,,,,,,,,,,,,,,,,,,,,,,,,,,,,,,,,,,,,,,,,,,,,,,,,,,,,,,,,,,,,,,,,,,,,,,,,,,,,,,,,,,,,,,,,,,,,,,,,,,,,,,,,,,,,,,,,,,,,,,,,,,,,,,,,,,,,,,,,,,,,,,,,,,,,,,,,,,,,,,,,,,,,,,,,,,,,,,,,,,,,,,,,,,,,,,,,,,,,,,,,,,,,,,,,,,,,,,,,,,,,,,,,,,,,,,,,,,,,,,,,,,,,,,,,,,,,,,,,,,,,,,,,,,,,,,,,,,,,,,,,,,,,,,,,,,,,,,,,,,,,,,,,,,,,,,,,,,,,,,,,,,,,,,,,,,,,,,,,,,,,,,,,,,,,,,,,,,,,,,,,,,,,,,,,,,,,,,,,,,,,,,,,,,,,,,,,,,,,,,,,,,,,,,,,,,,,,,,,,,,,,,,,,,,,,,,,,,,,,,,,,,,,,,,,,,,,,,,,,,,,,,,,,,,,,,,,,,,,,,,,,,,,,,,,,,,,,,,,,,,,,,,,,,,,
,,,,,,,,,,,,,,,,,,,,,,,,,,,,,,,,,,,,,,,,,,,,,,,,,,,,,,,,,,,,,,,,,,,,,,,,,,,,,,,,,,,,,,,,,,,,,,,,,,,,,,,,,,,,,,,,,,,,,,,,,,,,,,,,,,,,,,,,,,,,,,,,,,,,,,,,,,,,,,,,,,,,,,,,,,,,,,,,,,,,,,,,,,,,,,,,,,,,,,,,,,,,,,,,,,,,,,,,,,,,,,,,,,,,,,,,,,,,,,,,,,,,,,,,,,,,,,,,,,,,,,,,,,,,,,,,,,,,,,,,,,,,,,,,,,,,,,,,,,,,,,,,,,,,,,,,,,,,,,,,,,,,,,,,,,,,,,,,,,,,,,,,,,,,,,,,,,,,,,,,,,,,,,,,,,,,,,,,,,,,,,,,,,,,,,,,,,,,,,,,,,,,,,,,,,,,,,,,,,,,,,,,,,,,,,,,,,,,,,,,,,,,,,,,,,,,,,,,,,,,,,,,,,,,,,,,,,,,,,,,,,,,,,,,,,,,,,,,,,,,,,,,,,,,,,,,,,,,,,,,,,,,,,,,,,,,,,,,,,,,,,,,,,,,,,,,,,,,,,,,,,,,,,,,,,,,,,,,,,,,,,,,,,,,,,,,,,,,,,,,,,,,,,,,,,,,,,,,,,,
4x4,,,,,,,,,,,,,,,,,,,,,,,,,,,,,,,,,,,,,,,,,,,,,,,,,,,,,,,,,,,,,,,,,,,,,,,,,,,,,,,,,,,,,,,,,,,,,,,,,,,,,,,,,,,,,,,,,,,,,,,,,,,,,,,,,,,,,,,,,,,,,,,,,,,,,,,,,,,,,,,,,,,,,,,,,,,,,,,,,,,,,,,,,,,,,,,,,,,,,,,,,,,,,,,,,,,,,,,,,,,,,,,,,,,,,,,,,,,,,,,,,,,,,,,,,,,,,,,,,,,,,,,,,,,,,,,,,,,,,,,,,,,,,,,,,,,,,,,,,,,,,,,,,,,,,,,,,,,,,,,,,,,,,,,,,,,,,,,,,,,,,,,,,,,,,,,,,,,,,,,,,,,,,,,,,,,,,,,,,,,,,,,,,,,,,,,,,,,,,,,,,,,,,,,,,,,,,,,,,,,,,,,,,,,,,,,,,,,,,,,,,,,,,,,,,,,,,,,,,,,,,,,,,,,,,,,,,,,,,,,,,,,,,,,,,,,,,,,,,,,,,,,,,,,,,,,,,,,,,,,,,,,,,,,,,,,,,,,,,,,,,,,,,,,,,,,,,,,,,,,,,,,,,,,,,,,,,,,,,,,,,,,,,,,,,,,,,,,,,,,,,,,,,,,,,,,,,,,,,,,
1521.09090909091,1264,1612.81818181818,,187390.888888889,4446.77777777778,3313.11111111111,,,,,,,,,,,,,,,,,,,,,,,,,,,,,,,,,,,,,,,,,,,,,,,,,,,,,,,,,,,,,,,,,,,,,,,,,,,,,,,,,,,,,,,,,,,,,,,,,,,,,,,,,,,,,,,,,,,,,,,,,,,,,,,,,,,,,,,,,,,,,,,,,,,,,,,,,,,,,,,,,,,,,,,,,,,,,,,,,,,,,,,,,,,,,,,,,,,,,,,,,,,,,,,,,,,,,,,,,,,,,,,,,,,,,,,,,,,,,,,,,,,,,,,,,,,,,,,,,,,,,,,,,,,,,,,,,,,,,,,,,,,,,,,,,,,,,,,,,,,,,,,,,,,,,,,,,,,,,,,,,,,,,,,,,,,,,,,,,,,,,,,,,,,,,,,,,,,,,,,,,,,,,,,,,,,,,,,,,,,,,,,,,,,,,,,,,,,,,,,,,,,,,,,,,,,,,,,,,,,,,,,,,,,,,,,,,,,,,,,,,,,,,,,,,,,,,,,,,,,,,,,,,,,,,,,,,,,,,,,,,,,,,,,,,,,,,,,,,,,,,,,,,,,,,,,,,,,,,,,,,,,,,,,,,,,,,,,,,,,,,,,,,,,,,,,,,,,,,,,,,,,,,,,,,,,,,,,,,,,,,,,,,,,,,,,,,,,,,,,,,,,,,,,,,,,,,
677.954047785756,595.960233572677,786.285929949382,,74312.0551516449,2145.70499939867,2286.95208981542,,,,,,,,,,,,,,,,,,,,,,,,,,,,,,,,,,,,,,,,,,,,,,,,,,,,,,,,,,,,,,,,,,,,,,,,,,,,,,,,,,,,,,,,,,,,,,,,,,,,,,,,,,,,,,,,,,,,,,,,,,,,,,,,,,,,,,,,,,,,,,,,,,,,,,,,,,,,,,,,,,,,,,,,,,,,,,,,,,,,,,,,,,,,,,,,,,,,,,,,,,,,,,,,,,,,,,,,,,,,,,,,,,,,,,,,,,,,,,,,,,,,,,,,,,,,,,,,,,,,,,,,,,,,,,,,,,,,,,,,,,,,,,,,,,,,,,,,,,,,,,,,,,,,,,,,,,,,,,,,,,,,,,,,,,,,,,,,,,,,,,,,,,,,,,,,,,,,,,,,,,,,,,,,,,,,,,,,,,,,,,,,,,,,,,,,,,,,,,,,,,,,,,,,,,,,,,,,,,,,,,,,,,,,,,,,,,,,,,,,,,,,,,,,,,,,,,,,,,,,,,,,,,,,,,,,,,,,,,,,,,,,,,,,,,,,,,,,,,,,,,,,,,,,,,,,,,,,,,,,,,,,,,,,,,,,,,,,,,,,,,,,,,,,,,,,,,,,,,,,,,,,,,,,,,,,,,,,,,,,,,,,,,,,,,,,,,,,,,,,,,,,,,,,,,,,,
,,,,,,,,,,,,,,,,,,,,,,,,,,,,,,,,,,,,,,,,,,,,,,,,,,,,,,,,,,,,,,,,,,,,,,,,,,,,,,,,,,,,,,,,,,,,,,,,,,,,,,,,,,,,,,,,,,,,,,,,,,,,,,,,,,,,,,,,,,,,,,,,,,,,,,,,,,,,,,,,,,,,,,,,,,,,,,,,,,,,,,,,,,,,,,,,,,,,,,,,,,,,,,,,,,,,,,,,,,,,,,,,,,,,,,,,,,,,,,,,,,,,,,,,,,,,,,,,,,,,,,,,,,,,,,,,,,,,,,,,,,,,,,,,,,,,,,,,,,,,,,,,,,,,,,,,,,,,,,,,,,,,,,,,,,,,,,,,,,,,,,,,,,,,,,,,,,,,,,,,,,,,,,,,,,,,,,,,,,,,,,,,,,,,,,,,,,,,,,,,,,,,,,,,,,,,,,,,,,,,,,,,,,,,,,,,,,,,,,,,,,,,,,,,,,,,,,,,,,,,,,,,,,,,,,,,,,,,,,,,,,,,,,,,,,,,,,,,,,,,,,,,,,,,,,,,,,,,,,,,,,,,,,,,,,,,,,,,,,,,,,,,,,,,,,,,,,,,,,,,,,,,,,,,,,,,,,,,,,,,,,,,,,,,,,,,,,,,,,,,,,,,,,,,,,,,,,,,,,,
,,,,-185869.797979798,-3182.77777777778,-1700.29292929293,,,,,,,,,,,,,,,,,,,,,,,,,,,,,,,,,,,,,,,,,,,,,,,,,,,,,,,,,,,,,,,,,,,,,,,,,,,,,,,,,,,,,,,,,,,,,,,,,,,,,,,,,,,,,,,,,,,,,,,,,,,,,,,,,,,,,,,,,,,,,,,,,,,,,,,,,,,,,,,,,,,,,,,,,,,,,,,,,,,,,,,,,,,,,,,,,,,,,,,,,,,,,,,,,,,,,,,,,,,,,,,,,,,,,,,,,,,,,,,,,,,,,,,,,,,,,,,,,,,,,,,,,,,,,,,,,,,,,,,,,,,,,,,,,,,,,,,,,,,,,,,,,,,,,,,,,,,,,,,,,,,,,,,,,,,,,,,,,,,,,,,,,,,,,,,,,,,,,,,,,,,,,,,,,,,,,,,,,,,,,,,,,,,,,,,,,,,,,,,,,,,,,,,,,,,,,,,,,,,,,,,,,,,,,,,,,,,,,,,,,,,,,,,,,,,,,,,,,,,,,,,,,,,,,,,,,,,,,,,,,,,,,,,,,,,,,,,,,,,,,,,,,,,,,,,,,,,,,,,,,,,,,,,,,,,,,,,,,,,,,,,,,,,,,,,,,,,,,,,,,,,,,,,,,,,,,,,,,,,,,,,,,,,,,,,,,,,,,,,,,,,,,,,,,,,,,
,,,,-111557.742828153,-1037.07277837911,586.659160522487,,,,,,,,,,,,,,,,,,,,,,,,,,,,,,,,,,,,,,,,,,,,,,,,,,,,,,,,,,,,,,,,,,,,,,,,,,,,,,,,,,,,,,,,,,,,,,,,,,,,,,,,,,,,,,,,,,,,,,,,,,,,,,,,,,,,,,,,,,,,,,,,,,,,,,,,,,,,,,,,,,,,,,,,,,,,,,,,,,,,,,,,,,,,,,,,,,,,,,,,,,,,,,,,,,,,,,,,,,,,,,,,,,,,,,,,,,,,,,,,,,,,,,,,,,,,,,,,,,,,,,,,,,,,,,,,,,,,,,,,,,,,,,,,,,,,,,,,,,,,,,,,,,,,,,,,,,,,,,,,,,,,,,,,,,,,,,,,,,,,,,,,,,,,,,,,,,,,,,,,,,,,,,,,,,,,,,,,,,,,,,,,,,,,,,,,,,,,,,,,,,,,,,,,,,,,,,,,,,,,,,,,,,,,,,,,,,,,,,,,,,,,,,,,,,,,,,,,,,,,,,,,,,,,,,,,,,,,,,,,,,,,,,,,,,,,,,,,,,,,,,,,,,,,,,,,,,,,,,,,,,,,,,,,,,,,,,,,,,,,,,,,,,,,,,,,,,,,,,,,,,,,,,,,,,,,,,,,,,,,,,,,,,,,,,,,,,,,,,,,,,,,,,,,,,,,,
,,,,-260181.853131443,-5328.48277717645,-3987.24501910835,,,,,,,,,,,,,,,,,,,,,,,,,,,,,,,,,,,,,,,,,,,,,,,,,,,,,,,,,,,,,,,,,,,,,,,,,,,,,,,,,,,,,,,,,,,,,,,,,,,,,,,,,,,,,,,,,,,,,,,,,,,,,,,,,,,,,,,,,,,,,,,,,,,,,,,,,,,,,,,,,,,,,,,,,,,,,,,,,,,,,,,,,,,,,,,,,,,,,,,,,,,,,,,,,,,,,,,,,,,,,,,,,,,,,,,,,,,,,,,,,,,,,,,,,,,,,,,,,,,,,,,,,,,,,,,,,,,,,,,,,,,,,,,,,,,,,,,,,,,,,,,,,,,,,,,,,,,,,,,,,,,,,,,,,,,,,,,,,,,,,,,,,,,,,,,,,,,,,,,,,,,,,,,,,,,,,,,,,,,,,,,,,,,,,,,,,,,,,,,,,,,,,,,,,,,,,,,,,,,,,,,,,,,,,,,,,,,,,,,,,,,,,,,,,,,,,,,,,,,,,,,,,,,,,,,,,,,,,,,,,,,,,,,,,,,,,,,,,,,,,,,,,,,,,,,,,,,,,,,,,,,,,,,,,,,,,,,,,,,,,,,,,,,,,,,,,,,,,,,,,,,,,,,,,,,,,,,,,,,,,,,,,,,,,,,,,,,,,,,,,,,,,,,,,,,,,
,,,,,,,,,,,,,,,,,,,,,,,,,,,,,,,,,,,,,,,,,,,,,,,,,,,,,,,,,,,,,,,,,,,,,,,,,,,,,,,,,,,,,,,,,,,,,,,,,,,,,,,,,,,,,,,,,,,,,,,,,,,,,,,,,,,,,,,,,,,,,,,,,,,,,,,,,,,,,,,,,,,,,,,,,,,,,,,,,,,,,,,,,,,,,,,,,,,,,,,,,,,,,,,,,,,,,,,,,,,,,,,,,,,,,,,,,,,,,,,,,,,,,,,,,,,,,,,,,,,,,,,,,,,,,,,,,,,,,,,,,,,,,,,,,,,,,,,,,,,,,,,,,,,,,,,,,,,,,,,,,,,,,,,,,,,,,,,,,,,,,,,,,,,,,,,,,,,,,,,,,,,,,,,,,,,,,,,,,,,,,,,,,,,,,,,,,,,,,,,,,,,,,,,,,,,,,,,,,,,,,,,,,,,,,,,,,,,,,,,,,,,,,,,,,,,,,,,,,,,,,,,,,,,,,,,,,,,,,,,,,,,,,,,,,,,,,,,,,,,,,,,,,,,,,,,,,,,,,,,,,,,,,,,,,,,,,,,,,,,,,,,,,,,,,,,,,,,,,,,,,,,,,,,,,,,,,,,,,,,,,,,,,,,,,,,,,,,,,,,,,,,,,,,,,,,,,,,,,,,
8x8,,,,,,,,,,,,,,,,,,,,,,,,,,,,,,,,,,,,,,,,,,,,,,,,,,,,,,,,,,,,,,,,,,,,,,,,,,,,,,,,,,,,,,,,,,,,,,,,,,,,,,,,,,,,,,,,,,,,,,,,,,,,,,,,,,,,,,,,,,,,,,,,,,,,,,,,,,,,,,,,,,,,,,,,,,,,,,,,,,,,,,,,,,,,,,,,,,,,,,,,,,,,,,,,,,,,,,,,,,,,,,,,,,,,,,,,,,,,,,,,,,,,,,,,,,,,,,,,,,,,,,,,,,,,,,,,,,,,,,,,,,,,,,,,,,,,,,,,,,,,,,,,,,,,,,,,,,,,,,,,,,,,,,,,,,,,,,,,,,,,,,,,,,,,,,,,,,,,,,,,,,,,,,,,,,,,,,,,,,,,,,,,,,,,,,,,,,,,,,,,,,,,,,,,,,,,,,,,,,,,,,,,,,,,,,,,,,,,,,,,,,,,,,,,,,,,,,,,,,,,,,,,,,,,,,,,,,,,,,,,,,,,,,,,,,,,,,,,,,,,,,,,,,,,,,,,,,,,,,,,,,,,,,,,,,,,,,,,,,,,,,,,,,,,,,,,,,,,,,,,,,,,,,,,,,,,,,,,,,,,,,,,,,,,,,,,,,,,,,,,,,,,,,,,,,,,,,,,,,,
3365.1,3982.8,4776,4752.3,4597.9,5121.6,4353.1,3972.4,5434.8,5810.4,2079.8,3705.5,4219.4,,,,,,,,,,,,,,,,,,,,,,,,,,,,,,,,,,,,,,,,,,,,,,,,,,,,,,,,,,,,,,,,,,,,,,,,,,,,,,,,,,,,,,,,,,,,,,,,,,,,,,,,,,,,,,,,,,,,,,,,,,,,,,,,,,,,,,,,,,,,,,,,,,,,,,,,,,,,,,,,,,,,,,,,,,,,,,,,,,,,,,,,,,,,,,,,,,,,,,,,,,,,,,,,,,,,,,,,,,,,,,,,,,,,,,,,,,,,,,,,,,,,,,,,,,,,,,,,,,,,,,,,,,,,,,,,,,,,,,,,,,,,,,,,,,,,,,,,,,,,,,,,,,,,,,,,,,,,,,,,,,,,,,,,,,,,,,,,,,,,,,,,,,,,,,,,,,,,,,,,,,,,,,,,,,,,,,,,,,,,,,,,,,,,,,,,,,,,,,,,,,,,,,,,,,,,,,,,,,,,,,,,,,,,,,,,,,,,,,,,,,,,,,,,,,,,,,,,,,,,,,,,,,,,,,,,,,,,,,,,,,,,,,,,,,,,,,,,,,,,,,,,,,,,,,,,,,,,,,,,,,,,,,,,,,,,,,,,,,,,,,,,,,,,,,,,,,,,,,,,,,,,,,,,,,,,,,,,,,,,,,,,,,,,,,,,,,,,,,,,,,,,,,,
1860.92697629733,2292.2872032584,2750.95785338691,2797.68499735843,2724.3981374078,3010.77307163607,2592.60720125514,2353.64116022624,2857.75388878904,3427.44427623071,1191.73634295137,2262.33567850181,2502.02128066267,,,,,,,,,,,,,,,,,,,,,,,,,,,,,,,,,,,,,,,,,,,,,,,,,,,,,,,,,,,,,,,,,,,,,,,,,,,,,,,,,,,,,,,,,,,,,,,,,,,,,,,,,,,,,,,,,,,,,,,,,,,,,,,,,,,,,,,,,,,,,,,,,,,,,,,,,,,,,,,,,,,,,,,,,,,,,,,,,,,,,,,,,,,,,,,,,,,,,,,,,,,,,,,,,,,,,,,,,,,,,,,,,,,,,,,,,,,,,,,,,,,,,,,,,,,,,,,,,,,,,,,,,,,,,,,,,,,,,,,,,,,,,,,,,,,,,,,,,,,,,,,,,,,,,,,,,,,,,,,,,,,,,,,,,,,,,,,,,,,,,,,,,,,,,,,,,,,,,,,,,,,,,,,,,,,,,,,,,,,,,,,,,,,,,,,,,,,,,,,,,,,,,,,,,,,,,,,,,,,,,,,,,,,,,,,,,,,,,,,,,,,,,,,,,,,,,,,,,,,,,,,,,,,,,,,,,,,,,,,,,,,,,,,,,,,,,,,,,,,,,,,,,,,,,,,,,,,,,,,,,,,,,,,,,,,,,,,,,,,,,,,,,,,,,,,,,,,,,,,,,,,,,,,,,,,,,,,,,,,,,,,,,,,,,,,,,,,,,,,,,,,,,,,
,,,,,,,,,,,,,,,,,,,,,,,,,,,,,,,,,,,,,,,,,,,,,,,,,,,,,,,,,,,,,,,,,,,,,,,,,,,,,,,,,,,,,,,,,,,,,,,,,,,,,,,,,,,,,,,,,,,,,,,,,,,,,,,,,,,,,,,,,,,,,,,,,,,,,,,,,,,,,,,,,,,,,,,,,,,,,,,,,,,,,,,,,,,,,,,,,,,,,,,,,,,,,,,,,,,,,,,,,,,,,,,,,,,,,,,,,,,,,,,,,,,,,,,,,,,,,,,,,,,,,,,,,,,,,,,,,,,,,,,,,,,,,,,,,,,,,,,,,,,,,,,,,,,,,,,,,,,,,,,,,,,,,,,,,,,,,,,,,,,,,,,,,,,,,,,,,,,,,,,,,,,,,,,,,,,,,,,,,,,,,,,,,,,,,,,,,,,,,,,,,,,,,,,,,,,,,,,,,,,,,,,,,,,,,,,,,,,,,,,,,,,,,,,,,,,,,,,,,,,,,,,,,,,,,,,,,,,,,,,,,,,,,,,,,,,,,,,,,,,,,,,,,,,,,,,,,,,,,,,,,,,,,,,,,,,,,,,,,,,,,,,,,,,,,,,,,,,,,,,,,,,,,,,,,,,,,,,,,,,,,,,,,,,,,,,,,,,,,,,,,,,,,,,,,,,,,,,,,,,
4807016.6,1854987.1,21640.4,6293.8,7053.9,6159.5,5956.2,6775.8,7495.8,7488.7,2913.8,4192.1,3845.5,,,,,,,,,,,,,,,,,,,,,,,,,,,,,,,,,,,,,,,,,,,,,,,,,,,,,,,,,,,,,,,,,,,,,,,,,,,,,,,,,,,,,,,,,,,,,,,,,,,,,,,,,,,,,,,,,,,,,,,,,,,,,,,,,,,,,,,,,,,,,,,,,,,,,,,,,,,,,,,,,,,,,,,,,,,,,,,,,,,,,,,,,,,,,,,,,,,,,,,,,,,,,,,,,,,,,,,,,,,,,,,,,,,,,,,,,,,,,,,,,,,,,,,,,,,,,,,,,,,,,,,,,,,,,,,,,,,,,,,,,,,,,,,,,,,,,,,,,,,,,,,,,,,,,,,,,,,,,,,,,,,,,,,,,,,,,,,,,,,,,,,,,,,,,,,,,,,,,,,,,,,,,,,,,,,,,,,,,,,,,,,,,,,,,,,,,,,,,,,,,,,,,,,,,,,,,,,,,,,,,,,,,,,,,,,,,,,,,,,,,,,,,,,,,,,,,,,,,,,,,,,,,,,,,,,,,,,,,,,,,,,,,,,,,,,,,,,,,,,,,,,,,,,,,,,,,,,,,,,,,,,,,,,,,,,,,,,,,,,,,,,,,,,,,,,,,,,,,,,,,,,,,,,,,,,,,,,,,,,,,,,,,,,,,,,,,,,,,,,,,,,,,,,
5860021.23238875,2368185.53134455,37682.9313739435,5130.63686321905,6233.04467156925,4058.02719584557,4064.00898949137,5230.27545057513,5710.69370761751,4812.78221798761,2545.28438926227,3373.81167392478,2366.07134531297,,,,,,,,,,,,,,,,,,,,,,,,,,,,,,,,,,,,,,,,,,,,,,,,,,,,,,,,,,,,,,,,,,,,,,,,,,,,,,,,,,,,,,,,,,,,,,,,,,,,,,,,,,,,,,,,,,,,,,,,,,,,,,,,,,,,,,,,,,,,,,,,,,,,,,,,,,,,,,,,,,,,,,,,,,,,,,,,,,,,,,,,,,,,,,,,,,,,,,,,,,,,,,,,,,,,,,,,,,,,,,,,,,,,,,,,,,,,,,,,,,,,,,,,,,,,,,,,,,,,,,,,,,,,,,,,,,,,,,,,,,,,,,,,,,,,,,,,,,,,,,,,,,,,,,,,,,,,,,,,,,,,,,,,,,,,,,,,,,,,,,,,,,,,,,,,,,,,,,,,,,,,,,,,,,,,,,,,,,,,,,,,,,,,,,,,,,,,,,,,,,,,,,,,,,,,,,,,,,,,,,,,,,,,,,,,,,,,,,,,,,,,,,,,,,,,,,,,,,,,,,,,,,,,,,,,,,,,,,,,,,,,,,,,,,,,,,,,,,,,,,,,,,,,,,,,,,,,,,,,,,,,,,,,,,,,,,,,,,,,,,,,,,,,,,,,,,,,,,,,,,,,,,,,,,,,,,,,,,,,,,,,,,,,,,,,,,,,,,,,,,,,,,,
,,,,,,,,,,,,,,,,,,,,,,,,,,,,,,,,,,,,,,,,,,,,,,,,,,,,,,,,,,,,,,,,,,,,,,,,,,,,,,,,,,,,,,,,,,,,,,,,,,,,,,,,,,,,,,,,,,,,,,,,,,,,,,,,,,,,,,,,,,,,,,,,,,,,,,,,,,,,,,,,,,,,,,,,,,,,,,,,,,,,,,,,,,,,,,,,,,,,,,,,,,,,,,,,,,,,,,,,,,,,,,,,,,,,,,,,,,,,,,,,,,,,,,,,,,,,,,,,,,,,,,,,,,,,,,,,,,,,,,,,,,,,,,,,,,,,,,,,,,,,,,,,,,,,,,,,,,,,,,,,,,,,,,,,,,,,,,,,,,,,,,,,,,,,,,,,,,,,,,,,,,,,,,,,,,,,,,,,,,,,,,,,,,,,,,,,,,,,,,,,,,,,,,,,,,,,,,,,,,,,,,,,,,,,,,,,,,,,,,,,,,,,,,,,,,,,,,,,,,,,,,,,,,,,,,,,,,,,,,,,,,,,,,,,,,,,,,,,,,,,,,,,,,,,,,,,,,,,,,,,,,,,,,,,,,,,,,,,,,,,,,,,,,,,,,,,,,,,,,,,,,,,,,,,,,,,,,,,,,,,,,,,,,,,,,,,,,,,,,,,,,,,,,,,,,,,,,,,,,,
-4803651.5,-1851004.3,-16864.4,-1541.5,-2456,-1037.9,-1603.1,-2803.4,-2061,-1678.3,-834,-486.6,373.9,,-514280.623076923,,,,,,,,,,,,,,,,,,,,,,,,,,,,,,,,,,,,,,,,,,,,,,,,,,,,,,,,,,,,,,,,,,,,,,,,,,,,,,,,,,,,,,,,,,,,,,,,,,,,,,,,,,,,,,,,,,,,,,,,,,,,,,,,,,,,,,,,,,,,,,,,,,,,,,,,,,,,,,,,,,,,,,,,,,,,,,,,,,,,,,,,,,,,,,,,,,,,,,,,,,,,,,,,,,,,,,,,,,,,,,,,,,,,,,,,,,,,,,,,,,,,,,,,,,,,,,,,,,,,,,,,,,,,,,,,,,,,,,,,,,,,,,,,,,,,,,,,,,,,,,,,,,,,,,,,,,,,,,,,,,,,,,,,,,,,,,,,,,,,,,,,,,,,,,,,,,,,,,,,,,,,,,,,,,,,,,,,,,,,,,,,,,,,,,,,,,,,,,,,,,,,,,,,,,,,,,,,,,,,,,,,,,,,,,,,,,,,,,,,,,,,,,,,,,,,,,,,,,,,,,,,,,,,,,,,,,,,,,,,,,,,,,,,,,,,,,,,,,,,,,,,,,,,,,,,,,,,,,,,,,,,,,,,,,,,,,,,,,,,,,,,,,,,,,,,,,,,,,,,,,,,,,,,,,,,,,,,,,,,,,,,,,,,,,,,,,,,,,,,,,,,,
1056369.73238875,517181.231344547,20818.5313739435,3589.13686321905,3777.04467156925,3020.12719584557,2460.90898949137,2426.87545057513,3649.69370761751,3134.48221798761,1711.28438926227,2887.21167392478,2739.97134531297,,124905.094739388,,,,,,,,,,,,,,,,,,,,,,,,,,,,,,,,,,,,,,,,,,,,,,,,,,,,,,,,,,,,,,,,,,,,,,,,,,,,,,,,,,,,,,,,,,,,,,,,,,,,,,,,,,,,,,,,,,,,,,,,,,,,,,,,,,,,,,,,,,,,,,,,,,,,,,,,,,,,,,,,,,,,,,,,,,,,,,,,,,,,,,,,,,,,,,,,,,,,,,,,,,,,,,,,,,,,,,,,,,,,,,,,,,,,,,,,,,,,,,,,,,,,,,,,,,,,,,,,,,,,,,,,,,,,,,,,,,,,,,,,,,,,,,,,,,,,,,,,,,,,,,,,,,,,,,,,,,,,,,,,,,,,,,,,,,,,,,,,,,,,,,,,,,,,,,,,,,,,,,,,,,,,,,,,,,,,,,,,,,,,,,,,,,,,,,,,,,,,,,,,,,,,,,,,,,,,,,,,,,,,,,,,,,,,,,,,,,,,,,,,,,,,,,,,,,,,,,,,,,,,,,,,,,,,,,,,,,,,,,,,,,,,,,,,,,,,,,,,,,,,,,,,,,,,,,,,,,,,,,,,,,,,,,,,,,,,,,,,,,,,,,,,,,,,,,,,,,,,,,,,,,,,,,,,,,,,,,,,,,,,,,,,,,,,,,,,,,,,,,,,,,,,,
-10663672.7323887,-4219189.83134455,-54547.3313739435,-6672.13686321905,-8689.04467156925,-5095.92719584556,-5667.10898949137,-8033.67545057513,-7771.69370761751,-6491.08221798761,-3379.28438926227,-3860.41167392478,-1992.17134531297,,-1153466.34089323,,,,,,,,,,,,,,,,,,,,,,,,,,,,,,,,,,,,,,,,,,,,,,,,,,,,,,,,,,,,,,,,,,,,,,,,,,,,,,,,,,,,,,,,,,,,,,,,,,,,,,,,,,,,,,,,,,,,,,,,,,,,,,,,,,,,,,,,,,,,,,,,,,,,,,,,,,,,,,,,,,,,,,,,,,,,,,,,,,,,,,,,,,,,,,,,,,,,,,,,,,,,,,,,,,,,,,,,,,,,,,,,,,,,,,,,,,,,,,,,,,,,,,,,,,,,,,,,,,,,,,,,,,,,,,,,,,,,,,,,,,,,,,,,,,,,,,,,,,,,,,,,,,,,,,,,,,,,,,,,,,,,,,,,,,,,,,,,,,,,,,,,,,,,,,,,,,,,,,,,,,,,,,,,,,,,,,,,,,,,,,,,,,,,,,,,,,,,,,,,,,,,,,,,,,,,,,,,,,,,,,,,,,,,,,,,,,,,,,,,,,,,,,,,,,,,,,,,,,,,,,,,,,,,,,,,,,,,,,,,,,,,,,,,,,,,,,,,,,,,,,,,,,,,,,,,,,,,,,,,,,,,,,,,,,,,,,,,,,,,,,,,,,,,,,,,,,,,,,,,,,,,,,,,,,,,,,,,,,,,,,,,,,,,,,,,,,,,,,,,,,,,,
,,,,,,,,,,,,,,,,,,,,,,,,,,,,,,,,,,,,,,,,,,,,,,,,,,,,,,,,,,,,,,,,,,,,,,,,,,,,,,,,,,,,,,,,,,,,,,,,,,,,,,,,,,,,,,,,,,,,,,,,,,,,,,,,,,,,,,,,,,,,,,,,,,,,,,,,,,,,,,,,,,,,,,,,,,,,,,,,,,,,,,,,,,,,,,,,,,,,,,,,,,,,,,,,,,,,,,,,,,,,,,,,,,,,,,,,,,,,,,,,,,,,,,,,,,,,,,,,,,,,,,,,,,,,,,,,,,,,,,,,,,,,,,,,,,,,,,,,,,,,,,,,,,,,,,,,,,,,,,,,,,,,,,,,,,,,,,,,,,,,,,,,,,,,,,,,,,,,,,,,,,,,,,,,,,,,,,,,,,,,,,,,,,,,,,,,,,,,,,,,,,,,,,,,,,,,,,,,,,,,,,,,,,,,,,,,,,,,,,,,,,,,,,,,,,,,,,,,,,,,,,,,,,,,,,,,,,,,,,,,,,,,,,,,,,,,,,,,,,,,,,,,,,,,,,,,,,,,,,,,,,,,,,,,,,,,,,,,,,,,,,,,,,,,,,,,,,,,,,,,,,,,,,,,,,,,,,,,,,,,,,,,,,,,,,,,,,,,,,,,,,,,,,,,,,,,,,,,,,,
16x16,,,,,,,,,,,,,,,,,,,,,,,,,,,,,,,,,,,,,,,,,,,,,,,,,,,,,,,,,,,,,,,,,,,,,,,,,,,,,,,,,,,,,,,,,,,,,,,,,,,,,,,,,,,,,,,,,,,,,,,,,,,,,,,,,,,,,,,,,,,,,,,,,,,,,,,,,,,,,,,,,,,,,,,,,,,,,,,,,,,,,,,,,,,,,,,,,,,,,,,,,,,,,,,,,,,,,,,,,,,,,,,,,,,,,,,,,,,,,,,,,,,,,,,,,,,,,,,,,,,,,,,,,,,,,,,,,,,,,,,,,,,,,,,,,,,,,,,,,,,,,,,,,,,,,,,,,,,,,,,,,,,,,,,,,,,,,,,,,,,,,,,,,,,,,,,,,,,,,,,,,,,,,,,,,,,,,,,,,,,,,,,,,,,,,,,,,,,,,,,,,,,,,,,,,,,,,,,,,,,,,,,,,,,,,,,,,,,,,,,,,,,,,,,,,,,,,,,,,,,,,,,,,,,,,,,,,,,,,,,,,,,,,,,,,,,,,,,,,,,,,,,,,,,,,,,,,,,,,,,,,,,,,,,,,,,,,,,,,,,,,,,,,,,,,,,,,,,,,,,,,,,,,,,,,,,,,,,,,,,,,,,,,,,,,,,,,,,,,,,,,,,,,,,,,,,,,,,,,,,
9530,12755,20520.6666666667,19965.3333333333,25022,25641.3333333333,24974.8888888889,20075.1111111111,21368.5555555556,24335.1111111111,22337.3333333333,27300.5555555556,26544.6666666667,27895.1111111111,25100,26310.7777777778,20616.3333333333,16847.3333333333,17682,24014.7777777778,40747.1111111111,40026.5555555556,26849.4444444444,24191.1111111111,22671.7777777778,23277,20827.3333333333,20414.5555555556,24864.4444444444,17511.1111111111,14470.2222222222,12598.1111111111,11690.8888888889,10686,24396.8888888889,16211.7777777778,15643.7777777778,14703.2222222222,12763.6666666667,12317.4444444444,11770.3333333333,11512.5555555556,,,,,,,,,,,,,,,,,,,,,,,,,,,,,,,,,,,,,,,,,,,,,,,,,,,,,,,,,,,,,,,,,,,,,,,,,,,,,,,,,,,,,,,,,,,,,,,,,,,,,,,,,,,,,,,,,,,,,,,,,,,,,,,,,,,,,,,,,,,,,,,,,,,,,,,,,,,,,,,,,,,,,,,,,,,,,,,,,,,,,,,,,,,,,,,,,,,,,,,,,,,,,,,,,,,,,,,,,,,,,,,,,,,,,,,,,,,,,,,,,,,,,,,,,,,,,,,,,,,,,,,,,,,,,,,,,,,,,,,,,,,,,,,,,,,,,,,,,,,,,,,,,,,,,,,,,,,,,,,,,,,,,,,,,,,,,,,,,,,,,,,,,,,,,,,,,,,,,,,,,,,,,,,,,,,,,,,,,,,,,,,,,,,,,,,,,,,,,,,,,,,,,,,,,,,,,,,,,,,,,,,,,,,,,,,,,,,,,,,,,,,,,,,,,,,,,,,,,,,,,,,,,,,,,,,,,,,,,,,,,,,,,,,,,,,,,,,,,,,,,,,,,,,,,,,,,,,,,,,,,,,,,,,,,,,,,,,,,,,,,,,,,,,,,,,,,,,,,,,,,,,,,,,,,,,,,,,,,,
3925.22664950701,4279.10247598723,7046.64547852381,7014.68347468366,9656.32303208628,9116.0509816477,9158.56220217514,7323.97423610372,7066.33232503098,9027.86543769407,8616.22798851098,9293.07552846622,9963.92526818623,10558.7810310239,9501.90054673274,10249.1393270091,7854.61754320349,6560.66923034533,6830.35383417287,9429.71002706045,15593.2293836495,15232.5461685753,10351.4829748098,9420.49306624187,8750.46198462941,9122.1221900389,8136.14036260437,8226.31328590018,10550.8434273179,7501.98611109825,6672.25701651581,5781.56956293973,5212.27604901267,4743.17628282989,15213.7905569622,7651.13540230758,7227.29080945581,6629.44769150828,5266.23743767787,4850.83866746543,4642.14026608417,4516.96510699139,,,,,,,,,,,,,,,,,,,,,,,,,,,,,,,,,,,,,,,,,,,,,,,,,,,,,,,,,,,,,,,,,,,,,,,,,,,,,,,,,,,,,,,,,,,,,,,,,,,,,,,,,,,,,,,,,,,,,,,,,,,,,,,,,,,,,,,,,,,,,,,,,,,,,,,,,,,,,,,,,,,,,,,,,,,,,,,,,,,,,,,,,,,,,,,,,,,,,,,,,,,,,,,,,,,,,,,,,,,,,,,,,,,,,,,,,,,,,,,,,,,,,,,,,,,,,,,,,,,,,,,,,,,,,,,,,,,,,,,,,,,,,,,,,,,,,,,,,,,,,,,,,,,,,,,,,,,,,,,,,,,,,,,,,,,,,,,,,,,,,,,,,,,,,,,,,,,,,,,,,,,,,,,,,,,,,,,,,,,,,,,,,,,,,,,,,,,,,,,,,,,,,,,,,,,,,,,,,,,,,,,,,,,,,,,,,,,,,,,,,,,,,,,,,,,,,,,,,,,,,,,,,,,,,,,,,,,,,,,,,,,,,,,,,,,,,,,,,,,,,,,,,,,,,,,,,,,,,,,,,,,,,,,,,,,,,,,,,,,,,,,,,,,,,,,,,,,,,,,,,,,,,,,,,,,,,,,,,,
,,,,,,,,,,,,,,,,,,,,,,,,,,,,,,,,,,,,,,,,,,,,,,,,,,,,,,,,,,,,,,,,,,,,,,,,,,,,,,,,,,,,,,,,,,,,,,,,,,,,,,,,,,,,,,,,,,,,,,,,,,,,,,,,,,,,,,,,,,,,,,,,,,,,,,,,,,,,,,,,,,,,,,,,,,,,,,,,,,,,,,,,,,,,,,,,,,,,,,,,,,,,,,,,,,,,,,,,,,,,,,,,,,,,,,,,,,,,,,,,,,,,,,,,,,,,,,,,,,,,,,,,,,,,,,,,,,,,,,,,,,,,,,,,,,,,,,,,,,,,,,,,,,,,,,,,,,,,,,,,,,,,,,,,,,,,,,,,,,,,,,,,,,,,,,,,,,,,,,,,,,,,,,,,,,,,,,,,,,,,,,,,,,,,,,,,,,,,,,,,,,,,,,,,,,,,,,,,,,,,,,,,,,,,,,,,,,,,,,,,,,,,,,,,,,,,,,,,,,,,,,,,,,,,,,,,,,,,,,,,,,,,,,,,,,,,,,,,,,,,,,,,,,,,,,,,,,,,,,,,,,,,,,,,,,,,,,,,,,,,,,,,,,,,,,,,,,,,,,,,,,,,,,,,,,,,,,,,,,,,,,,,,,,,,,,,,,,,,,,,,,,,,,,,,,,,,,,,,,,
3270042.4,1040316.9,879906.9,885316.4,731117.6,15295.9,13095.6,18521,11947.5,19270.9,10867.1,387617.1,65724.9,35346,36375.7,33369.3,22212.3,15024.1,18263.8,27793.3,63102.3,156096.6,24574,27788.9,28248.2,27406.5,26094.5,27302,17506.3,15556.1,12945.7,13258.6,9981.7,9634.2,19234.7,14595.8,13914.8,13084.6,12476.2,10494.3,9875.2,9954.1,,,,,,,,,,,,,,,,,,,,,,,,,,,,,,,,,,,,,,,,,,,,,,,,,,,,,,,,,,,,,,,,,,,,,,,,,,,,,,,,,,,,,,,,,,,,,,,,,,,,,,,,,,,,,,,,,,,,,,,,,,,,,,,,,,,,,,,,,,,,,,,,,,,,,,,,,,,,,,,,,,,,,,,,,,,,,,,,,,,,,,,,,,,,,,,,,,,,,,,,,,,,,,,,,,,,,,,,,,,,,,,,,,,,,,,,,,,,,,,,,,,,,,,,,,,,,,,,,,,,,,,,,,,,,,,,,,,,,,,,,,,,,,,,,,,,,,,,,,,,,,,,,,,,,,,,,,,,,,,,,,,,,,,,,,,,,,,,,,,,,,,,,,,,,,,,,,,,,,,,,,,,,,,,,,,,,,,,,,,,,,,,,,,,,,,,,,,,,,,,,,,,,,,,,,,,,,,,,,,,,,,,,,,,,,,,,,,,,,,,,,,,,,,,,,,,,,,,,,,,,,,,,,,,,,,,,,,,,,,,,,,,,,,,,,,,,,,,,,,,,,,,,,,,,,,,,,,,,,,,,,,,,,,,,,,,,,,,,,,,,,,,,,,,,,,,,,,,,,,,,,,,,,,,,,,,,,,,,,
4912824.87317744,2742214.91576582,2745287.53485582,2743101.60457664,2267228.55631271,10139.7448844743,8505.54688554606,21210.172376061,8263.4412424042,13317.4227107033,7367.63439269651,267438.144185176,60188.296094562,38520.041441653,40601.4343727192,22080.0801883105,14152.2482238296,10784.3127576844,17681.489289964,20403.9517308127,38733.8346239793,139859.664250515,13804.8461619663,16176.8828919542,17291.7491744216,16292.6203284391,15707.6587777357,16912.8957110642,11314.7406711579,10094.7946591851,9058.29357304981,11165.72498716,6402.8296531039,6108.54197551811,11151.1120028453,9565.71799942087,9036.55173663543,7745.16543399817,7422.08851709245,6042.51553668761,5741.75547681679,5702.22896866753,,,,,,,,,,,,,,,,,,,,,,,,,,,,,,,,,,,,,,,,,,,,,,,,,,,,,,,,,,,,,,,,,,,,,,,,,,,,,,,,,,,,,,,,,,,,,,,,,,,,,,,,,,,,,,,,,,,,,,,,,,,,,,,,,,,,,,,,,,,,,,,,,,,,,,,,,,,,,,,,,,,,,,,,,,,,,,,,,,,,,,,,,,,,,,,,,,,,,,,,,,,,,,,,,,,,,,,,,,,,,,,,,,,,,,,,,,,,,,,,,,,,,,,,,,,,,,,,,,,,,,,,,,,,,,,,,,,,,,,,,,,,,,,,,,,,,,,,,,,,,,,,,,,,,,,,,,,,,,,,,,,,,,,,,,,,,,,,,,,,,,,,,,,,,,,,,,,,,,,,,,,,,,,,,,,,,,,,,,,,,,,,,,,,,,,,,,,,,,,,,,,,,,,,,,,,,,,,,,,,,,,,,,,,,,,,,,,,,,,,,,,,,,,,,,,,,,,,,,,,,,,,,,,,,,,,,,,,,,,,,,,,,,,,,,,,,,,,,,,,,,,,,,,,,,,,,,,,,,,,,,,,,,,,,,,,,,,,,,,,,,,,,,,,,,,,,,,,,,,,,,,,,,,,,,,,,,,,,,
,,,,,,,,,,,,,,,,,,,,,,,,,,,,,,,,,,,,,,,,,,,,,,,,,,,,,,,,,,,,,,,,,,,,,,,,,,,,,,,,,,,,,,,,,,,,,,,,,,,,,,,,,,,,,,,,,,,,,,,,,,,,,,,,,,,,,,,,,,,,,,,,,,,,,,,,,,,,,,,,,,,,,,,,,,,,,,,,,,,,,,,,,,,,,,,,,,,,,,,,,,,,,,,,,,,,,,,,,,,,,,,,,,,,,,,,,,,,,,,,,,,,,,,,,,,,,,,,,,,,,,,,,,,,,,,,,,,,,,,,,,,,,,,,,,,,,,,,,,,,,,,,,,,,,,,,,,,,,,,,,,,,,,,,,,,,,,,,,,,,,,,,,,,,,,,,,,,,,,,,,,,,,,,,,,,,,,,,,,,,,,,,,,,,,,,,,,,,,,,,,,,,,,,,,,,,,,,,,,,,,,,,,,,,,,,,,,,,,,,,,,,,,,,,,,,,,,,,,,,,,,,,,,,,,,,,,,,,,,,,,,,,,,,,,,,,,,,,,,,,,,,,,,,,,,,,,,,,,,,,,,,,,,,,,,,,,,,,,,,,,,,,,,,,,,,,,,,,,,,,,,,,,,,,,,,,,,,,,,,,,,,,,,,,,,,,,,,,,,,,,,,,,,,,,,,,,,,,,,,
-3260512.4,-1027561.9,-859386.233333333,-865351.066666667,-706095.6,10345.4333333333,11879.2888888889,1554.11111111111,9421.05555555555,5064.21111111111,11470.2333333333,-360316.544444444,-39180.2333333333,-7450.88888888889,-11275.7,-7058.52222222223,-1595.96666666667,1823.23333333333,-581.799999999999,-3778.52222222222,-22355.1888888889,-116070.044444444,2275.44444444444,-3597.78888888889,-5576.42222222222,-4129.5,-5267.16666666667,-6887.44444444445,7358.14444444445,1955.01111111111,1524.52222222222,-660.488888888889,1709.18888888889,1051.8,5162.18888888889,1615.97777777778,1728.97777777778,1618.62222222222,287.466666666665,1823.14444444445,1895.13333333333,1558.45555555555,,,,,,,,,,,,,,,,,,,,,,,,,,,,,,,,,,,,,,,,,,,,,,,,,,,,,,,,,,,,,,,,,,,,,,,,,,,,,,,,,,,,,,,,,,,,,,,,,,,,,,,,,,,,,,,,,,,,,,,,,,,,,,,,,,,,,,,,,,,,,,,,,,,,,,,,,,,,,,,,,,,,,,,,,,,,,,,,,,,,,,,,,,,,,,,,,,,,,,,,,,,,,,,,,,,,,,,,,,,,,,,,,,,,,,,,,,,,,,,,,,,,,,,,,,,,,,,,,,,,,,,,,,,,,,,,,,,,,,,,,,,,,,,,,,,,,,,,,,,,,,,,,,,,,,,,,,,,,,,,,,,,,,,,,,,,,,,,,,,,,,,,,,,,,,,,,,,,,,,,,,,,,,,,,,,,,,,,,,,,,,,,,,,,,,,,,,,,,,,,,,,,,,,,,,,,,,,,,,,,,,,,,,,,,,,,,,,,,,,,,,,,,,,,,,,,,,,,,,,,,,,,,,,,,,,,,,,,,,,,,,,,,,,,,,,,,,,,,,,,,,,,,,,,,,,,,,,,,,,,,,,,,,,,,,,,,,,,,,,,,,,,,,,,,,,,,,,,,,,,,,,,,,,,,,,,,,,,,,
1652312.47317744,1714653.01576582,1885901.30152249,1877750.53790997,1561132.95631271,20485.1782178076,20384.8357744349,22764.2834871721,17684.4967979598,18381.6338218144,18837.8677260298,-92878.4002592682,21008.0627612287,31069.1525527641,29325.7343727192,15021.5579660883,12556.281557163,12607.5460910178,17099.689289964,16625.4295085904,16378.6457350904,23789.6198060701,16080.2906064107,12579.0940030653,11715.3269521994,12163.1203284391,10440.492111069,10025.4512666197,18672.8851156024,12049.8057702962,10582.815795272,10505.2360982711,8112.01854199279,7160.34197551811,16313.3008917342,11181.6957771987,10765.5295144132,9363.78765622039,7709.55518375911,7865.65998113205,7636.88881015012,7260.68452422308,,,,,,,,,,,,,,,,,,,,,,,,,,,,,,,,,,,,,,,,,,,,,,,,,,,,,,,,,,,,,,,,,,,,,,,,,,,,,,,,,,,,,,,,,,,,,,,,,,,,,,,,,,,,,,,,,,,,,,,,,,,,,,,,,,,,,,,,,,,,,,,,,,,,,,,,,,,,,,,,,,,,,,,,,,,,,,,,,,,,,,,,,,,,,,,,,,,,,,,,,,,,,,,,,,,,,,,,,,,,,,,,,,,,,,,,,,,,,,,,,,,,,,,,,,,,,,,,,,,,,,,,,,,,,,,,,,,,,,,,,,,,,,,,,,,,,,,,,,,,,,,,,,,,,,,,,,,,,,,,,,,,,,,,,,,,,,,,,,,,,,,,,,,,,,,,,,,,,,,,,,,,,,,,,,,,,,,,,,,,,,,,,,,,,,,,,,,,,,,,,,,,,,,,,,,,,,,,,,,,,,,,,,,,,,,,,,,,,,,,,,,,,,,,,,,,,,,,,,,,,,,,,,,,,,,,,,,,,,,,,,,,,,,,,,,,,,,,,,,,,,,,,,,,,,,,,,,,,,,,,,,,,,,,,,,,,,,,,,,,,,,,,,,,,,,,,,,,,,,,,,,,,,,,,,,,,,,,,,
-8173337.27317744,-3769776.81576582,-3604673.76818916,-3608452.67124331,-2973324.15631271,205.688448859059,3373.74200334283,-19656.0612649499,1157.61431315135,-8253.21159959217,4102.59894063682,-627754.688629621,-99368.5294278953,-45970.9303305419,-51877.1343727192,-29138.6024105327,-15748.2148904963,-8961.07942435112,-18263.289289964,-24182.4739530349,-61089.0235128682,-255929.708694959,-11529.4017175219,-19774.6717808431,-22868.1713966438,-20422.1203284391,-20974.8254444024,-23800.3401555086,-3956.59622671349,-8139.78354807395,-7533.77135082759,-11826.2138760489,-4693.64076421502,-5056.74197551811,-5988.92311395639,-7949.74022164309,-7307.57395885766,-6126.54321177594,-7134.62185042578,-4219.37109224316,-3846.62214348345,-4143.77341311197,,,,,,,,,,,,,,,,,,,,,,,,,,,,,,,,,,,,,,,,,,,,,,,,,,,,,,,,,,,,,,,,,,,,,,,,,,,,,,,,,,,,,,,,,,,,,,,,,,,,,,,,,,,,,,,,,,,,,,,,,,,,,,,,,,,,,,,,,,,,,,,,,,,,,,,,,,,,,,,,,,,,,,,,,,,,,,,,,,,,,,,,,,,,,,,,,,,,,,,,,,,,,,,,,,,,,,,,,,,,,,,,,,,,,,,,,,,,,,,,,,,,,,,,,,,,,,,,,,,,,,,,,,,,,,,,,,,,,,,,,,,,,,,,,,,,,,,,,,,,,,,,,,,,,,,,,,,,,,,,,,,,,,,,,,,,,,,,,,,,,,,,,,,,,,,,,,,,,,,,,,,,,,,,,,,,,,,,,,,,,,,,,,,,,,,,,,,,,,,,,,,,,,,,,,,,,,,,,,,,,,,,,,,,,,,,,,,,,,,,,,,,,,,,,,,,,,,,,,,,,,,,,,,,,,,,,,,,,,,,,,,,,,,,,,,,,,,,,,,,,,,,,,,,,,,,,,,,,,,,,,,,,,,,,,,,,,,,,,,,,,,,,,,,,,,,,,,,,,,,,,,,,,,,,,,,,,,,,,
,,,,,,,,,,,,,,,,,,,,,,,,,,,,,,,,,,,,,,,,,,,,,,,,,,,,,,,,,,,,,,,,,,,,,,,,,,,,,,,,,,,,,,,,,,,,,,,,,,,,,,,,,,,,,,,,,,,,,,,,,,,,,,,,,,,,,,,,,,,,,,,,,,,,,,,,,,,,,,,,,,,,,,,,,,,,,,,,,,,,,,,,,,,,,,,,,,,,,,,,,,,,,,,,,,,,,,,,,,,,,,,,,,,,,,,,,,,,,,,,,,,,,,,,,,,,,,,,,,,,,,,,,,,,,,,,,,,,,,,,,,,,,,,,,,,,,,,,,,,,,,,,,,,,,,,,,,,,,,,,,,,,,,,,,,,,,,,,,,,,,,,,,,,,,,,,,,,,,,,,,,,,,,,,,,,,,,,,,,,,,,,,,,,,,,,,,,,,,,,,,,,,,,,,,,,,,,,,,,,,,,,,,,,,,,,,,,,,,,,,,,,,,,,,,,,,,,,,,,,,,,,,,,,,,,,,,,,,,,,,,,,,,,,,,,,,,,,,,,,,,,,,,,,,,,,,,,,,,,,,,,,,,,,,,,,,,,,,,,,,,,,,,,,,,,,,,,,,,,,,,,,,,,,,,,,,,,,,,,,,,,,,,,,,,,,,,,,,,,,,,,,,,,,,,,,,,,,,,,,
-172180.185185185,,,,,,,,,,,,,,,,,,,,,,,,,,,,,,,,,,,,,,,,,,,,,,,,,,,,,,,,,,,,,,,,,,,,,,,,,,,,,,,,,,,,,,,,,,,,,,,,,,,,,,,,,,,,,,,,,,,,,,,,,,,,,,,,,,,,,,,,,,,,,,,,,,,,,,,,,,,,,,,,,,,,,,,,,,,,,,,,,,,,,,,,,,,,,,,,,,,,,,,,,,,,,,,,,,,,,,,,,,,,,,,,,,,,,,,,,,,,,,,,,,,,,,,,,,,,,,,,,,,,,,,,,,,,,,,,,,,,,,,,,,,,,,,,,,,,,,,,,,,,,,,,,,,,,,,,,,,,,,,,,,,,,,,,,,,,,,,,,,,,,,,,,,,,,,,,,,,,,,,,,,,,,,,,,,,,,,,,,,,,,,,,,,,,,,,,,,,,,,,,,,,,,,,,,,,,,,,,,,,,,,,,,,,,,,,,,,,,,,,,,,,,,,,,,,,,,,,,,,,,,,,,,,,,,,,,,,,,,,,,,,,,,,,,,,,,,,,,,,,,,,,,,,,,,,,,,,,,,,,,,,,,,,,,,,,,,,,,,,,,,,,,,,,,,,,,,,,,,,,,,,,,,,,,,,,,,,,,,,,,,,,,,,,,,,,,,,,,,,,,,,,,,,,,,,,,,,,,,,,
217406.568590444,,,,,,,,,,,,,,,,,,,,,,,,,,,,,,,,,,,,,,,,,,,,,,,,,,,,,,,,,,,,,,,,,,,,,,,,,,,,,,,,,,,,,,,,,,,,,,,,,,,,,,,,,,,,,,,,,,,,,,,,,,,,,,,,,,,,,,,,,,,,,,,,,,,,,,,,,,,,,,,,,,,,,,,,,,,,,,,,,,,,,,,,,,,,,,,,,,,,,,,,,,,,,,,,,,,,,,,,,,,,,,,,,,,,,,,,,,,,,,,,,,,,,,,,,,,,,,,,,,,,,,,,,,,,,,,,,,,,,,,,,,,,,,,,,,,,,,,,,,,,,,,,,,,,,,,,,,,,,,,,,,,,,,,,,,,,,,,,,,,,,,,,,,,,,,,,,,,,,,,,,,,,,,,,,,,,,,,,,,,,,,,,,,,,,,,,,,,,,,,,,,,,,,,,,,,,,,,,,,,,,,,,,,,,,,,,,,,,,,,,,,,,,,,,,,,,,,,,,,,,,,,,,,,,,,,,,,,,,,,,,,,,,,,,,,,,,,,,,,,,,,,,,,,,,,,,,,,,,,,,,,,,,,,,,,,,,,,,,,,,,,,,,,,,,,,,,,,,,,,,,,,,,,,,,,,,,,,,,,,,,,,,,,,,,,,,,,,,,,,,,,,,,,,,,,,,,,,,,,,
-561766.938960815,,,,,,,,,,,,,,,,,,,,,,,,,,,,,,,,,,,,,,,,,,,,,,,,,,,,,,,,,,,,,,,,,,,,,,,,,,,,,,,,,,,,,,,,,,,,,,,,,,,,,,,,,,,,,,,,,,,,,,,,,,,,,,,,,,,,,,,,,,,,,,,,,,,,,,,,,,,,,,,,,,,,,,,,,,,,,,,,,,,,,,,,,,,,,,,,,,,,,,,,,,,,,,,,,,,,,,,,,,,,,,,,,,,,,,,,,,,,,,,,,,,,,,,,,,,,,,,,,,,,,,,,,,,,,,,,,,,,,,,,,,,,,,,,,,,,,,,,,,,,,,,,,,,,,,,,,,,,,,,,,,,,,,,,,,,,,,,,,,,,,,,,,,,,,,,,,,,,,,,,,,,,,,,,,,,,,,,,,,,,,,,,,,,,,,,,,,,,,,,,,,,,,,,,,,,,,,,,,,,,,,,,,,,,,,,,,,,,,,,,,,,,,,,,,,,,,,,,,,,,,,,,,,,,,,,,,,,,,,,,,,,,,,,,,,,,,,,,,,,,,,,,,,,,,,,,,,,,,,,,,,,,,,,,,,,,,,,,,,,,,,,,,,,,,,,,,,,,,,,,,,,,,,,,,,,,,,,,,,,,,,,,,,,,,,,,,,,,,,,,,,,,,,,,,,,,,,,,,,,
,,,,,,,,,,,,,,,,,,,,,,,,,,,,,,,,,,,,,,,,,,,,,,,,,,,,,,,,,,,,,,,,,,,,,,,,,,,,,,,,,,,,,,,,,,,,,,,,,,,,,,,,,,,,,,,,,,,,,,,,,,,,,,,,,,,,,,,,,,,,,,,,,,,,,,,,,,,,,,,,,,,,,,,,,,,,,,,,,,,,,,,,,,,,,,,,,,,,,,,,,,,,,,,,,,,,,,,,,,,,,,,,,,,,,,,,,,,,,,,,,,,,,,,,,,,,,,,,,,,,,,,,,,,,,,,,,,,,,,,,,,,,,,,,,,,,,,,,,,,,,,,,,,,,,,,,,,,,,,,,,,,,,,,,,,,,,,,,,,,,,,,,,,,,,,,,,,,,,,,,,,,,,,,,,,,,,,,,,,,,,,,,,,,,,,,,,,,,,,,,,,,,,,,,,,,,,,,,,,,,,,,,,,,,,,,,,,,,,,,,,,,,,,,,,,,,,,,,,,,,,,,,,,,,,,,,,,,,,,,,,,,,,,,,,,,,,,,,,,,,,,,,,,,,,,,,,,,,,,,,,,,,,,,,,,,,,,,,,,,,,,,,,,,,,,,,,,,,,,,,,,,,,,,,,,,,,,,,,,,,,,,,,,,,,,,,,,,,,,,,,,,,,,,,,,,,,,,,,,,
,,,,,,,,,,,,,,,,,,,,,,,,,,,,,,,,,,,,,,,,,,,,,,,,,,,,,,,,,,,,,,,,,,,,,,,,,,,,,,,,,,,,,,,,,,,,,,,,,,,,,,,,,,,,,,,,,,,,,,,,,,,,,,,,,,,,,,,,,,,,,,,,,,,,,,,,,,,,,,,,,,,,,,,,,,,,,,,,,,,,,,,,,,,,,,,,,,,,,,,,,,,,,,,,,,,,,,,,,,,,,,,,,,,,,,,,,,,,,,,,,,,,,,,,,,,,,,,,,,,,,,,,,,,,,,,,,,,,,,,,,,,,,,,,,,,,,,,,,,,,,,,,,,,,,,,,,,,,,,,,,,,,,,,,,,,,,,,,,,,,,,,,,,,,,,,,,,,,,,,,,,,,,,,,,,,,,,,,,,,,,,,,,,,,,,,,,,,,,,,,,,,,,,,,,,,,,,,,,,,,,,,,,,,,,,,,,,,,,,,,,,,,,,,,,,,,,,,,,,,,,,,,,,,,,,,,,,,,,,,,,,,,,,,,,,,,,,,,,,,,,,,,,,,,,,,,,,,,,,,,,,,,,,,,,,,,,,,,,,,,,,,,,,,,,,,,,,,,,,,,,,,,,,,,,,,,,,,,,,,,,,,,,,,,,,,,,,,,,,,,,,,,,,,,,,,,,,,,,,,
,,,,,,,,,,,,,,,,,,,,,,,,,,,,,,,,,,,,,,,,,,,,,,,,,,,,,,,,,,,,,,,,,,,,,,,,,,,,,,,,,,,,,,,,,,,,,,,,,,,,,,,,,,,,,,,,,,,,,,,,,,,,,,,,,,,,,,,,,,,,,,,,,,,,,,,,,,,,,,,,,,,,,,,,,,,,,,,,,,,,,,,,,,,,,,,,,,,,,,,,,,,,,,,,,,,,,,,,,,,,,,,,,,,,,,,,,,,,,,,,,,,,,,,,,,,,,,,,,,,,,,,,,,,,,,,,,,,,,,,,,,,,,,,,,,,,,,,,,,,,,,,,,,,,,,,,,,,,,,,,,,,,,,,,,,,,,,,,,,,,,,,,,,,,,,,,,,,,,,,,,,,,,,,,,,,,,,,,,,,,,,,,,,,,,,,,,,,,,,,,,,,,,,,,,,,,,,,,,,,,,,,,,,,,,,,,,,,,,,,,,,,,,,,,,,,,,,,,,,,,,,,,,,,,,,,,,,,,,,,,,,,,,,,,,,,,,,,,,,,,,,,,,,,,,,,,,,,,,,,,,,,,,,,,,,,,,,,,,,,,,,,,,,,,,,,,,,,,,,,,,,,,,,,,,,,,,,,,,,,,,,,,,,,,,,,,,,,,,,,,,,,,,,,,,,,,,,,,,,,
32x32,,,,,,,,,,,,,,,,,,,,,,,,,,,,,,,,,,,,,,,,,,,,,,,,,,,,,,,,,,,,,,,,,,,,,,,,,,,,,,,,,,,,,,,,,,,,,,,,,,,,,,,,,,,,,,,,,,,,,,,,,,,,,,,,,,,,,,,,,,,,,,,,,,,,,,,,,,,,,,,,,,,,,,,,,,,,,,,,,,,,,,,,,,,,,,,,,,,,,,,,,,,,,,,,,,,,,,,,,,,,,,,,,,,,,,,,,,,,,,,,,,,,,,,,,,,,,,,,,,,,,,,,,,,,,,,,,,,,,,,,,,,,,,,,,,,,,,,,,,,,,,,,,,,,,,,,,,,,,,,,,,,,,,,,,,,,,,,,,,,,,,,,,,,,,,,,,,,,,,,,,,,,,,,,,,,,,,,,,,,,,,,,,,,,,,,,,,,,,,,,,,,,,,,,,,,,,,,,,,,,,,,,,,,,,,,,,,,,,,,,,,,,,,,,,,,,,,,,,,,,,,,,,,,,,,,,,,,,,,,,,,,,,,,,,,,,,,,,,,,,,,,,,,,,,,,,,,,,,,,,,,,,,,,,,,,,,,,,,,,,,,,,,,,,,,,,,,,,,,,,,,,,,,,,,,,,,,,,,,,,,,,,,,,,,,,,,,,,,,,,,,,,,,,,,,,,,,,,,,,
35901.6,49922.7,82791.8,111502.5,113452.2,117582.4,122183.5,117187.2,146908.4,122934.5,125292.9,122756.6,147344.3,156040.7,130260.4,155912.1,141453.8,112009,120061.9,146322.8,139976.2,125838.1,137609.1,120804.7,118855.4,117524.7,143126.1,141243.7,105367.9,101386.3,183836.7,337904.8,114303,101751.9,196310.4,225393.4,149313.6,150638.6,144062.3,179577.7,361537.5,249268.1,177502.2,168432.2,185394.6,171401,159979.5,159891.9,151122.8,71075.7,96082.2,82470.4,79950.2,74740.4,71683.5,83180.5,75873.2,70935,59788.1,58633.1,48210.8,45589.3,44083.8,42163.8,163199.2,191545.6,137141.7,132637.5,127822.5,122892.2,105823.6,95439,93273.6,89451.5,89039.1,86981,84327.7,93005.1,85037.1,83045.6,80718,78539.5,75491.4,74758.1,74276.3,71470.7,69923.9,67435.7,66842.9,65580.5,63547.2,62503.7,61803.3,59717.1,58327.5,56916.3,55993.3,55582.3,54359.1,52826.1,51633,50647.3,49272.2,50858.4,48294.1,,,,,,,,,,,,,,,,,,,,,,,,,,,,,,,,,,,,,,,,,,,,,,,,,,,,,,,,,,,,,,,,,,,,,,,,,,,,,,,,,,,,,,,,,,,,,,,,,,,,,,,,,,,,,,,,,,,,,,,,,,,,,,,,,,,,,,,,,,,,,,,,,,,,,,,,,,,,,,,,,,,,,,,,,,,,,,,,,,,,,,,,,,,,,,,,,,,,,,,,,,,,,,,,,,,,,,,,,,,,,,,,,,,,,,,,,,,,,,,,,,,,,,,,,,,,,,,,,,,,,,,,,,,,,,,,,,,,,,,,,,,,,,,,,,,,,,,,,,,,,,,,,,,,,,,,,,,,,,,,,,,,,,,,,,,,,,,,,,,,,,,,,,,,,,,,,,,,,,,,,,,,,,,,,,,,,,,,,,,,,,,,,,,,,,,,,,,,,,,,,,,,,,,,,,,,,,,,,,,,,,,,,,,,,,,,,,,,,,,,,,,,,,,,,,,,,,,,,,,,,,,,,,,,,,,,,,,,,,,,,,,,,,,,,,,,,,,,,,,,,,,,,,,,,,,,,,,
14331.1845304024,19644.0717947623,31675.3786219588,45865.0051279719,46845.5875849346,46000.4699328653,47016.5321190324,45828.9607145719,58376.4753631308,46796.2175899102,48605.9268504252,47678.1059401949,57987.6221141681,59625.7339410687,50358.5287186899,59895.4035677567,53335.2441841019,45704.2682981214,49246.6472755027,60269.691068655,58165.3486933778,53689.681045492,58150.3042438778,52850.3259194197,68584.4939443312,54771.9330274792,64541.3720448623,66470.2960511101,47518.9643299272,44984.3275474915,85312.0632215763,167823.943096991,53813.6373380908,47838.6953381419,93647.98850447,104826.656900491,70871.7664693698,75025.5386654734,72302.6765157725,90806.2174793114,182028.633474242,122046.427091815,92471.2036591813,88795.7155883348,112988.149803616,92389.5500981217,87186.665224359,84743.7394822375,81385.71236034,40916.9581498104,50815.7039283461,43788.025727995,43319.2106186415,40698.8470139716,39754.9877828067,46498.3383126035,41909.3610487098,40277.281851353,33208.0160752725,31482.499348227,26996.0565507055,27511.3690359701,25960.9066559702,24661.853786319,96545.1825183997,111391.602786645,80625.1848839224,78676.1730996819,76955.4028732804,75355.4434409206,49197.6824187662,49301.1099424299,47498.3286096586,44401.5291259459,42836.1380027295,40922.7020151678,38532.0966037118,39779.549060206,36900.5540863247,37349.0246375696,35414.9368581488,33168.0497140446,30427.0045927773,30264.7882950541,30047.3979611103,25462.3949953652,24085.9983782649,23288.2128842993,22922.9229348654,22881.4823638388,21127.6768707673,20515.3723071262,20520.6278713234,18523.302060138,19053.0360908118,17433.1352828138,17063.2702678394,16875.8598203996,16443.0291170588,14740.6294336436,14222.5962936917,14258.0569663456,13083.9822412326,12350.4245199192,13214.8773101464,,,,,,,,,,,,,,,,,,,,,,,,,,,,,,,,,,,,,,,,,,,,,,,,,,,,,,,,,,,,,,,,,,,,,,,,,,,,,,,,,,,,,,,,,,,,,,,,,,,,,,,,,,,,,,,,,,,,,,,,,,,,,,,,,,,,,,,,,,,,,,,,,,,,,,,,,,,,,,,,,,,,,,,,,,,,,,,,,,,,,,,,,,,,,,,,,,,,,,,,,,,,,,,,,,,,,,,,,,,,,,,,,,,,,,,,,,,,,,,,,,,,,,,,,,,,,,,,,,,,,,,,,,,,,,,,,,,,,,,,,,,,,,,,,,,,,,,,,,,,,,,,,,,,,,,,,,,,,,,,,,,,,,,,,,,,,,,,,,,,,,,,,,,,,,,,,,,,,,,,,,,,,,,,,,,,,,,,,,,,,,,,,,,,,,,,,,,,,,,,,,,,,,,,,,,,,,,,,,,,,,,,,,,,,,,,,,,,,,,,,,,,,,,,,,,,,,,,,,,,,,,,,,,,,,,,,,,,,,,,,,,,,,,,,,,,,,,,,,,,,,,,,,,,,,,,,,,
,,,,,,,,,,,,,,,,,,,,,,,,,,,,,,,,,,,,,,,,,,,,,,,,,,,,,,,,,,,,,,,,,,,,,,,,,,,,,,,,,,,,,,,,,,,,,,,,,,,,,,,,,,,,,,,,,,,,,,,,,,,,,,,,,,,,,,,,,,,,,,,,,,,,,,,,,,,,,,,,,,,,,,,,,,,,,,,,,,,,,,,,,,,,,,,,,,,,,,,,,,,,,,,,,,,,,,,,,,,,,,,,,,,,,,,,,,,,,,,,,,,,,,,,,,,,,,,,,,,,,,,,,,,,,,,,,,,,,,,,,,,,,,,,,,,,,,,,,,,,,,,,,,,,,,,,,,,,,,,,,,,,,,,,,,,,,,,,,,,,,,,,,,,,,,,,,,,,,,,,,,,,,,,,,,,,,,,,,,,,,,,,,,,,,,,,,,,,,,,,,,,,,,,,,,,,,,,,,,,,,,,,,,,,,,,,,,,,,,,,,,,,,,,,,,,,,,,,,,,,,,,,,,,,,,,,,,,,,,,,,,,,,,,,,,,,,,,,,,,,,,,,,,,,,,,,,,,,,,,,,,,,,,,,,,,,,,,,,,,,,,,,,,,,,,,,,,,,,,,,,,,,,,,,,,,,,,,,,,,,,,,,,,,,,,,,,,,,,,,,,,,,,,,,,,,,,,,,,,,
4624938.9,2481202.6,2549213.7,2616723.4,2989459.4,2982178.4,2622159.5,2635596.1,3711076.8,4440147.5,2411600,1122672.2,763995.7,483147.1,139081.6,127972.5,216200.2,173663.8,43197.3,457447.7,67357.3,51755.5,141976,31578.7,20415.3,23267.1,99391,82274.1,21912.2,19432.3,152209.2,231178.7,41310.9,38429.7,95684.2,107671.4,62862.4,60229.4,60165.9,65919.6,215629.3,118775,63157.7,60979.6,58454.6,60618.5,58263.9,56750.8,60323.5,21701.5,47758.4,50842.7,40333.6,28781.6,28464.1,26113.2,25936.3,34855.2,28634.8,25291.3,42392.8,22865.4,22746.3,21876.2,87711.4,107902.4,76872.1,75341.5,116490.6,60040.5,59804.8,57658.5,58251,57428.6,55561.5,55872.6,55737.4,55928.3,55447.9,52787.5,52116.1,51207.7,50909,51621.1,50972.3,49787.2,49237.1,48842.6,48557.3,47705.3,47296.9,47597.2,47398.8,47076.2,45737.7,46576.4,47007.8,44381.7,44670.1,43972.7,44628.6,43070.8,43098.5,42224.8,41572.9,,,,,,,,,,,,,,,,,,,,,,,,,,,,,,,,,,,,,,,,,,,,,,,,,,,,,,,,,,,,,,,,,,,,,,,,,,,,,,,,,,,,,,,,,,,,,,,,,,,,,,,,,,,,,,,,,,,,,,,,,,,,,,,,,,,,,,,,,,,,,,,,,,,,,,,,,,,,,,,,,,,,,,,,,,,,,,,,,,,,,,,,,,,,,,,,,,,,,,,,,,,,,,,,,,,,,,,,,,,,,,,,,,,,,,,,,,,,,,,,,,,,,,,,,,,,,,,,,,,,,,,,,,,,,,,,,,,,,,,,,,,,,,,,,,,,,,,,,,,,,,,,,,,,,,,,,,,,,,,,,,,,,,,,,,,,,,,,,,,,,,,,,,,,,,,,,,,,,,,,,,,,,,,,,,,,,,,,,,,,,,,,,,,,,,,,,,,,,,,,,,,,,,,,,,,,,,,,,,,,,,,,,,,,,,,,,,,,,,,,,,,,,,,,,,,,,,,,,,,,,,,,,,,,,,,,,,,,,,,,,,,,,,,,,,,,,,,,,,,,,,,,,,,,,,,,,,,
5233661.78187218,3956885.17682988,4039974.46151551,4173359.17652699,4876875.97971008,4864366.3925983,4176593.74647848,4196646.62434527,6523488.3340906,7313093.0899555,3550639.97781358,2191033.13909802,425586.8051051,263611.904789113,72231.1906607296,104539.094028396,113956.032432396,101777.225150271,33360.3285157352,1221806.99679014,51400.2484690276,36092.546356554,148543.224920485,15017.95535018,6652.64941458163,8249.76645393337,66434.1534369852,23201.9038272964,5179.10879935492,8454.96578677617,70324.0973995875,73785.3543011379,13828.592845984,14124.0646105228,28119.9460794489,34132.0677962007,25401.0683904787,25709.8809893957,28542.7850718103,35564.3998034239,52015.3390518391,35833.087087526,41442.369682488,39117.8601755146,37706.9695007877,36041.8828039762,35659.9465084973,32443.7024493541,32843.1562032167,7227.88059069416,14979.7136614081,14827.3396059067,11357.9955704243,7846.98545373388,8096.19576577653,7362.08871026272,7438.62645699236,12020.0856883616,11616.6195771403,11970.1566224785,13884.3313190725,10019.8704826404,9746.0571406538,9608.50306065761,28500.3907583348,46802.2329671471,40822.3166103215,38819.5542056091,172534.153687643,13107.9935005748,12459.167823111,12150.4834494581,12109.6661757824,11708.135255264,10033.1294137638,10120.2093983606,9375.06044069406,9923.80162426566,9897.24115824427,8950.87694338133,8887.65236406355,7459.68387846742,7326.41748135548,7509.60456792944,7130.8249491595,6655.32950682718,6641.89297732373,6590.8483723013,6662.86570061595,5961.51489043589,5501.34285525917,5801.55009554439,5616.54844188137,5876.57346872591,4835.18240607322,6024.64559031391,8098.94382414563,4594.29982695949,4588.35115506891,4549.82451554148,4697.68179708531,4105.67043652232,3856.31745033753,4146.77220658832,4330.47429914502,,,,,,,,,,,,,,,,,,,,,,,,,,,,,,,,,,,,,,,,,,,,,,,,,,,,,,,,,,,,,,,,,,,,,,,,,,,,,,,,,,,,,,,,,,,,,,,,,,,,,,,,,,,,,,,,,,,,,,,,,,,,,,,,,,,,,,,,,,,,,,,,,,,,,,,,,,,,,,,,,,,,,,,,,,,,,,,,,,,,,,,,,,,,,,,,,,,,,,,,,,,,,,,,,,,,,,,,,,,,,,,,,,,,,,,,,,,,,,,,,,,,,,,,,,,,,,,,,,,,,,,,,,,,,,,,,,,,,,,,,,,,,,,,,,,,,,,,,,,,,,,,,,,,,,,,,,,,,,,,,,,,,,,,,,,,,,,,,,,,,,,,,,,,,,,,,,,,,,,,,,,,,,,,,,,,,,,,,,,,,,,,,,,,,,,,,,,,,,,,,,,,,,,,,,,,,,,,,,,,,,,,,,,,,,,,,,,,,,,,,,,,,,,,,,,,,,,,,,,,,,,,,,,,,,,,,,,,,,,,,,,,,,,,,,,,,,,,,,,,,,,,,,,,,,,,,,,
,,,,,,,,,,,,,,,,,,,,,,,,,,,,,,,,,,,,,,,,,,,,,,,,,,,,,,,,,,,,,,,,,,,,,,,,,,,,,,,,,,,,,,,,,,,,,,,,,,,,,,,,,,,,,,,,,,,,,,,,,,,,,,,,,,,,,,,,,,,,,,,,,,,,,,,,,,,,,,,,,,,,,,,,,,,,,,,,,,,,,,,,,,,,,,,,,,,,,,,,,,,,,,,,,,,,,,,,,,,,,,,,,,,,,,,,,,,,,,,,,,,,,,,,,,,,,,,,,,,,,,,,,,,,,,,,,,,,,,,,,,,,,,,,,,,,,,,,,,,,,,,,,,,,,,,,,,,,,,,,,,,,,,,,,,,,,,,,,,,,,,,,,,,,,,,,,,,,,,,,,,,,,,,,,,,,,,,,,,,,,,,,,,,,,,,,,,,,,,,,,,,,,,,,,,,,,,,,,,,,,,,,,,,,,,,,,,,,,,,,,,,,,,,,,,,,,,,,,,,,,,,,,,,,,,,,,,,,,,,,,,,,,,,,,,,,,,,,,,,,,,,,,,,,,,,,,,,,,,,,,,,,,,,,,,,,,,,,,,,,,,,,,,,,,,,,,,,,,,,,,,,,,,,,,,,,,,,,,,,,,,,,,,,,,,,,,,,,,,,,,,,,,,,,,,,,,,,,,,,
-4589037.3,-2431279.9,-2466421.9,-2505220.9,-2876007.2,-2864596,-2499976,-2518408.9,-3564168.4,-4317213,-2286307.1,-999915.6,-616651.4,-327106.4,-8821.20000000001,27939.6,-74746.4,-61654.8,76864.6,-311124.9,72618.9,74082.6,-4366.89999999999,89226,98440.1,94257.6,43735.1,58969.6,83455.7,81954,31627.5,106726.1,72992.1,63322.2,100626.2,117722,86451.2,90409.2,83896.4,113658.1,145908.2,130493.1,114344.5,107452.6,126940,110782.5,101715.6,103141.1,90799.3,49374.2,48323.8,31627.7,39616.6,45958.8,43219.4,57067.3,49936.9,36079.8,31153.3,33341.8,5818,22723.9,21337.5,20287.6,75487.8,83643.2,60269.6,57296,11331.9,62851.7,46018.8,37780.5,35022.6,32022.9,33477.6,31108.4,28590.3,37076.8,29589.2,30258.1,28601.9,27331.8,24582.4,23137,23304,21683.5,20686.8,18593.1,18285.6,17875.2,16250.3,14906.5,14404.5,12640.9,12589.8,10339.9,8985.5,11200.6,9689,8853.4,7004.4,7576.5,6173.7,8633.6,6721.2,,,,,,,,,,,,,,,,,,,,,,,,,,,,,,,,,,,,,,,,,,,,,,,,,,,,,,,,,,,,,,,,,,,,,,,,,,,,,,,,,,,,,,,,,,,,,,,,,,,,,,,,,,,,,,,,,,,,,,,,,,,,,,,,,,,,,,,,,,,,,,,,,,,,,,,,,,,,,,,,,,,,,,,,,,,,,,,,,,,,,,,,,,,,,,,,,,,,,,,,,,,,,,,,,,,,,,,,,,,,,,,,,,,,,,,,,,,,,,,,,,,,,,,,,,,,,,,,,,,,,,,,,,,,,,,,,,,,,,,,,,,,,,,,,,,,,,,,,,,,,,,,,,,,,,,,,,,,,,,,,,,,,,,,,,,,,,,,,,,,,,,,,,,,,,,,,,,,,,,,,,,,,,,,,,,,,,,,,,,,,,,,,,,,,,,,,,,,,,,,,,,,,,,,,,,,,,,,,,,,,,,,,,,,,,,,,,,,,,,,,,,,,,,,,,,,,,,,,,,,,,,,,,,,,,,,,,,,,,,,,,,,,,,,,,,,,,,,,,,,,,,,,,,,,,,,,,,
644624.481872174,1525605.27682988,1573552.56151551,1668138.27652699,2000868.77971008,1999770.3925983,1676617.74647848,1678237.72434527,2959319.9340906,2995880.0899555,1264332.87781358,1191117.53909802,-191064.5948949,-63494.4952108868,63409.9906607296,132478.694028396,39209.6324323962,40122.4251502707,110224.928515735,910682.096790141,124019.148469028,110175.146356554,144176.324920485,104243.95535018,105092.749414582,102507.366453933,110169.253436985,82171.5038272964,88634.8087993549,90408.9657867762,101951.597399587,180511.454301138,86820.692845984,77446.2646105228,128746.146079449,151854.067796201,111852.268390479,116119.080989396,112439.18507181,149222.499803424,197923.539051839,166326.187087526,155786.869682488,146570.460175515,164646.969500788,146824.382803976,137375.546508497,135584.802449354,123642.456203217,56602.0805906942,63303.5136614081,46455.0396059067,50974.5955704243,53805.7854537339,51315.5957657765,64429.3887102627,57375.5264569924,48099.8856883616,42769.9195771403,45311.9566224785,19702.3313190725,32743.7704826404,31083.5571406538,29896.1030606576,103988.190758335,130445.432967147,101091.916610322,96115.5542056091,183866.053687643,75959.6935005748,58477.967823111,49930.9834494581,47132.2661757824,43731.035255264,43510.7294137639,41228.6093983606,37965.3604406941,47000.6016242657,39486.4411582443,39208.9769433813,37489.5523640635,34791.4838784674,31908.8174813555,30646.6045679294,30434.8249491595,28338.8295068272,27328.6929773237,25183.9483723013,24948.4657006159,23836.7148904359,21751.6428552592,20708.0500955444,20021.0484418814,18517.4734687259,17424.9824060732,16364.5455903139,17084.4438241456,15794.8998269595,14277.3511550689,13403.2245155415,11702.0817970853,11682.1704365223,10030.0174503375,12780.3722065883,11051.674299145,,,,,,,,,,,,,,,,,,,,,,,,,,,,,,,,,,,,,,,,,,,,,,,,,,,,,,,,,,,,,,,,,,,,,,,,,,,,,,,,,,,,,,,,,,,,,,,,,,,,,,,,,,,,,,,,,,,,,,,,,,,,,,,,,,,,,,,,,,,,,,,,,,,,,,,,,,,,,,,,,,,,,,,,,,,,,,,,,,,,,,,,,,,,,,,,,,,,,,,,,,,,,,,,,,,,,,,,,,,,,,,,,,,,,,,,,,,,,,,,,,,,,,,,,,,,,,,,,,,,,,,,,,,,,,,,,,,,,,,,,,,,,,,,,,,,,,,,,,,,,,,,,,,,,,,,,,,,,,,,,,,,,,,,,,,,,,,,,,,,,,,,,,,,,,,,,,,,,,,,,,,,,,,,,,,,,,,,,,,,,,,,,,,,,,,,,,,,,,,,,,,,,,,,,,,,,,,,,,,,,,,,,,,,,,,,,,,,,,,,,,,,,,,,,,,,,,,,,,,,,,,,,,,,,,,,,,,,,,,,,,,,,,,,,,,,,,,,,,,,,,,,,,,,,,,,,,,
-9822699.08187218,-6388165.07682988,-6506396.36151552,-6678580.07652699,-7752883.17971008,-7728962.3925983,-6676569.74647848,-6715055.52434527,-10087656.7340906,-11630306.0899555,-5836947.07781358,-3190948.73909802,-1042238.2051051,-590718.304789113,-81052.3906607296,-76599.4940283958,-188702.432432396,-163432.025150271,43504.2714842648,-1532931.89679014,21218.6515309724,37990.053643446,-152910.124920485,74208.04464982,91787.4505854184,86007.8335460666,-22699.0534369852,35767.6961727036,78276.5912006451,73499.0342132238,-38696.5973995875,32940.7456988621,59163.507154016,49198.1353894772,72506.2539205511,83589.9322037993,61050.1316095213,64699.3190106043,55353.6149281897,78093.7001965761,93892.8609481609,94660.012912474,72902.130317512,68334.7398244854,89233.0304992123,74740.6171960238,66055.6534915027,70697.3975506459,57956.1437967833,42146.3194093058,33344.0863385918,16800.3603940933,28258.6044295757,38111.8145462661,35123.2042342235,49705.2112897373,42498.2735430076,24059.7143116384,19536.6804228597,21371.6433775215,-8066.33131907251,12704.0295173596,11591.4428593462,10679.0969393424,46987.4092416652,36840.9670328529,19447.2833896785,18476.4457943909,-161202.253687643,49743.7064994252,33559.632176889,25630.0165505419,22912.9338242176,20314.764744736,23444.4705862362,20988.1906016394,19215.2395593059,27152.9983757343,19691.9588417557,21307.2230566187,19714.2476359365,19872.1161215326,17255.9825186445,15627.3954320706,16173.1750508405,15028.1704931728,14044.9070226763,12002.2516276987,11622.734299384,11913.6851095641,10748.9571447408,9104.94990445561,8787.95155811864,6764.32653127409,7754.61759392678,4315.25440968609,886.556175854369,6606.30017304052,5100.64884493109,4303.57548445853,2306.71820291469,3470.82956347769,2317.38254966246,4486.82779341168,2390.72570085498,,,,,,,,,,,,,,,,,,,,,,,,,,,,,,,,,,,,,,,,,,,,,,,,,,,,,,,,,,,,,,,,,,,,,,,,,,,,,,,,,,,,,,,,,,,,,,,,,,,,,,,,,,,,,,,,,,,,,,,,,,,,,,,,,,,,,,,,,,,,,,,,,,,,,,,,,,,,,,,,,,,,,,,,,,,,,,,,,,,,,,,,,,,,,,,,,,,,,,,,,,,,,,,,,,,,,,,,,,,,,,,,,,,,,,,,,,,,,,,,,,,,,,,,,,,,,,,,,,,,,,,,,,,,,,,,,,,,,,,,,,,,,,,,,,,,,,,,,,,,,,,,,,,,,,,,,,,,,,,,,,,,,,,,,,,,,,,,,,,,,,,,,,,,,,,,,,,,,,,,,,,,,,,,,,,,,,,,,,,,,,,,,,,,,,,,,,,,,,,,,,,,,,,,,,,,,,,,,,,,,,,,,,,,,,,,,,,,,,,,,,,,,,,,,,,,,,,,,,,,,,,,,,,,,,,,,,,,,,,,,,,,,,,,,,,,,,,,,,,,,,,,,,,,,,,,,,,
,,,,,,,,,,,,,,,,,,,,,,,,,,,,,,,,,,,,,,,,,,,,,,,,,,,,,,,,,,,,,,,,,,,,,,,,,,,,,,,,,,,,,,,,,,,,,,,,,,,,,,,,,,,,,,,,,,,,,,,,,,,,,,,,,,,,,,,,,,,,,,,,,,,,,,,,,,,,,,,,,,,,,,,,,,,,,,,,,,,,,,,,,,,,,,,,,,,,,,,,,,,,,,,,,,,,,,,,,,,,,,,,,,,,,,,,,,,,,,,,,,,,,,,,,,,,,,,,,,,,,,,,,,,,,,,,,,,,,,,,,,,,,,,,,,,,,,,,,,,,,,,,,,,,,,,,,,,,,,,,,,,,,,,,,,,,,,,,,,,,,,,,,,,,,,,,,,,,,,,,,,,,,,,,,,,,,,,,,,,,,,,,,,,,,,,,,,,,,,,,,,,,,,,,,,,,,,,,,,,,,,,,,,,,,,,,,,,,,,,,,,,,,,,,,,,,,,,,,,,,,,,,,,,,,,,,,,,,,,,,,,,,,,,,,,,,,,,,,,,,,,,,,,,,,,,,,,,,,,,,,,,,,,,,,,,,,,,,,,,,,,,,,,,,,,,,,,,,,,,,,,,,,,,,,,,,,,,,,,,,,,,,,,,,,,,,,,,,,,,,,,,,,,,,,,,,,,,,,,,
-295378.375238095,,,,,,,,,,,,,,,,,,,,,,,,,,,,,,,,,,,,,,,,,,,,,,,,,,,,,,,,,,,,,,,,,,,,,,,,,,,,,,,,,,,,,,,,,,,,,,,,,,,,,,,,,,,,,,,,,,,,,,,,,,,,,,,,,,,,,,,,,,,,,,,,,,,,,,,,,,,,,,,,,,,,,,,,,,,,,,,,,,,,,,,,,,,,,,,,,,,,,,,,,,,,,,,,,,,,,,,,,,,,,,,,,,,,,,,,,,,,,,,,,,,,,,,,,,,,,,,,,,,,,,,,,,,,,,,,,,,,,,,,,,,,,,,,,,,,,,,,,,,,,,,,,,,,,,,,,,,,,,,,,,,,,,,,,,,,,,,,,,,,,,,,,,,,,,,,,,,,,,,,,,,,,,,,,,,,,,,,,,,,,,,,,,,,,,,,,,,,,,,,,,,,,,,,,,,,,,,,,,,,,,,,,,,,,,,,,,,,,,,,,,,,,,,,,,,,,,,,,,,,,,,,,,,,,,,,,,,,,,,,,,,,,,,,,,,,,,,,,,,,,,,,,,,,,,,,,,,,,,,,,,,,,,,,,,,,,,,,,,,,,,,,,,,,,,,,,,,,,,,,,,,,,,,,,,,,,,,,,,,,,,,,,,,,,,,,,,,,,,,,,,,,,,,,,,,,,,,,,,,
268889.417409985,,,,,,,,,,,,,,,,,,,,,,,,,,,,,,,,,,,,,,,,,,,,,,,,,,,,,,,,,,,,,,,,,,,,,,,,,,,,,,,,,,,,,,,,,,,,,,,,,,,,,,,,,,,,,,,,,,,,,,,,,,,,,,,,,,,,,,,,,,,,,,,,,,,,,,,,,,,,,,,,,,,,,,,,,,,,,,,,,,,,,,,,,,,,,,,,,,,,,,,,,,,,,,,,,,,,,,,,,,,,,,,,,,,,,,,,,,,,,,,,,,,,,,,,,,,,,,,,,,,,,,,,,,,,,,,,,,,,,,,,,,,,,,,,,,,,,,,,,,,,,,,,,,,,,,,,,,,,,,,,,,,,,,,,,,,,,,,,,,,,,,,,,,,,,,,,,,,,,,,,,,,,,,,,,,,,,,,,,,,,,,,,,,,,,,,,,,,,,,,,,,,,,,,,,,,,,,,,,,,,,,,,,,,,,,,,,,,,,,,,,,,,,,,,,,,,,,,,,,,,,,,,,,,,,,,,,,,,,,,,,,,,,,,,,,,,,,,,,,,,,,,,,,,,,,,,,,,,,,,,,,,,,,,,,,,,,,,,,,,,,,,,,,,,,,,,,,,,,,,,,,,,,,,,,,,,,,,,,,,,,,,,,,,,,,,,,,,,,,,,,,,,,,,,,,,,,,,,,,,
-859646.167886177,,,,,,,,,,,,,,,,,,,,,,,,,,,,,,,,,,,,,,,,,,,,,,,,,,,,,,,,,,,,,,,,,,,,,,,,,,,,,,,,,,,,,,,,,,,,,,,,,,,,,,,,,,,,,,,,,,,,,,,,,,,,,,,,,,,,,,,,,,,,,,,,,,,,,,,,,,,,,,,,,,,,,,,,,,,,,,,,,,,,,,,,,,,,,,,,,,,,,,,,,,,,,,,,,,,,,,,,,,,,,,,,,,,,,,,,,,,,,,,,,,,,,,,,,,,,,,,,,,,,,,,,,,,,,,,,,,,,,,,,,,,,,,,,,,,,,,,,,,,,,,,,,,,,,,,,,,,,,,,,,,,,,,,,,,,,,,,,,,,,,,,,,,,,,,,,,,,,,,,,,,,,,,,,,,,,,,,,,,,,,,,,,,,,,,,,,,,,,,,,,,,,,,,,,,,,,,,,,,,,,,,,,,,,,,,,,,,,,,,,,,,,,,,,,,,,,,,,,,,,,,,,,,,,,,,,,,,,,,,,,,,,,,,,,,,,,,,,,,,,,,,,,,,,,,,,,,,,,,,,,,,,,,,,,,,,,,,,,,,,,,,,,,,,,,,,,,,,,,,,,,,,,,,,,,,,,,,,,,,,,,,,,,,,,,,,,,,,,,,,,,,,,,,,,,,,,,,,,,,
,,,,,,,,,,,,,,,,,,,,,,,,,,,,,,,,,,,,,,,,,,,,,,,,,,,,,,,,,,,,,,,,,,,,,,,,,,,,,,,,,,,,,,,,,,,,,,,,,,,,,,,,,,,,,,,,,,,,,,,,,,,,,,,,,,,,,,,,,,,,,,,,,,,,,,,,,,,,,,,,,,,,,,,,,,,,,,,,,,,,,,,,,,,,,,,,,,,,,,,,,,,,,,,,,,,,,,,,,,,,,,,,,,,,,,,,,,,,,,,,,,,,,,,,,,,,,,,,,,,,,,,,,,,,,,,,,,,,,,,,,,,,,,,,,,,,,,,,,,,,,,,,,,,,,,,,,,,,,,,,,,,,,,,,,,,,,,,,,,,,,,,,,,,,,,,,,,,,,,,,,,,,,,,,,,,,,,,,,,,,,,,,,,,,,,,,,,,,,,,,,,,,,,,,,,,,,,,,,,,,,,,,,,,,,,,,,,,,,,,,,,,,,,,,,,,,,,,,,,,,,,,,,,,,,,,,,,,,,,,,,,,,,,,,,,,,,,,,,,,,,,,,,,,,,,,,,,,,,,,,,,,,,,,,,,,,,,,,,,,,,,,,,,,,,,,,,,,,,,,,,,,,,,,,,,,,,,,,,,,,,,,,,,,,,,,,,,,,,,,,,,,,,,,,,,,,,,,,,,,
64x64,,,,,,,,,,,,,,,,,,,,,,,,,,,,,,,,,,,,,,,,,,,,,,,,,,,,,,,,,,,,,,,,,,,,,,,,,,,,,,,,,,,,,,,,,,,,,,,,,,,,,,,,,,,,,,,,,,,,,,,,,,,,,,,,,,,,,,,,,,,,,,,,,,,,,,,,,,,,,,,,,,,,,,,,,,,,,,,,,,,,,,,,,,,,,,,,,,,,,,,,,,,,,,,,,,,,,,,,,,,,,,,,,,,,,,,,,,,,,,,,,,,,,,,,,,,,,,,,,,,,,,,,,,,,,,,,,,,,,,,,,,,,,,,,,,,,,,,,,,,,,,,,,,,,,,,,,,,,,,,,,,,,,,,,,,,,,,,,,,,,,,,,,,,,,,,,,,,,,,,,,,,,,,,,,,,,,,,,,,,,,,,,,,,,,,,,,,,,,,,,,,,,,,,,,,,,,,,,,,,,,,,,,,,,,,,,,,,,,,,,,,,,,,,,,,,,,,,,,,,,,,,,,,,,,,,,,,,,,,,,,,,,,,,,,,,,,,,,,,,,,,,,,,,,,,,,,,,,,,,,,,,,,,,,,,,,,,,,,,,,,,,,,,,,,,,,,,,,,,,,,,,,,,,,,,,,,,,,,,,,,,,,,,,,,,,,,,,,,,,,,,,,,,,,,,,,,,,,,,,
151171,136804.111111111,178367,240679.222222222,275125.222222222,257232.333333333,221367.777777778,203140.333333333,249699.777777778,221504.111111111,311724.777777778,283855.777777778,274346.333333333,279859.222222222,279240.666666667,219829.444444444,207359.444444444,199265,182255.555555556,191280.888888889,177069.111111111,199004.888888889,210966.111111111,183221.222222222,185078,236648.333333333,214780.444444444,177579,208834.444444444,244876.111111111,376602.555555556,306740.555555556,176640.555555556,239350.111111111,233870.222222222,199467,187216.333333333,177556.111111111,253449.333333333,275396.555555556,204196.444444444,221326.777777778,255219.111111111,207965.777777778,204602.222222222,262929.888888889,251064.444444444,192586.555555556,174118.888888889,157013.888888889,229278.777777778,297910.555555556,222837.444444444,210576.111111111,325136.222222222,315970,307012.444444444,328673.666666667,269216.444444444,269814.444444444,261522.777777778,251901.111111111,241259.888888889,237150.333333333,249347.333333333,289378.888888889,283665,215744,354991.888888889,333602.333333333,269543.555555556,280297.333333333,266607,256240.555555556,240790.222222222,465108.666666667,327116.888888889,421250,430163.222222222,349584.555555556,332713.444444444,318648,317555.777777778,314152.888888889,303598.666666667,313596.555555556,528610.333333333,581644.222222222,436625.222222222,417967.444444444,412230.444444444,487696.555555556,404678.888888889,392970.111111111,344454.666666667,401533.777777778,427435.333333333,365782.111111111,372317.111111111,354547.222222222,359801.444444444,356276.888888889,353801.555555556,353412.888888889,351218.888888889,341059.333333333,332513.777777778,328554.888888889,326772.555555556,335372.111111111,328363.444444444,323754.111111111,365200.888888889,363575.333333333,347089.888888889,345551.555555556,344731.777777778,344990.111111111,340301.111111111,336593.222222222,335117.444444444,337517.222222222,329555.888888889,328320.666666667,325083.888888889,325633.111111111,330624.333333333,332650,333539.444444444,323792.555555556,324959.777777778,321186.555555556,319583.888888889,321377.333333333,318513.333333333,330863.555555556,315171.777777778,311212.555555556,315533.888888889,312094,313206.333333333,311744.555555556,307848.111111111,313259.333333333,313837,334983.333333333,333306.777777778,319512.111111111,315806.888888889,313031.444444444,315078,306994.222222222,306434.777777778,308067.666666667,306274.666666667,312519.111111111,306202.666666667,296851.444444444,295544.777777778,298700.666666667,295132.111111111,295136.555555556,298739.777777778,298815.666666667,286030.777777778,287606.111111111,293202,287127.666666667,280108.222222222,282667.555555556,279615.222222222,278004.888888889,285899.777777778,275492.888888889,272531.444444444,264410.333333333,243495.555555556,213151.777777778,202375.444444444,206706.333333333,200673.777777778,197101,197337,192462.666666667,197264.111111111,193639.666666667,257220.555555556,251180.555555556,234868.777777778,240380.666666667,248283.333333333,233224.444444444,389981.222222222,427930.111111111,404358,391596.888888889,383280.666666667,369272.555555556,363592,360003,352487,348503.888888889,355115,341718.222222222,336008.888888889,334161.444444444,433889.555555556,465428.777777778,385028.666666667,377428.666666667,378845.777777778,366334,362997.777777778,365418.222222222,359285.333333333,383543.777777778,364160.111111111,377529,377927.666666667,369380.222222222,372899.333333333,367419.222222222,368566.777777778,368980,354961.888888889,356801.777777778,353943.666666667,349802.888888889,348950.444444444,343302.555555556,342425.666666667,344332.666666667,342356.666666667,339523.222222222,346095.888888889,340391.777777778,333805.444444444,331359,333541.777777778,336661.555555556,336696.333333333,329185.888888889,327890.333333333,330881,976446.333333333,681036.111111111,468475.777777778,456479,442811.555555556,440399,440327.666666667,436180.888888889,426928.888888889,426116,425675.222222222,426345.444444444,420069.111111111,417537.888888889,412505.555555556,409828,409290.111111111,410232.111111111,406611,406166.555555556,402870.666666667,398983.555555556,399650,395707.888888889,402918.333333333,392912.666666667,400402.222222222,392742.444444444,392846.666666667,389171.111111111,386174.444444444,389993.666666667,388077.888888889,383863.111111111,386852.777777778,386083.222222222,385386.888888889,384292.111111111,382894,376695.333333333,377876.555555556,376320.333333333,372705.555555556,372093.666666667,369962.333333333,371310.444444444,367827.666666667,363582.333333333,363390.777777778,365643.888888889,360749.444444444,359066.777777778,356341.111111111,355877,357941.555555556,359347.111111111,354177.222222222,352465.888888889,352772.222222222,351137.666666667,346912.222222222,351950.444444444,346539.444444444,345157,341412.111111111,340613.888888889,344595.333333333,337324.111111111,337718.333333333,337102.333333333,333328.111111111,333460,332523.555555556,328630.888888889,333099.666666667,328766.888888889,330675,325306,325201.777777778,325576.111111111,319599.333333333,329383.888888889,323594.333333333,320636.888888889,378234.444444444,363529.777777778,360065.222222222,352253.333333333,357700,347073.666666667,346667.444444444,343854.111111111,345286.111111111,343250.222222222,338582.777777778,342158.222222222,338373.111111111,343741.222222222,335288.111111111,335348.777777778,333120.111111111,332347.666666667,331585.555555556,331902.555555556,327874.888888889,327080.333333333,336527.888888889,329537.777777778,325370.777777778,323132.111111111,318193.666666667,317022.666666667,318743.777777778,315708.333333333,315055.777777778,320018,314501.555555556,317182,314341.111111111,310486,311218.111111111,309880.555555556,304086.222222222,307463.111111111,303067.555555556,306002.888888889,302328.222222222,298335.555555556,299953.666666667,298953,300094.111111111,297035.666666667,295036.666666667,293161,291704.555555556,296464.222222222,,,,,,,,,,,,,,,,,,,,,,,,,,,,,,,,,,,,,,,,,,,,,,,,,,,,,,,,,,,,,,,,,,,,,,,,,,,,,,,,,,,,,,,,,,,,,,,,,,,,,,,,,,,,,,,,,,,,,,,,,,,,,,,,,,,,,,,,,,,,,,,,,,,,,,,,,,,,,,,,,,,,,,,,,,,,,,,,,,,,,,,,,,,,,,,,,,,,,,,,,,,,,,,,,,,,,,,,,,,,,,,,,,,,,,,,,,,,,,,,
115950.845705195,119166.468872796,128326.003900223,170711.113929921,188380.225701092,145254.688469082,117780.183330832,96338.9324079315,107910.633327742,88248.9770740212,233044.262856747,214091.119631209,215869.64056694,234801.824005787,230824.599311902,46628.6904574617,31539.411789502,29951.8097616822,20664.0609822411,18885.3799170446,13881.5403994337,17028.1506735497,15359.3536765422,8053.25362474351,7257.29679357266,9122.56496277226,10212.921938788,5433.12821954351,4584.01947288379,7865.53714701743,16412.5245019704,14580.0937935179,8402.56859702899,22265.4806900976,14201.5964752011,11061.0415196762,16208.4448976452,16077.2505146593,16716.057639288,13241.2842854376,8251.62035771022,10655.0651192024,19638.216196007,7484.19549413592,11528.8442479914,20883.3988878992,7899.28973248721,20871.6672016822,11893.1081245027,5573.71573648236,6352.56914125651,12597.7278021784,11056.6528401582,14636.6173469525,14390.5500744219,24825.2668515366,16155.4057292839,16054.0069141632,18041.2749210741,21250.9768134968,12960.6020672052,17951.9732651069,9933.97271292362,14279.3449954821,10251.27116508,18285.5440201026,17228.2128643687,15278.1485462081,25480.1678832992,33327.9847500565,15656.7084033579,26623.8259036901,12366.1594583767,10060.2129712933,9783.91810290971,25108.1421256134,19821.3903740659,22650.2961735603,25615.2473527867,19831.1986218125,21431.1133699996,12756.2449608025,12386.8900231028,13564.556797445,10164.4601676626,21634.7353179506,21952.6404391362,35491.8707374582,20301.9390377975,17204.0119892942,15255.7291378609,37128.333749682,30661.500234188,29482.0313091061,26521.1329132072,17771.5587862867,20246.7102883407,11927.9797162433,14659.6975279544,8620.48973054573,14050.941392938,14808.2266784754,7587.66311375102,11563.9545403426,9912.80954679909,13508.6544481677,4562.45319915114,8895.62728879257,7947.08932740647,17482.1417698493,7620.75093266915,4437.23910344159,8839.34042285459,20264.4033775979,8729.15835640018,11125.0968547594,12260.8650875232,16776.6678414133,8983.38142689662,6311.3956217658,8712.07000533041,11906.2006406093,4384.36544566156,4359.24302488402,5350.63782283114,9271.19492628168,11531.4244566749,14661.4337890262,3993.93728390642,5670.72755718151,9308.74342725399,3975.52251632132,4199.002841284,10467.7965565825,14257.8927615549,25825.0370624667,4948.20585611032,4006.63412701706,4937.75711848113,6187.97767853117,9025.29935791606,13108.1750552004,11270.8519137247,16591.0385976888,18872.7112585871,10053.0780236702,14119.8031128074,8942.74471910672,9262.98746955382,7718.09641542381,15904.407973892,9196.61313715242,12868.2274010232,13697.8478419057,14736.907748914,23491.9080559905,12210.8297220132,6876.34863337933,6679.8127926196,9569.89989498323,8901.05841240867,13091.735208817,31701.986277589,24728.4827931274,6691.45749776866,12002.0324783393,11878.7153766727,10096.0597635909,5518.87395167207,9387.03538279141,4932.49327870241,9870.10740119433,23009.356416346,9662.16517459265,7965.31945547558,24607.6593259091,23404.8473938152,14776.5719957115,7534.58535871602,11869.9480516976,9339.22584824055,6813.60690090058,14044.1520747961,4548.42027521644,10481.0295229577,10303.9156998687,22452.622074666,17047.4626199261,9606.06300439699,7838.24037970258,10931.6224321918,8988.5398579401,23846.5922186891,23973.7026992309,15063.2437243776,19289.4972811919,11099.5394499051,13366.5278130776,11272.5957081765,14709.7794510999,10595.9294306823,15761.6558810016,32202.1839321497,10391.3632500478,7486.37407969379,8242.6733695918,22289.1452623868,15553.9031016155,21036.5440662196,8910.87512537349,19488.921672182,6149.77221122864,8776.54778055953,10662.1903211509,7833.65116021897,18820.120734056,7825.0373552534,17840.1879894804,17081.9960265187,11786.469889006,19139.8358731207,13989.521308624,21448.7004721602,19841.211454949,13092.8593176247,20495.4197064721,12825.1668312736,4484.25270932751,9576.21287502412,4826.49598857989,4144.10424579305,7414.2683050993,6527.42931788618,7143.55824813128,16784.0745458637,20534.9104866431,4733.7925628166,4024.01338839721,6801.16063216011,11805.8148819884,13773.1277130505,7337.77715736252,9604.0507859965,9510.50721570622,56699.8254472622,37380.4982659556,25106.2283745377,17975.7832374559,10041.4103106973,17473.4462256305,12469.5635649368,12849.3718664031,13204.9222209414,10752.2812695725,12119.3737954749,9396.97972902878,7562.89138564816,11491.4968068181,6715.30116806222,10231.4956629029,6647.95856719272,8322.3386503501,8079.75652479702,10082.3512276541,13341.6573932926,5065.86972076639,10154.9408048496,5534.79844810189,10729.7746947455,5691.86819067343,10540.2318970905,7779.84500345462,9786.6278794077,9184.47157495254,7010.31960953121,8788.87188437743,11350.0715465195,7697.27871465696,13880.0065361816,6803.48713487756,10008.9748781337,13690.1792578151,16155.6004530937,8675.53230355348,11463.1757282953,11092.154276785,7513.71630937566,6848.39052259726,7755.79789576804,11632.7290124793,7570.12062321334,7219.68778757087,5905.69851452345,13127.2619902671,7766.38246082291,7801.87826388264,7049.69517859539,6542.84240601896,11033.8349533504,8359.41055703757,5666.18466822645,5608.75492967121,8214.90373920744,10064.7046528947,9027.39564849378,14670.5629758294,8579.24963372542,10395.5263214519,7814.17425970979,4441.01217191657,11836.7128988584,6329.95589329903,5102.44987726484,8296.23498943949,5511.35097876293,4152.48019260779,7011.44762354949,4803.31131732174,10113.9319381732,6204.23860043367,12655.8567371,7121.34516787383,9713.86700518617,8118.59546726594,5724.64376620939,8279.88658503914,5247.73577364562,9341.49053208914,11950.3809469731,13469.0588366242,16723.6166302162,9063.77944071898,15857.036080239,10655.3433426615,9203.46072288994,7220.49552393124,6342.83977104192,4293.409594302,5559.32850661341,12527.1356041373,10966.130783513,9284.40167401456,9512.98478980762,10887.9438689977,4367.56206150652,11744.5351334142,11016.3353379324,8811.44890343114,6505.4762785757,11423.5790363616,14260.3689857981,8446.69187874427,7480.42470013865,10294.9710714072,4082.25559586854,4353.41188035316,12079.6512033438,5163.94304286947,6909.6188711422,10160.155781286,7338.0080081571,14932.9898211979,9984.39169960349,4065.57723453878,8905.88174248407,10790.1650718503,4621.64585883043,6145.94712888999,7280.9946454985,11680.4284643634,6491.84576560815,4400.52176199343,4493.03424758815,4127.04322124206,5221.73300840929,6017.11654366109,4682.75957636093,6587.1909225405,6222.38826960981,12478.707883609,,,,,,,,,,,,,,,,,,,,,,,,,,,,,,,,,,,,,,,,,,,,,,,,,,,,,,,,,,,,,,,,,,,,,,,,,,,,,,,,,,,,,,,,,,,,,,,,,,,,,,,,,,,,,,,,,,,,,,,,,,,,,,,,,,,,,,,,,,,,,,,,,,,,,,,,,,,,,,,,,,,,,,,,,,,,,,,,,,,,,,,,,,,,,,,,,,,,,,,,,,,,,,,,,,,,,,,,,,,,,,,,,,,,,,,,,,,,,,,,
,,,,,,,,,,,,,,,,,,,,,,,,,,,,,,,,,,,,,,,,,,,,,,,,,,,,,,,,,,,,,,,,,,,,,,,,,,,,,,,,,,,,,,,,,,,,,,,,,,,,,,,,,,,,,,,,,,,,,,,,,,,,,,,,,,,,,,,,,,,,,,,,,,,,,,,,,,,,,,,,,,,,,,,,,,,,,,,,,,,,,,,,,,,,,,,,,,,,,,,,,,,,,,,,,,,,,,,,,,,,,,,,,,,,,,,,,,,,,,,,,,,,,,,,,,,,,,,,,,,,,,,,,,,,,,,,,,,,,,,,,,,,,,,,,,,,,,,,,,,,,,,,,,,,,,,,,,,,,,,,,,,,,,,,,,,,,,,,,,,,,,,,,,,,,,,,,,,,,,,,,,,,,,,,,,,,,,,,,,,,,,,,,,,,,,,,,,,,,,,,,,,,,,,,,,,,,,,,,,,,,,,,,,,,,,,,,,,,,,,,,,,,,,,,,,,,,,,,,,,,,,,,,,,,,,,,,,,,,,,,,,,,,,,,,,,,,,,,,,,,,,,,,,,,,,,,,,,,,,,,,,,,,,,,,,,,,,,,,,,,,,,,,,,,,,,,,,,,,,,,,,,,,,,,,,,,,,,,,,,,,,,,,,,,,,,,,,,,,,,,,,,,,,,,,,,,,,,,,,,
3975411.4,4122078.7,3642736.7,3126017.7,3622480.9,4298712.7,3512181.4,2347220.5,1808998.1,2050426.7,3790268.2,6007484.5,4845410.3,5221566,6460314.2,7506853.8,5166949,5772940,4951802.6,4282040.4,5144458.7,5424643.4,3939224.8,1092057.6,144101,310097.4,261085.4,85912.8,99170.6,287239.5,365684.5,237652.3,68192.3,131868.7,196733.6,488526.2,90619.1,361425.6,264624.6,257897.2,80098.8,88788.1,174662.2,102269.1,109611.9,249101,288949.6,126193.4,110254.9,93379,290682,319381.1,188165.4,133465.7,251838.7,168902,199132.3,267640.6,183798.3,162302.4,137558.6,136730.9,118443.2,113993.5,149961.5,159365,150202.2,164932.4,493370.4,158257.9,143173.7,142712.4,144446.2,173655.3,128084.8,542648.3,289388.4,293614.7,331231.9,243375.5,243702.5,241295.5,239211,235733.4,237248.9,235455.7,604805.9,605007,385700.3,382987.4,392896.8,513992.9,381007,315775.2,299889.9,309294.3,351989.9,303564.4,299120.5,289841.9,294847.6,294578.8,296737.4,289357.7,280382,264185,263567,256521.6,271968.1,272764.5,275863,271919.5,269013.3,266842.9,260487.3,258101.2,258550.2,254315.1,256172,257414.4,254100.4,254779.1,255379.5,248197.6,247326.2,255570.9,247836.7,251895.7,251638.5,249181.4,242595.6,234529.1,232997.2,229372.3,227675.5,226979.5,229472,228346.5,225149.3,225431.7,228169.6,223336.7,221496.5,226569.3,230078.5,218883.5,224435.3,221108,219346.9,215754.2,214156.8,214061.8,214740.9,212211.1,212490.9,209940.1,210128.1,211282.9,210272,207757.3,206225,208030.4,208065.2,205007.9,205273.9,202958.8,203012.8,200908.1,199508.4,199393.3,203042,197171,197869.6,198377.7,194921.8,197596.2,142975.5,127878.9,119416.9,119628.3,115903.7,114560.2,113602.5,112878.6,113945.1,111102.5,124867.8,125988.4,126335.7,172313.3,248192.7,114818.6,481735.2,502173,377222.7,371726.2,368113.8,355237,343558.1,351795,335181.2,319495.9,319415.3,314926.5,308090.2,311227.6,470444,478462.1,367399.6,368566.1,361673.1,359262.8,350108.6,342657.9,353206.4,345520.7,344321.7,343775.9,340452.7,339261.5,335166.6,333523.1,336464.2,334237,332462,328437.1,329760.9,325815.9,327471.8,323508.9,323956.9,324100.1,325161.4,319553.2,313827.5,313604.1,314561,311647.3,314309.2,310659.3,309548.3,308741.3,311943.8,304686.3,1062446.8,714777.7,436535.2,411552.1,403062.6,399983.9,389782.6,395531.5,381903.8,379772.8,379801.9,377891.1,378698.4,378964.2,375873.2,369892.1,371202.5,373810.5,369570.5,365831.5,367394.4,369179.4,363784.5,360482.7,360977.7,360133.5,357130,361040.8,354457.7,351571.3,356166.8,352207.6,358376.3,346271.3,346134.4,344830.4,343576.1,341724.3,348404.2,340103.7,343270.4,339073,338534,336600.3,337549.6,338932.4,336691.7,333608.7,332813.3,330688.6,328391.4,326910.4,327364.2,330456.8,325686.5,326506.8,323746.6,322558,321570,321545.7,317755.6,324014.3,323234.3,319454.6,315014.1,316044.5,313015.9,313174.4,309615.2,307956.1,307939.6,310741.3,307068,304640.8,306880.7,305419.9,303341.4,300901.7,301815.5,300336.4,304913.2,303374.6,300811.6,300265.4,295879.8,296303.4,292659.7,295098.5,294827.9,292198.6,290729,289342.7,291021.1,288418.4,287529.8,285197.9,286940.4,288324.9,280809.8,281250.3,283207,282283.5,279815.1,276514.1,273067.9,279175.9,271988.6,277472.9,269483.5,270372,268108.2,268178.8,269776.1,268771.2,269591.1,265571.1,262893.1,266317.8,259173.1,261098.6,261877.4,260002.5,259212,261520.5,255593.5,252080.8,251070.2,252998.5,249376.2,249035.9,251856.9,249943.5,250138,249425.2,247833.2,246138.4,,,,,,,,,,,,,,,,,,,,,,,,,,,,,,,,,,,,,,,,,,,,,,,,,,,,,,,,,,,,,,,,,,,,,,,,,,,,,,,,,,,,,,,,,,,,,,,,,,,,,,,,,,,,,,,,,,,,,,,,,,,,,,,,,,,,,,,,,,,,,,,,,,,,,,,,,,,,,,,,,,,,,,,,,,,,,,,,,,,,,,,,,,,,,,,,,,,,,,,,,,,,,,,,,,,,,,,,,,,,,,,,,,,,,,,,,,,,,,,,
4307773.02038988,6790825.61588277,6385628.11323947,4945619.86703467,6213741.25485688,7124960.60191723,7073901.48521272,5039919.82790373,3670022.16452449,3604401.61426884,4393054.19368239,8222793.30582402,6293789.54771679,6800717.93245782,8548730.19031883,6383018.44869095,6030309.77271899,6624149.60059626,6757902.28978224,7299077.11155996,7928712.12438837,7610760.31634969,6408483.3673068,2998724.10351637,22641.0816339581,109761.726342109,308519.555645343,24293.4369500169,17074.5314768973,187125.163577899,38018.3208883121,37816.6318350067,10554.1263657607,28253.1751295319,87175.6367101625,1200412.00669046,30589.9605333733,688698.017443253,450750.427161491,52758.125968739,30249.9059568786,14498.9136792305,52619.5084478075,32345.6042297696,30535.6158879358,46039.3475844304,49129.4457240824,21253.2996716588,33653.2632772977,17911.2163679014,78089.0673810646,89793.6215607149,62215.0982018566,26396.9377098094,62755.8784622339,14050.7220929507,46414.465733696,68339.5306802732,49305.4287118118,40680.912396083,36602.6256289536,39289.7477451533,34943.1238055342,36317.2891953681,27786.232595178,40614.9006920148,40301.4837024919,38407.2305264401,124702.296160095,26360.2361288109,26662.8501479326,24232.7057149355,26934.7610215663,44523.5909953614,36307.4215149832,148056.776322126,95840.4314788098,89241.254590576,83005.4507238999,94633.1780781279,96732.323259429,98114.2901068273,97596.0190684026,94184.1812245206,98106.1536618484,95697.7220767442,186689.809963211,183504.823858484,130268.291559339,133642.181440841,130465.886079934,134075.394958251,112102.66224116,62452.032534845,14669.0845086605,49835.1326142289,78251.6170190751,31039.115638175,30557.9729157911,34633.1069304438,29131.6090992432,31712.7001891811,34252.9041273226,15185.328050823,3636.82972442269,7934.44163126808,2222.45774862976,4147.94691383581,40071.3104670217,41139.2874681719,40820.7631835674,40962.6617658624,33906.6419879645,32758.5387594678,32803.5314564013,32369.3974501981,33873.9844941677,36122.5790529045,34798.4517471683,35685.4534328921,35400.4839835089,32929.5423541773,33264.2957981143,33904.9788713497,36374.6180668761,36804.0596325097,37883.8319604962,37028.1722597808,35424.7853855335,34452.1028811498,35122.0471790077,12980.9345790064,4397.69883764983,4953.61753446688,3120.92551265735,2496.55808620144,6368.44509192698,8217.00182210303,1680.17512645425,3855.80488931227,11685.372291887,2572.8980655198,2263.04584575744,14665.6455936238,30605.0346157839,2602.6179661598,5518.93927107173,4094.7267172412,8476.58048783038,2651.52098070355,3056.75040961258,1580.36260255536,7382.45080429106,2202.89533972401,2746.38188046261,1819.26953900612,2140.62371232727,3452.65972999239,8038.5134059587,2034.27098872189,1867.54033126165,8027.87456581407,9540.15969817417,3613.5466557571,5352.10925087795,2490.36489071158,2156.23121827569,2525.29617404903,1361.750360545,3040.08486906387,5407.64956129535,1619.32441331425,3209.29092895404,7197.3680073575,2911.41835613579,23682.1060709464,20565.6851535108,19519.5151320131,18645.9890202811,17825.480277463,17940.9283610285,17351.2622902965,17066.6783414674,16737.9391748872,16812.9810130281,16526.804229964,2521.3071036887,7447.86070999959,3879.99003578331,8885.16909174434,20762.8281955464,4362.61239778797,37054.3790238677,27948.7783632845,23128.5361983368,25100.8617196037,26652.1958394926,25051.6783425338,27170.0563793224,25899.9782625391,22220.4295578041,15029.8316723774,18195.4886536318,16240.7671702348,22280.8977118168,17026.819453765,23632.4151584687,19817.171193185,21873.7259042289,22403.4581579124,26917.6130502358,27260.9248836336,24797.0042957702,20661.5387694678,38609.6733135335,18887.5860351008,15538.1187124511,17694.7197299709,18945.8325822154,19717.6753320466,18244.6932631565,17667.7194242934,18610.6357632164,17343.6876829711,20160.7472579763,13762.7816830594,17192.316510258,19972.8785631916,19102.6407470567,17180.3557876107,18451.9004287725,15594.5115662174,15032.0486827312,16219.744249251,17017.8692767991,16186.8361224655,18438.8043900176,15574.7203795124,20833.6074051306,17090.2757734073,20310.3158466059,17539.4969524341,16824.4199688693,18481.4220956554,51173.8632350539,28329.6991279078,14498.4379449803,17953.1333102485,14347.6393118249,13884.4400395231,14295.8992193177,11084.564224883,7513.95066674131,11067.6983334386,11179.4731783052,8987.28766956725,9961.96369754032,13590.1068657396,12620.8203360778,10012.5411409891,8169.22703061788,8269.92712919662,9251.45272976688,5906.32390371164,10207.1883080286,12236.0990352318,9893.01141940332,11620.2057167677,14389.1845730666,15001.9046290796,9312.70990516605,13895.1819211633,9677.64064509297,4648.86609950331,10078.2236067011,10985.1077292042,18136.4939711805,4107.16974867663,5461.17549820753,4974.58583870725,4950.37128686099,5373.05648687143,13706.4428062134,6020.71417044708,9577.32008676981,5698.41016814729,8877.66960162156,7484.82711223179,12405.649897437,10888.9989051132,10339.3021476307,9947.01075197971,5132.25053623327,5242.40719093391,3521.436897379,3994.05058110741,5834.90982125878,10036.2084894867,5780.8652034103,6813.67986398604,4969.48774914366,8563.35602695838,7411.77898872988,7365.82702681029,4499.91736220419,19452.5350878605,10630.9908501304,12422.3060857833,5507.348675482,6849.84767470538,4722.37130758125,8171.97468588019,5127.98407000472,4480.9909481919,3962.12053773678,8854.44046855086,5219.51547346857,4131.92574957489,12217.8266666194,9194.06105954636,4277.69507510243,5012.24075084632,4974.88678263134,6573.10894140327,10322.9410408727,12037.9606357002,8555.5107932451,11248.3766749795,5632.84999504395,9186.10337169986,4236.90295826772,10910.8459927623,8211.72503801729,8629.51735743212,3016.55944560834,5000.6232955947,11243.0182923547,10235.7969260391,9754.22967856623,7806.90000291765,11755.6774387716,7450.83921373216,4876.65082704195,3114.67811962792,6913.01064820692,10736.2838103114,6928.16240587807,5775.53946398083,2987.67533004806,10696.0193472982,3130.30545900343,10078.3825581732,4248.93728543451,4685.22742244173,4501.28610757217,3816.9318918035,12701.8973075329,9582.48916629819,10520.3249363633,5724.31830875957,2904.08683104039,12143.2954505768,3360.74040949312,3489.66853567626,6522.85704614507,7031.61450166318,9397.94335657187,16613.3011051721,7441.09766768318,3792.02630675357,3598.91180466787,7610.82333478667,2037.36713540894,3427.66442834379,5284.3169315753,7487.37105991742,9490.42643931241,9619.74349161372,7980.06483961405,3211.16891835702,,,,,,,,,,,,,,,,,,,,,,,,,,,,,,,,,,,,,,,,,,,,,,,,,,,,,,,,,,,,,,,,,,,,,,,,,,,,,,,,,,,,,,,,,,,,,,,,,,,,,,,,,,,,,,,,,,,,,,,,,,,,,,,,,,,,,,,,,,,,,,,,,,,,,,,,,,,,,,,,,,,,,,,,,,,,,,,,,,,,,,,,,,,,,,,,,,,,,,,,,,,,,,,,,,,,,,,,,,,,,,,,,,,,,,,,,,,,,,,,
,,,,,,,,,,,,,,,,,,,,,,,,,,,,,,,,,,,,,,,,,,,,,,,,,,,,,,,,,,,,,,,,,,,,,,,,,,,,,,,,,,,,,,,,,,,,,,,,,,,,,,,,,,,,,,,,,,,,,,,,,,,,,,,,,,,,,,,,,,,,,,,,,,,,,,,,,,,,,,,,,,,,,,,,,,,,,,,,,,,,,,,,,,,,,,,,,,,,,,,,,,,,,,,,,,,,,,,,,,,,,,,,,,,,,,,,,,,,,,,,,,,,,,,,,,,,,,,,,,,,,,,,,,,,,,,,,,,,,,,,,,,,,,,,,,,,,,,,,,,,,,,,,,,,,,,,,,,,,,,,,,,,,,,,,,,,,,,,,,,,,,,,,,,,,,,,,,,,,,,,,,,,,,,,,,,,,,,,,,,,,,,,,,,,,,,,,,,,,,,,,,,,,,,,,,,,,,,,,,,,,,,,,,,,,,,,,,,,,,,,,,,,,,,,,,,,,,,,,,,,,,,,,,,,,,,,,,,,,,,,,,,,,,,,,,,,,,,,,,,,,,,,,,,,,,,,,,,,,,,,,,,,,,,,,,,,,,,,,,,,,,,,,,,,,,,,,,,,,,,,,,,,,,,,,,,,,,,,,,,,,,,,,,,,,,,,,,,,,,,,,,,,,,,,,,,,,,,,,,,
-3824240.4,-3985274.58888889,-3464369.7,-2885338.47777778,-3347355.67777778,-4041480.36666667,-3290813.62222222,-2144080.16666667,-1559298.32222222,-1828922.58888889,-3478543.42222222,-5723628.72222222,-4571063.96666667,-4941706.77777778,-6181073.53333333,-7287024.35555556,-4959589.55555556,-5573675,-4769547.04444444,-4090759.51111111,-4967389.58888889,-5225638.51111111,-3728258.68888889,-908836.377777778,40977,-73449.0666666667,-46304.9555555556,91666.2,109663.844444444,-42363.3888888889,10918.0555555556,69088.2555555556,108448.255555556,107481.411111111,37136.6222222222,-289059.2,96597.2333333333,-183869.488888889,-11175.2666666666,17499.3555555556,124097.644444444,132538.677777778,80556.9111111111,105696.677777778,94990.3222222222,13828.8888888889,-37885.1555555555,66393.1555555556,63863.9888888889,63634.8888888889,-61403.2222222222,-21470.5444444444,34672.0444444444,77110.4111111111,73297.5222222222,147068,107880.144444444,61033.0666666667,85418.1444444444,107512.044444444,123964.177777778,115170.211111111,122816.688888889,123156.833333333,99385.8333333333,130013.888888889,133462.8,50811.6,-138378.511111111,175344.433333333,126369.855555556,137584.933333333,122160.8,82585.2555555556,112705.422222222,-77539.6333333334,37728.4888888889,127635.3,98931.3222222222,106209.055555556,89010.9444444444,77352.5,78344.7777777778,78419.4888888889,66349.7666666667,78140.8555555556,-76195.5666666667,-23362.7777777777,50924.9222222223,34980.0444444444,19333.6444444445,-26296.3444444445,23671.8888888889,77194.9111111111,44564.7666666667,92239.4777777778,75445.4333333333,62217.7111111111,73196.6111111111,64705.3222222222,64953.8444444445,61698.0888888889,57064.1555555555,64055.1888888889,70836.8888888889,76874.3333333333,68946.7777777778,72033.2888888889,54804.4555555556,62607.6111111111,52500.4444444444,51834.6111111111,96187.5888888889,96732.4333333333,86602.5888888889,87450.3555555556,86181.5777777778,90675.0111111111,84129.1111111111,79178.8222222223,81017.0444444444,82738.1222222222,74176.3888888889,80123.0666666667,77757.6888888889,70062.2111111111,82787.6333333333,80754.3,81900.9444444444,74611.1555555556,82364.1777777777,86657.4555555556,86586.6888888889,92005.0333333333,90837.8333333333,103884.055555556,85699.7777777777,82866.0555555556,90384.5888888889,86662.3,85036.7333333333,88407.8555555556,86351.6111111111,86690.0333333333,83758.5,116099.833333333,108871.477777778,98404.1111111111,96459.9888888889,97277.2444444444,100921.2,92932.4222222223,91693.8777777778,95856.5666666667,93783.7666666667,102579.011111111,96074.5666666667,85568.5444444445,85272.7777777777,90943.3666666667,88907.1111111111,87106.1555555556,90674.5777777777,93807.7666666667,80756.8777777778,84647.3111111111,90189.2,86219.5666666667,80599.8222222223,83274.2555555556,76573.2222222223,80833.8888888889,88030.1777777778,77115.1888888889,77609.6444444445,66814.1333333333,100520.055555556,85272.8777777778,82958.5444444444,87078.0333333333,84770.0777777778,82540.8,83734.5,79584.0666666667,83319.0111111111,82537.1666666667,132352.755555556,125192.155555556,108533.077777778,68067.3666666667,90.6333333333314,118405.844444444,-91753.9777777778,-74242.8888888889,27135.3,19870.6888888889,15166.8666666667,14035.5555555556,20033.9,8208,17305.8,29007.9888888888,35699.7,26791.7222222222,27918.6888888889,22933.8444444445,-36554.4444444444,-13033.3222222222,17629.0666666667,8862.56666666671,17172.6777777778,7071.20000000001,12889.1777777778,22760.3222222222,6078.93333333329,38023.0777777777,19838.4111111111,33753.1,37474.9666666667,30118.7222222222,37732.7333333333,33896.1222222223,32102.5777777777,34743,22499.8888888889,28364.6777777778,24182.7666666667,23986.9888888889,21478.6444444444,19793.6555555555,18468.7666666667,20232.5666666667,17195.2666666667,19970.0222222222,32268.3888888889,26787.6777777778,19244.4444444444,19711.7,19232.5777777777,26002.2555555556,27148.0333333333,20444.5888888889,15946.5333333333,26194.7,-86000.4666666667,-33741.5888888888,31940.5777777777,44926.9,39748.9555555556,40415.1,50545.0666666667,40649.3888888889,45025.0888888889,46343.2,45873.3222222222,48454.3444444445,41370.7111111111,38573.6888888889,36632.3555555556,39935.9,38087.6111111111,36421.6111111111,37040.5,40335.0555555556,35476.2666666667,29804.1555555555,35865.5,35225.1888888889,41940.6333333333,32779.1666666667,43272.2222222222,31701.6444444444,38388.9666666667,37599.8111111111,30007.6444444444,37786.0666666667,29701.5888888889,37591.8111111111,40718.3777777777,41252.8222222222,41810.7888888889,42567.8111111111,34489.8,36591.6333333333,34606.1555555555,37247.3333333333,34171.5555555556,35493.3666666667,32412.7333333333,32378.0444444444,31135.9666666667,29973.6333333333,30577.4777777778,34955.2888888889,32358.0444444444,32156.3777777777,28976.9111111111,25420.2,32255.0555555556,32840.3111111111,30430.6222222223,29907.8888888889,31202.2222222222,29591.9666666667,29156.6222222223,27936.1444444444,23305.1444444444,25702.4,26398.0111111111,24569.3888888889,31579.4333333333,24149.7111111111,28103.1333333333,29146.2333333333,25388.5111111111,22718.7,25455.5555555556,23990.0888888889,26218.9666666667,23346.9888888888,27333.6,24404.3,23386.2777777778,25239.7111111111,14686.1333333333,26009.2888888889,22782.7333333333,20371.4888888889,82354.6444444444,67226.3777777777,67405.5222222222,57154.8333333333,62872.1,54875.0666666667,55938.4444444444,54511.4111111111,54265.0111111112,54831.8222222222,51052.9777777778,56960.3222222222,51432.7111111111,55416.3222222222,54478.3111111111,54098.4777777778,49913.1111111111,50064.1666666667,51770.4555555556,55388.4555555556,54806.9888888889,47904.4333333333,64539.2888888889,52064.8777777777,55887.2777777778,52760.1111111111,50085.4666666667,48843.8666666667,48967.6777777778,46937.1333333333,45464.6777777778,54446.9,51608.4555555556,50864.2,55168.0111111111,49387.4,49340.7111111111,49878.0555555556,44874.2222222223,45942.6111111111,47474.0555555556,53922.0888888889,51258.0222222222,45337.0555555556,50577.4666666667,49917.1,48237.2111111111,47092.1666666667,44898.6666666667,43735.8,43871.3555555556,50325.8222222223,,,,,,,,,,,,,,,,,,,,,,,,,,,,,,,,,,,,,,,,,,,,,,,,,,,,,,,,,,,,,,,,,,,,,,,,,,,,,,,,,,,,,,,,,,,,,,,,,,,,,,,,,,,,,,,,,,,,,,,,,,,,,,,,,,,,,,,,,,,,,,,,,,,,,,,,,,,,,,,,,,,,,,,,,,,,,,,,,,,,,,,,,,,,,,,,,,,,,,,,,,,,,,,,,,,,,,,,,,,,,,,,,,,,,,,,,,,,,,,,
483532.620389877,2805551.02699388,2921258.41323947,2060281.38925689,2866385.5770791,3083480.23525056,3783087.8629905,2895839.66123706,2110723.84230226,1775479.02537995,914510.771460164,2499164.5836018,1722725.58105012,1859011.15468004,2367656.6569855,-904005.906864603,1070720.21716344,1050474.60059626,1988355.2453378,3208317.60044885,2961322.53549948,2385121.80523857,2680224.67841792,2089887.72573859,63618.0816339581,36312.6596754422,262214.600089788,115959.636950017,126738.375921342,144761.77468901,48936.3764438676,106904.887390562,119002.381921316,135734.586240643,124312.258932385,911352.806690462,127187.193866707,504828.528554364,439575.160494825,70257.4815242946,154347.550401323,147037.591457008,133176.419558919,138042.282007547,125525.938110158,59868.2364733193,11244.2901685268,87646.4552272144,97517.2521661865,81546.1052567902,16685.8451588424,68323.0771162705,96887.1426463011,103507.34882092,136053.400684456,161118.722092951,154294.61017814,129372.59734694,134723.573156256,148192.956840527,160566.803406731,154459.958856264,157759.812694423,159474.122528701,127172.065928511,170628.789580904,173764.283702492,89218.8305264401,-13676.2149510163,201704.669462144,153032.705703488,161817.639048269,149095.561021566,127108.846550917,149012.843737205,70517.1429887925,133568.920367699,216876.554590576,181936.772946122,200842.233633683,185743.267703873,175466.790106827,175940.79684618,172603.670113409,164455.920328515,173838.5776323,110494.243296545,160142.046080707,181193.213781561,168622.225885285,149799.530524378,107779.050513807,135774.551130049,139646.943645956,59233.8511753271,142074.610392007,153697.050352408,93256.8267492861,103754.584026902,99338.429152666,94085.4535436877,93410.78907807,91317.0596828782,79240.5169397118,74473.7186133116,84808.7749646014,71169.2355264075,76181.2358027247,94875.7660225773,103746.898579283,93321.2076280118,92797.2728769735,130094.230876853,129490.972092801,119406.12034529,119819.753005754,120055.562271945,126797.590164016,118927.562858279,114864.275655114,116417.528427953,115667.6645764,107440.684687003,114028.045538016,114132.306955765,106866.270743621,120671.465293829,117782.472259781,117325.729829978,109063.258436705,117486.224956785,99638.390134562,90984.3877265387,96958.6508678002,93958.7588459907,106380.613641757,92068.2228697048,91083.0573776586,92064.7640153431,90518.1048893123,96722.1056252203,90980.7536210754,88614.6569568686,101355.678926957,114363.534615784,118702.451299493,114390.41704885,102498.837828352,104936.569376719,99928.765425148,103977.950409613,94512.7848247776,99076.3285820688,98059.4620063907,96530.1485471293,104398.280650117,98215.190378994,89021.2041744368,93311.2911837365,92977.6376553886,90774.6514423728,95134.0301213696,100214.737475952,97421.3133224238,86108.9870286557,87137.6760018227,92345.4312182757,88744.8628407157,81961.5725827673,86314.3404246195,81980.8717835176,82453.2133022031,91239.4687067318,84312.5568962464,80521.0628005803,90496.2394042797,121085.740709066,104792.392909791,101604.533464726,104903.513610796,102711.006138806,99892.0622902965,100801.178341467,96322.0058415538,100131.992124139,99063.9708966306,134874.062659244,132640.016265555,112413.067813561,76952.535758411,20853.4615288798,122768.456842232,-54699.5987539101,-46294.1105256044,50263.8361983368,44971.5506084926,41819.0625061593,39087.2338980894,47203.9563793224,34107.9782625391,39526.2295578041,44037.8205612663,53895.1886536318,43032.4893924571,50199.5866007057,39960.6638982095,-12922.0292859757,6783.84897096274,39502.7925708956,31266.0248245791,44090.2908280135,34332.1248836336,37686.1820735479,43421.8609916901,44688.6066468668,56910.6638128785,35376.5298235622,51447.8197299709,56420.7992488821,49836.3975542689,55977.4265964898,51563.8416465157,50713.2135409942,52086.6876829711,42660.6361468652,42127.4594608372,41375.0831769246,43959.8674520805,40581.2851915012,36974.0113431662,36920.6670954391,35827.0782328841,32227.3153493978,36189.7664714732,49286.258165688,42974.5139002433,37683.2488344621,35286.4203795124,40066.1851829083,43092.5313289628,47458.3491799392,37984.085841323,32770.9533022026,44676.1220956554,-34826.6034316128,-5411.88976098107,46439.015722758,62880.0333102486,54096.5948673805,54299.540039523,64840.9658859844,51733.9531137719,52539.0395556302,57410.8983334386,57052.7954005274,57441.6321140117,51332.6748086514,52163.7957546284,49253.1758916334,49948.4411409892,46256.838141729,44691.5382403077,46291.9527297669,46241.3794592672,45683.4549746953,42040.2545907873,45758.5114194033,46845.3946056565,56329.8179063999,47781.0712957463,52584.9321273883,45596.8263656077,48066.6073117597,42248.6772106145,40085.8680511455,48771.1743958709,47838.0828600694,41698.9808597878,46179.5532759853,46227.4080609295,46761.1601757499,47940.8675979826,48196.2428062134,42612.3475037804,44183.4756423254,42945.7435014806,43049.2251571771,42978.1937788985,44818.3832307703,43267.0433495576,41475.2688142973,39920.644085313,35709.728314011,40197.6960798228,35879.4813418234,36150.4283588851,34811.8209323699,35456.4084894867,38035.9207589659,39653.9909750972,35400.1099713659,38471.2449158473,38614.0012109521,36957.793693477,33656.5395844265,47388.679532305,33936.1352945748,38124.7060857833,31905.3597865931,31419.2365635943,36301.8046409145,32321.6857969913,33231.117403338,33627.2242815252,29350.6316488479,31573.1404685509,30675.0710290241,28122.0146384638,38436.7933332861,32541.0499484352,31611.2950751024,29416.5407508463,28361.1645604091,31812.8200525144,25009.074374206,38047.2495245891,31338.2441265784,31619.8655638683,87987.4944394884,76412.4811494776,71642.42518049,68065.6793260957,71083.8250380173,63504.5840240988,58955.0038900528,59512.0344067058,65508.0294034658,65067.6191482613,60807.207456344,64767.2222251399,63188.3885498827,62867.1614359544,59354.9619381531,57213.1558974057,56826.121759318,60800.4504769781,58698.6179614337,61163.9950195364,57794.6642189369,58600.4526806315,67669.5943478923,62143.2603359509,60136.2150632123,57445.3385335529,54586.7527742389,52660.7985584702,61669.5750853107,56519.6224996315,55985.002714141,60171.2183087596,54512.542386596,63007.4954505768,58528.7515206042,52877.0685356763,55863.5681572562,56909.6700572188,54272.1655787941,62555.9122162832,54915.1532232387,57714.1151956425,54856.9340268901,52947.8788903422,52614.8338020756,53344.7644283438,53521.5280426864,54579.5377265841,54389.0931059791,53355.5434916137,51851.4203951696,53536.9911405793,,,,,,,,,,,,,,,,,,,,,,,,,,,,,,,,,,,,,,,,,,,,,,,,,,,,,,,,,,,,,,,,,,,,,,,,,,,,,,,,,,,,,,,,,,,,,,,,,,,,,,,,,,,,,,,,,,,,,,,,,,,,,,,,,,,,,,,,,,,,,,,,,,,,,,,,,,,,,,,,,,,,,,,,,,,,,,,,,,,,,,,,,,,,,,,,,,,,,,,,,,,,,,,,,,,,,,,,,,,,,,,,,,,,,,,,,,,,,,,,
-8132013.42038988,-10776100.2047717,-9849997.81323947,-7830958.34481245,-9561096.93263466,-11166440.9685839,-10364715.1074349,-7183999.9945704,-5229320.48674671,-5433324.20315773,-7871597.61590461,-13946422.0280462,-10864853.5143835,-11742424.7102356,-14729803.7236522,-13670042.8042465,-10989899.3282746,-12197824.6005963,-11527449.3342267,-11389836.6226711,-12896101.7132773,-12836398.8274608,-10136742.0561957,-3907560.48129415,18335.9183660419,-183210.793008776,-354824.511200899,67372.7630499831,92589.3129675472,-229488.552466788,-27100.2653327565,31271.6237205488,97894.1291897949,79228.2359815792,-50039.0144879402,-1489471.20669046,66007.2727999601,-872567.506332141,-461925.693828158,-35258.7704131835,93847.7384875658,118039.764098547,27937.4026633036,73351.0735480082,64454.7063342865,-32210.4586955415,-87014.6012796379,45139.8558838967,30210.7256115912,45723.6725209875,-139492.289603287,-111264.166005159,-27543.0537574122,50713.4734013018,10541.6437599884,133017.277907049,61465.6787107484,-7306.46401360647,36112.7157326326,66831.1320483615,87361.5521488241,75880.4633659578,87873.5650833547,86839.5441379652,71599.6007381553,89398.9881968741,93161.3162975081,12404.3694735599,-263080.807271206,148984.197204522,99707.0054076229,113352.227618398,95226.0389784337,38061.6645601942,76398.000707239,-225596.409655459,-58111.942589921,38394.045409424,15925.8714983223,11575.8774774277,-7721.37881498455,-20761.7901068273,-19251.2412906248,-15764.6923356317,-31756.3869951818,-17556.8665211887,-262885.376629878,-206867.601636262,-79343.3693371165,-98662.1369963966,-111132.241635489,-160371.739402696,-88430.7733522709,14742.8785762662,29895.6821580062,42404.3451635489,-2806.18368574178,31178.5954729361,42638.63819532,30072.2152917784,35822.2353452012,29985.3886997078,22811.2514282329,48869.8608380659,67200.0591644662,68939.8917020653,66724.320029148,67885.3419750531,14733.1450885339,21468.3236429392,11679.6812608771,10871.9493452487,62280.9469009243,63973.8945738655,53799.0574324876,55080.9581053575,52307.5932836101,54552.4320582066,49330.6593639428,43493.3687893301,45616.5604609356,49808.579868045,40912.0930907746,46218.087795317,41383.0708220127,33258.1514786014,44903.8013728371,43726.1277402192,46476.1590589109,40159.0526744057,47242.13059877,73676.5209765492,82188.990051239,87051.4157988664,87716.907820676,101387.497469354,79331.3326858508,74649.0537334525,88704.4137624346,82806.4951106877,73351.3610414463,85834.9574900358,84088.5652653537,72024.3877397095,53153.4653842161,113497.215367174,103352.538506706,94309.3843938699,87983.4084010585,94625.7234637409,97864.4495903874,91352.0596196669,84311.4269734867,93653.6713269427,91037.3847862041,100759.741572105,93933.9429543394,82115.8847144521,77234.2643718191,88909.0956779448,87039.5707798495,79078.2809897415,81134.4180796036,90194.2200109096,75404.7685268998,82156.9462203996,88032.9687817243,83694.2704926176,79238.0718616773,80234.1706864917,71165.5726609269,79214.5644755746,84820.8868488237,69917.8208815314,74698.2260883087,43132.0272623869,79954.3704020448,65753.3626457647,64312.5554241633,69252.5530558704,66829.1494167493,65189.5377097035,66667.8216585327,62846.1274917795,66506.030098083,66010.3624367027,129831.448451867,117744.294845556,104653.087741994,59182.1975749223,-20672.1948622131,114043.232046656,-128808.356801645,-102191.667252173,4006.76380166314,-5230.17283071484,-11485.3291728259,-11016.1227869783,-7136.15637932234,-17691.9782625391,-4914.6295578041,13978.1572165114,17504.2113463682,10550.9550519874,5637.79117707203,5907.02499067943,-60186.8596029132,-32850.4934154072,-4244.65923756217,-13540.8914912457,-9744.93527245798,-20189.7248836335,-11907.8265179924,2098.78345275439,-32530.7399802002,19135.491742677,4300.29239866004,16058.3802700291,18529.1340844513,10401.0468901756,19488.0400701769,16228.4027979288,13491.9420145613,17399.3123170289,2339.14163091255,14601.8960947184,6990.45015640869,4014.11032569722,2376.00369738775,2613.29976794483,16.8662378942026,4638.05510044929,2163.21798393549,3750.27797297123,15250.5196120898,10600.8416553122,805.640054426811,4136.97962048758,-1601.02962735283,8911.97978214831,6837.71748672747,2905.09193645481,-877.886635535997,7713.27790434466,-137174.329901721,-62071.2880167966,17442.1398327974,26973.7666897515,25401.3162437307,26530.6599604769,36249.167447349,29564.8246640059,37511.1382221476,35275.5016665614,34693.8490439171,39467.0567748772,31408.7474135708,24983.5820231493,24011.5352194777,29923.3588590109,29918.3840804932,28151.6839819145,27789.0472702331,34428.7316518439,25269.0783586381,17568.0565203238,25972.4885805967,23604.9831721212,27551.4487602667,17777.2620375871,33959.5123170562,17806.4625232812,28711.3260215737,32950.9450116078,19929.4208377434,26800.9589374625,11565.0949177084,33484.6413624345,35257.2022795702,36278.236383515,36860.4176020279,37194.7546242397,20783.3571937866,30570.9191628862,25028.8354687857,31548.923165186,25293.885953934,28008.5395544349,20007.0834358964,21489.0455393313,20796.664519036,20026.6225813536,25445.2272415445,29712.881697955,28836.6075470654,28162.3271966703,23142.0012898523,15383.9915105133,26474.1903521453,26026.6312471251,25461.1344730786,21344.5328619305,23790.4432334924,22226.1396398564,24656.7048600181,8483.60935658394,12674.1535943141,13280.0939142167,20890.6624356291,17719.5412141835,26857.062025752,15977.7364252309,22975.1492633286,24665.2423851414,21426.3905733744,13864.2595314492,20236.040082087,19858.163139314,14001.1400000473,14152.9278293425,23055.9049248975,19392.0592491537,18411.3909951464,18666.6021697078,4363.19229246063,13971.3282531887,14227.2225400882,9123.11221390938,76721.7944494005,58040.2744060779,63168.6192639545,46243.987340571,54660.3749619827,46245.5493092346,52921.8849988361,49510.7878155164,43021.9928187565,44596.0252961831,41298.7480992115,49153.4222193046,39677.0336723395,47965.4830084901,49601.6602840692,50983.7996581499,43000.1004629042,39327.8828563552,44842.2931496775,49612.9160915748,51819.3135588408,37208.4139860351,61408.9834298855,41986.4952196046,51638.3404923432,48074.8836886694,45584.1805590945,45026.9347748632,36265.7804702449,37354.6441670351,34944.3528414145,48722.5816912405,48704.3687245152,38720.9045494232,51807.270701618,45897.7314643237,42817.8540649661,42846.4410538924,35476.2788656504,29329.3100059391,40032.9578878724,50130.0625821353,47659.1104175544,37726.2322207689,48540.0995312577,46489.4355716562,42952.8941795358,39604.7956067493,35408.2402273543,34116.0565083863,35891.2907159415,47114.6533038652,,,,,,,,,,,,,,,,,,,,,,,,,,,,,,,,,,,,,,,,,,,,,,,,,,,,,,,,,,,,,,,,,,,,,,,,,,,,,,,,,,,,,,,,,,,,,,,,,,,,,,,,,,,,,,,,,,,,,,,,,,,,,,,,,,,,,,,,,,,,,,,,,,,,,,,,,,,,,,,,,,,,,,,,,,,,,,,,,,,,,,,,,,,,,,,,,,,,,,,,,,,,,,,,,,,,,,,,,,,,,,,,,,,,,,,,,,,,,,,,
,,,,,,,,,,,,,,,,,,,,,,,,,,,,,,,,,,,,,,,,,,,,,,,,,,,,,,,,,,,,,,,,,,,,,,,,,,,,,,,,,,,,,,,,,,,,,,,,,,,,,,,,,,,,,,,,,,,,,,,,,,,,,,,,,,,,,,,,,,,,,,,,,,,,,,,,,,,,,,,,,,,,,,,,,,,,,,,,,,,,,,,,,,,,,,,,,,,,,,,,,,,,,,,,,,,,,,,,,,,,,,,,,,,,,,,,,,,,,,,,,,,,,,,,,,,,,,,,,,,,,,,,,,,,,,,,,,,,,,,,,,,,,,,,,,,,,,,,,,,,,,,,,,,,,,,,,,,,,,,,,,,,,,,,,,,,,,,,,,,,,,,,,,,,,,,,,,,,,,,,,,,,,,,,,,,,,,,,,,,,,,,,,,,,,,,,,,,,,,,,,,,,,,,,,,,,,,,,,,,,,,,,,,,,,,,,,,,,,,,,,,,,,,,,,,,,,,,,,,,,,,,,,,,,,,,,,,,,,,,,,,,,,,,,,,,,,,,,,,,,,,,,,,,,,,,,,,,,,,,,,,,,,,,,,,,,,,,,,,,,,,,,,,,,,,,,,,,,,,,,,,,,,,,,,,,,,,,,,,,,,,,,,,,,,,,,,,,,,,,,,,,,,,,,,,,,,,,,,,,
-207005.966871345,,,,,,,,,,,,,,,,,,,,,,,,,,,,,,,,,,,,,,,,,,,,,,,,,,,,,,,,,,,,,,,,,,,,,,,,,,,,,,,,,,,,,,,,,,,,,,,,,,,,,,,,,,,,,,,,,,,,,,,,,,,,,,,,,,,,,,,,,,,,,,,,,,,,,,,,,,,,,,,,,,,,,,,,,,,,,,,,,,,,,,,,,,,,,,,,,,,,,,,,,,,,,,,,,,,,,,,,,,,,,,,,,,,,,,,,,,,,,,,,,,,,,,,,,,,,,,,,,,,,,,,,,,,,,,,,,,,,,,,,,,,,,,,,,,,,,,,,,,,,,,,,,,,,,,,,,,,,,,,,,,,,,,,,,,,,,,,,,,,,,,,,,,,,,,,,,,,,,,,,,,,,,,,,,,,,,,,,,,,,,,,,,,,,,,,,,,,,,,,,,,,,,,,,,,,,,,,,,,,,,,,,,,,,,,,,,,,,,,,,,,,,,,,,,,,,,,,,,,,,,,,,,,,,,,,,,,,,,,,,,,,,,,,,,,,,,,,,,,,,,,,,,,,,,,,,,,,,,,,,,,,,,,,,,,,,,,,,,,,,,,,,,,,,,,,,,,,,,,,,,,,,,,,,,,,,,,,,,,,,,,,,,,,,,,,,,,,,,,,,,,,,,,,,,,,,,,,,,,,
209588.755398735,,,,,,,,,,,,,,,,,,,,,,,,,,,,,,,,,,,,,,,,,,,,,,,,,,,,,,,,,,,,,,,,,,,,,,,,,,,,,,,,,,,,,,,,,,,,,,,,,,,,,,,,,,,,,,,,,,,,,,,,,,,,,,,,,,,,,,,,,,,,,,,,,,,,,,,,,,,,,,,,,,,,,,,,,,,,,,,,,,,,,,,,,,,,,,,,,,,,,,,,,,,,,,,,,,,,,,,,,,,,,,,,,,,,,,,,,,,,,,,,,,,,,,,,,,,,,,,,,,,,,,,,,,,,,,,,,,,,,,,,,,,,,,,,,,,,,,,,,,,,,,,,,,,,,,,,,,,,,,,,,,,,,,,,,,,,,,,,,,,,,,,,,,,,,,,,,,,,,,,,,,,,,,,,,,,,,,,,,,,,,,,,,,,,,,,,,,,,,,,,,,,,,,,,,,,,,,,,,,,,,,,,,,,,,,,,,,,,,,,,,,,,,,,,,,,,,,,,,,,,,,,,,,,,,,,,,,,,,,,,,,,,,,,,,,,,,,,,,,,,,,,,,,,,,,,,,,,,,,,,,,,,,,,,,,,,,,,,,,,,,,,,,,,,,,,,,,,,,,,,,,,,,,,,,,,,,,,,,,,,,,,,,,,,,,,,,,,,,,,,,,,,,,,,,,,,,,,,,,,
-623600.689141425,,,,,,,,,,,,,,,,,,,,,,,,,,,,,,,,,,,,,,,,,,,,,,,,,,,,,,,,,,,,,,,,,,,,,,,,,,,,,,,,,,,,,,,,,,,,,,,,,,,,,,,,,,,,,,,,,,,,,,,,,,,,,,,,,,,,,,,,,,,,,,,,,,,,,,,,,,,,,,,,,,,,,,,,,,,,,,,,,,,,,,,,,,,,,,,,,,,,,,,,,,,,,,,,,,,,,,,,,,,,,,,,,,,,,,,,,,,,,,,,,,,,,,,,,,,,,,,,,,,,,,,,,,,,,,,,,,,,,,,,,,,,,,,,,,,,,,,,,,,,,,,,,,,,,,,,,,,,,,,,,,,,,,,,,,,,,,,,,,,,,,,,,,,,,,,,,,,,,,,,,,,,,,,,,,,,,,,,,,,,,,,,,,,,,,,,,,,,,,,,,,,,,,,,,,,,,,,,,,,,,,,,,,,,,,,,,,,,,,,,,,,,,,,,,,,,,,,,,,,,,,,,,,,,,,,,,,,,,,,,,,,,,,,,,,,,,,,,,,,,,,,,,,,,,,,,,,,,,,,,,,,,,,,,,,,,,,,,,,,,,,,,,,,,,,,,,,,,,,,,,,,,,,,,,,,,,,,,,,,,,,,,,,,,,,,,,,,,,,,,,,,,,,,,,,,,,,,,,,,
,,,,,,,,,,,,,,,,,,,,,,,,,,,,,,,,,,,,,,,,,,,,,,,,,,,,,,,,,,,,,,,,,,,,,,,,,,,,,,,,,,,,,,,,,,,,,,,,,,,,,,,,,,,,,,,,,,,,,,,,,,,,,,,,,,,,,,,,,,,,,,,,,,,,,,,,,,,,,,,,,,,,,,,,,,,,,,,,,,,,,,,,,,,,,,,,,,,,,,,,,,,,,,,,,,,,,,,,,,,,,,,,,,,,,,,,,,,,,,,,,,,,,,,,,,,,,,,,,,,,,,,,,,,,,,,,,,,,,,,,,,,,,,,,,,,,,,,,,,,,,,,,,,,,,,,,,,,,,,,,,,,,,,,,,,,,,,,,,,,,,,,,,,,,,,,,,,,,,,,,,,,,,,,,,,,,,,,,,,,,,,,,,,,,,,,,,,,,,,,,,,,,,,,,,,,,,,,,,,,,,,,,,,,,,,,,,,,,,,,,,,,,,,,,,,,,,,,,,,,,,,,,,,,,,,,,,,,,,,,,,,,,,,,,,,,,,,,,,,,,,,,,,,,,,,,,,,,,,,,,,,,,,,,,,,,,,,,,,,,,,,,,,,,,,,,,,,,,,,,,,,,,,,,,,,,,,,,,,,,,,,,,,,,,,,,,,,,,,,,,,,,,,,,,,,,,,,,,,,,
128x128,,,,,,,,,,,,,,,,,,,,,,,,,,,,,,,,,,,,,,,,,,,,,,,,,,,,,,,,,,,,,,,,,,,,,,,,,,,,,,,,,,,,,,,,,,,,,,,,,,,,,,,,,,,,,,,,,,,,,,,,,,,,,,,,,,,,,,,,,,,,,,,,,,,,,,,,,,,,,,,,,,,,,,,,,,,,,,,,,,,,,,,,,,,,,,,,,,,,,,,,,,,,,,,,,,,,,,,,,,,,,,,,,,,,,,,,,,,,,,,,,,,,,,,,,,,,,,,,,,,,,,,,,,,,,,,,,,,,,,,,,,,,,,,,,,,,,,,,,,,,,,,,,,,,,,,,,,,,,,,,,,,,,,,,,,,,,,,,,,,,,,,,,,,,,,,,,,,,,,,,,,,,,,,,,,,,,,,,,,,,,,,,,,,,,,,,,,,,,,,,,,,,,,,,,,,,,,,,,,,,,,,,,,,,,,,,,,,,,,,,,,,,,,,,,,,,,,,,,,,,,,,,,,,,,,,,,,,,,,,,,,,,,,,,,,,,,,,,,,,,,,,,,,,,,,,,,,,,,,,,,,,,,,,,,,,,,,,,,,,,,,,,,,,,,,,,,,,,,,,,,,,,,,,,,,,,,,,,,,,,,,,,,,,,,,,,,,,,,,,,,,,,,,,,,,,,,,,,,,,
1147219.8,739109.7,579946.3,733309.9,787072.7,809269.1,773244.6,795514.2,1093770.8,846377.5,812808.7,798016.5,850162.1,878759.2,924781.6,925707.6,894181.2,853741.6,875234.3,898019.4,885770.6,964290.4,936773.4,1126374.7,1283207.9,1303840.2,1313909.4,1131946.9,1199633.3,1214499,1221710.9,1318056.5,1514593.1,1486792,1257127.3,1233193.4,1419310.7,1424293.9,1416883.4,1489713.6,1743614.1,1424024.6,1251145.1,1050982.9,1133092.2,1295421.5,1646267.3,1881710.2,1506520.1,1493327.5,1305871.4,1441179.1,1516161.9,1385523,1529604.6,1273067.1,1865663.3,1615407.3,1816590.1,1689023.4,1613408.4,1905708.4,1953953.9,1720514.8,1911578.3,1865244.8,1544448,1487854.8,1544743,1389991.5,1663364.2,1601755.1,1478510.1,1464920.2,1707157.3,1524616.4,1408639.9,1313152.3,1231872.7,1489852,1876765.7,1884231.5,1718388.3,1868507.1,1946510.4,1605602.1,1406424.5,1315120.8,1586471.1,1878529.8,1994870.8,1839317.8,1859021.3,1846236.7,1789692.5,1717967.1,1660596.6,1616144.9,2873969.4,1899502.5,2838008,2586329.9,2285399.2,2382760.4,2473540.9,1897001.6,2272729,2185385.2,2145327.3,2166404.8,2103925.7,2089221.8,1928137.5,1893848.7,1809162.1,1727371.8,1637279.5,1544733.3,1422794.9,2266050.5,2220313,2067335.5,2013598.1,1983583,1935082.5,2142443.5,2166174.8,2107141.9,2133870.1,2102304.9,2238920.9,1990090.7,2043886.9,1705574.6,1806997.3,1759356.4,1698141.5,1813304.5,1939634.2,3177939.4,3087599.2,2780504.2,2664208.6,2609064.1,2572952.4,2220289,2187995.1,3861776.2,3765282.3,3628473.7,2720402.2,3783900.7,3388126,3362849.5,3310260.2,3319336.7,3323263.2,3247235.7,3307361,3313853.3,3262001.2,3213755.5,1954069.8,2093002,2059208.7,1935029.2,1931855,1891473.9,1851088.5,1880848.8,1856603.5,1831570,1876698.9,1855807,1873464,1863018.3,1829841.9,1846652.6,1802419.8,1812518.4,1784147.7,1770474.7,1781139,1756000.2,1746957,1710083.4,1859206.2,1928942.5,2015665.7,1984470,2089050.5,2040414.2,2043712.3,2067060.5,2038939.6,2021004.7,2029292.5,2003564.6,1987346.4,2400565.8,2310176.4,2254065.8,2153416.4,2231497.7,2162448.2,2125902.2,2125109.8,2121767.9,2170200.6,2253422.8,2152828.8,2034247.6,2035831.1,1955772.7,1922777.6,1832560.8,1704107.7,1583309.9,1574952.4,1542545.3,1512914.8,1484911.6,1492872.7,1491436.4,1489257.2,1490091.3,1462382.2,1737033.9,2790645.7,3154510.7,2688943.7,2643372.7,2611541.2,2616690.4,4558527.7,1720383.5,1661475.8,1562534.7,2835169.9,2556980.8,2445191.9,2378195.1,2348379.4,2025837.9,1920815.1,1823664.7,1787481.7,1752890,1772035,1788998.4,1744467.6,1745074.3,1708239.5,1741942.8,1708771.1,1757561.2,1727312.4,1696161.5,1699121.7,1664593.4,1664191,1672746.3,1692571.2,1703616.9,1683719.7,1644349.8,2832087.7,3104783,2680925.3,2674028.1,2623920.3,2667824.2,2612587.5,2625351.4,2643509.2,2602164.9,2602603.3,2588154.4,2574623.3,2579265.8,2497191.4,2504586.9,2476344.3,2482801.6,2463578.7,2418947.5,2409519.5,2415674.3,2393531.7,2425936.7,2367708.9,2368986.3,2344088.3,2342791.6,2338417.3,2334377.4,2327862.4,2303931.8,2320783.7,2328863.1,2280001.4,2315686.8,2304204.8,2306460.2,2324793.8,2314429.2,2291382.5,2320530,2294936.6,2309529.9,2293721.7,2254252.9,2266167,2235629.2,3082735.4,3268147.2,2904274.7,2902029,3581969,3403142.1,3308450.5,3308700.4,3335359.5,3293730.3,4889242.9,4738271.2,3953685.2,3968686.9,3909530.4,3913419.7,3916535.4,3892004.2,3899883.5,3865574,3908536.6,3892729.5,3877129.7,3848538.3,3904890.7,3864114.9,3931055.5,3923707.3,3880858.8,3858275.7,3854620.6,3882993.8,3831224.3,3831162.8,3846267.3,3871944.5,3837499.1,3809774.6,3791384.3,3804492.3,3825741.2,3839475.1,3804038.8,3966607.5,3879102,3825990.6,3794612.6,3775275.1,3777188,3743019.7,3781632.3,3740717.1,3694578.2,3734252.5,3719599,3661377,3649338.7,3667045.8,3618883.4,3638860.7,3621921,3638151.9,3655077.4,3645879.8,3618363.1,3619493.9,4167005.2,4602640,3808751.9,3830919.1,3814050.9,3741929.9,3777611,3744921,3766140.8,3741100.3,3722894.6,3716353.3,3703831.4,5679738.9,6803744.3,5157281.7,5045678.9,5049121.5,4999111.1,4917894.6,4881901.9,4904265.9,4853458.3,4841365.5,4743691.9,4801771.8,4794827.6,4780900.8,4731346.5,4731378.3,4679246.7,4705463.6,4716644.4,4685735.5,4695660.7,4668100,4638479.5,4644124.9,4617901.9,4576521.5,4590318.7,4593424.7,4522267.8,4574369.8,4568874.6,4515627.3,4515327.8,4510985.6,4469869.8,4429246.8,4430540.7,4478713.1,4403628,4468416.5,4442944.7,4422170.8,4412110.6,4417853.9,4462570.7,4450007.4,4421648.9,4435345.2,4415291.3,4463802.1,4452734.7,4449124.5,4472901.1,4381964.7,5862196.7,5761536.6,5535741.2,5469973.3,5515681.5,5555410.2,5495667,5465370.4,5481978.1,5423795.4,5436428.3,5471289.6,5453816.6,5379943.3,5411892.8,5424792.8,5393398.5,5396162,5373643.6,5360357.1,5367747,5313717.7,5343268.4,5361940.2,5330108.5,5330720.2,5311968.9,5360649.2,5287964.9,5295826.7,5296653.3,5287810.6,5250365.1,5273855.6,5296761.6,5222176.1,5272921.4,5308139.8,5261775,5249133,5227851.1,5223023.2,5235610,5264040.7,5195122.7,5151372.1,5197236.2,5152609.9,5170067.7,5138647.7,5146275.6,5100296.5,5153217.2,5151756.2,5173235.8,5142838,5133843.7,5157616.3,,,,,,,,,,,,,,,,,,,,,,,,,,,,,,,,,,,,,,,,,,,,,,,,,,,,,,,,,,,,,,,,,,,,,,,,,,,,,,,,,,,,,,,,,,,,,,,,,,,,,,,,,,,,,,,,,,
422093.40503253,386347.310272635,192406.648452958,309881.002130549,202178.311567922,165574.08602895,145571.640899822,203925.139363444,342180.026276228,199237.964926506,110047.47984196,86935.3490234745,123010.148347787,186156.93938407,271408.813894055,204513.025615159,132363.045912705,71765.7161667975,28581.9405687888,21890.3734560296,44216.2777849465,86238.585223656,47573.7882129785,64996.7300409114,78357.6562570627,68488.0368869062,55185.237237266,46527.647452169,46696.8176932623,52393.2629532547,48964.8331321118,57569.7450967086,56631.7317832208,52676.2354809495,53874.55311297,41680.7904494251,74875.5627647929,49504.3331312186,58844.2915388665,58898.8532697275,50751.1778767526,68109.9539261496,50983.6256011019,42163.9143303318,29480.541408416,38095.5337313677,57641.4761956277,46557.8368884695,47865.3656449235,46631.2088132925,65741.8846452633,59298.3046290345,71539.9241223621,93615.3776577331,69493.3523506625,65848.9468986069,71850.3775217021,92168.6646221661,103249.475602058,110337.187400159,84801.4290762708,68569.0116147391,96931.0974002209,97106.9312125098,120765.414899254,88341.8490521653,90203.6330138032,107439.220954402,95230.576238237,113749.292521609,130336.944091331,169933.451345879,133646.529411188,113304.709301757,101617.833255618,104372.356923767,105319.106521772,96271.951837894,76164.9247854067,56456.6069197299,105379.848867535,108381.296114177,60108.2820602397,107145.011021357,119613.325325307,108679.418097908,97649.7619240996,121737.82349313,89936.1816134703,118267.914200297,94266.0181693865,89853.8814443885,65413.3952643578,78339.1029237634,87483.3366663491,60501.5820884968,90852.0533458411,81470.5541386307,94569.9854337164,62294.6880493567,132398.603016296,83092.4723632251,69655.4168170398,93819.1525296289,106664.155618829,78041.6353837987,88323.8583471835,89117.9246913262,87166.6808413628,93416.5884279185,113664.475059077,114891.386713036,116995.256512818,88956.6474426354,102831.820933719,70318.4343473791,69460.0583441064,66203.5603021301,71365.4454145079,78804.6527408827,97392.4387083287,102178.023482167,107683.680072134,95007.1461148523,79701.6914225232,64232.0716607625,104100.988038646,89776.5669716275,82886.6374117887,88159.4797341096,105177.90109825,89081.5422608223,86682.5206581786,110064.915537453,103050.023379209,99578.7251287476,91154.8642125647,72807.7772803153,85569.792479979,126595.888900426,128781.191645019,102092.433378124,134086.439999808,79055.2453884835,83766.9281574377,93793.6655501497,82848.0675553483,70968.8243194777,112145.509624327,151861.036091882,97048.876162478,102717.839449252,121825.433223116,105000.445289267,115378.166856068,123979.766287398,114329.066229216,157207.056330214,153669.140807993,164316.249725982,150266.905231103,176636.927995913,90198.6367312598,119031.624345055,138949.817725721,136235.710297998,121222.269756381,134323.897970912,123348.358755239,108719.970111598,107763.904214775,99252.4740783154,73411.5856773,87045.716826147,79726.7404938756,80841.0766106357,68882.7916301791,111978.790741025,82930.1490422981,95317.3473242585,79193.7763997624,56567.6372771766,98380.12687417,98040.9606290487,52773.4415718109,60917.913244336,67196.7239657808,55201.0886854196,72208.1817848766,74507.3255637771,66863.988732102,96960.3833117194,97166.241952245,134766.285514549,95714.4207713759,92470.06114059,104017.732328302,137607.921542168,113726.111973949,104842.578188868,125809.715888012,92041.0941310698,100012.286031045,89756.0735921407,90851.1481108889,111266.052402738,125311.6269269,122833.513336322,112031.518087248,87204.9239432932,122829.137642318,92397.7242290692,84360.0257921698,118678.817703778,95296.997799511,71221.0925464578,84230.2415855889,110597.215204493,96300.8406265375,115542.53212086,157380.586238018,120206.650735954,127850.768916169,145824.898423646,177547.473607483,151846.185505853,144985.947310459,111915.466824494,143035.654627361,152956.850389651,115603.875199416,140703.3643016,156904.63248299,151408.242792789,165202.076159304,74809.6253079924,63096.1591713614,75760.3183922824,104286.169887851,105620.378242921,103802.694555531,80302.6984359803,61658.3333363968,80785.4407557451,95987.3394469292,113650.74009345,72250.3304491482,88686.1868274874,93650.5761042967,131905.525591614,123416.13117345,102268.202430939,72212.7196755838,87788.8073703653,78592.3451763734,121406.969561792,86483.6114278307,89341.0933572999,96268.5035536315,83432.9231914277,96382.5803463583,119615.606442796,125150.606063965,118418.3036607,114193.941265677,101402.449596535,104532.721082444,91250.7940434249,115818.481893052,96420.0000189564,126193.467335807,120514.185390766,98420.5597539344,142000.544416171,167190.966637821,139974.023907176,120339.33668132,103102.637097646,116115.183064107,143775.422573463,111926.643711356,74362.7845295541,72683.0033747001,81063.2510782647,65912.5339758852,69912.566333878,54075.5229147162,44169.7283091033,65659.5459168818,55058.2507613527,72583.9490987275,86149.2798577627,73036.7153819837,62331.7518341263,57264.9894303278,67136.4383677829,35832.2431189192,56680.0190402226,74880.8417777501,74164.1316322565,54104.7798077438,82275.0105638941,73873.5609791036,80796.0207557003,102915.412211302,92645.5170454687,56996.1457512699,54741.0088710669,97327.6081994324,59809.5095735898,97613.4221850549,64364.891265779,72645.4915202741,57615.4838675237,70676.1615322545,66671.1965324357,91606.7246452646,90159.6048485376,99441.6980278729,116187.914346114,120252.881542975,110046.249062433,99704.4122207126,78275.6579688447,82064.6182569294,121375.577420574,76412.4980932075,76679.2851419324,69300.2467659548,59681.3481733522,61413.6153564953,81718.0057906457,78947.0883106035,87438.7731602964,87453.7600363123,60219.5689664083,73685.467397355,67583.0178275414,84027.6048372068,79302.5511617796,151385.305666075,140373.609115935,121791.442758877,115031.752198203,101171.537625955,121087.279323451,120426.0326305,101671.476456499,109891.260807167,127798.004123913,124449.133603921,108618.174886158,121390.944666899,145892.266815125,108612.752461619,162193.195431628,159382.005316228,778956.536289021,330283.94379113,337427.848747682,248659.691903614,288144.265727527,230070.858888686,207367.457062765,199771.244472855,222469.869803356,198827.55548677,216560.829464841,212599.644888906,92129.4439193513,106187.97070086,146071.779353546,85719.4550304137,113350.604257616,116235.610066604,199100.11685272,152182.084223107,158050.396986953,103311.779062162,122201.787703281,121040.261091369,147147.679373101,106265.781612218,155676.164133149,123750.209696298,161732.117901073,121638.973733294,123083.734320268,162642.808132013,173950.394223979,124486.205883044,128895.413279354,140460.036174944,183481.479078316,155046.088140161,185321.769936058,154667.908828669,159435.276969301,136312.18736778,143517.661156466,170872.097171767,157435.358644217,172714.394252509,150392.171076711,155169.203192622,156655.513407817,169954.998181676,94163.6742188834,73871.5290055046,148899.848441867,92573.9043432027,147384.760166639,96967.9327409038,106655.052437754,196034.303156956,130826.507956148,139754.364874987,138112.103701989,84480.9286715713,83303.6313604235,76225.7262230629,69588.669786667,76595.1451156592,84202.4730922106,102889.409678764,64535.2427059992,58285.0360532902,73262.5741929519,54706.7482995573,49958.4611381184,67441.4451918601,55229.6617356411,68263.0806789276,64973.0421469807,131732.653359455,106015.054598444,90637.0154139883,93898.6154961829,94747.2287921335,117780.716364682,125784.213664558,89794.4316855635,117111.299915982,195603.113397995,167131.801028111,150514.798741777,122996.736796325,153292.822729028,185325.330177951,187620.136128058,147374.812513159,177618.886914308,136931.514609189,175822.390437876,182659.931032141,156908.113697299,137624.61741067,135433.518855563,173674.027973257,86962.445349447,82995.741417122,85989.1002305266,147121.224309751,142217.391079682,91599.3034607797,99305.0205970362,73812.0665808331,114670.884927692,86778.8548284277,101859.213835186,92823.5114674917,83371.8154958057,100696.896611398,80919.6128098058,102620.827368901,94128.2103183383,124111.164925687,105417.454353895,132072.806957249,134896.950132067,80748.9180463463,132858.300132301,100323.57162391,93338.0851164792,133927.147639802,156969.998709449,149351.600502528,164876.212202435,169654.316398212,228705.969420127,338030.704466654,185360.672384678,128540.262089398,112182.736922547,86739.0973677832,136387.046295501,113559.45010341,120788.195137006,101077.766247578,94993.7400630519,116183.567389235,92563.2601039239,138658.176334466,101871.620943006,114894.745498313,187691.28580556,,,,,,,,,,,,,,,,,,,,,,,,,,,,,,,,,,,,,,,,,,,,,,,,,,,,,,,,,,,,,,,,,,,,,,,,,,,,,,,,,,,,,,,,,,,,,,,,,,,,,,,,,,,,,,,,,,
,,,,,,,,,,,,,,,,,,,,,,,,,,,,,,,,,,,,,,,,,,,,,,,,,,,,,,,,,,,,,,,,,,,,,,,,,,,,,,,,,,,,,,,,,,,,,,,,,,,,,,,,,,,,,,,,,,,,,,,,,,,,,,,,,,,,,,,,,,,,,,,,,,,,,,,,,,,,,,,,,,,,,,,,,,,,,,,,,,,,,,,,,,,,,,,,,,,,,,,,,,,,,,,,,,,,,,,,,,,,,,,,,,,,,,,,,,,,,,,,,,,,,,,,,,,,,,,,,,,,,,,,,,,,,,,,,,,,,,,,,,,,,,,,,,,,,,,,,,,,,,,,,,,,,,,,,,,,,,,,,,,,,,,,,,,,,,,,,,,,,,,,,,,,,,,,,,,,,,,,,,,,,,,,,,,,,,,,,,,,,,,,,,,,,,,,,,,,,,,,,,,,,,,,,,,,,,,,,,,,,,,,,,,,,,,,,,,,,,,,,,,,,,,,,,,,,,,,,,,,,,,,,,,,,,,,,,,,,,,,,,,,,,,,,,,,,,,,,,,,,,,,,,,,,,,,,,,,,,,,,,,,,,,,,,,,,,,,,,,,,,,,,,,,,,,,,,,,,,,,,,,,,,,,,,,,,,,,,,,,,,,,,,,,,,,,,,,,,,,,,,,,,,,,,,,,,,,,,,,
,,,,,,,,,,,,,,,,,,,,,,,,,,,,,,,,,,,,,,,,,,,,,,,,,,,,,,,,,,,,,,,,,,,,,,,,,,,,,,,,,,,,,,,,,,,,,,,,,,,,,,,,,,,,,,,,,,,,,,,,,,,,,,,,,,,,,,,,,,,,,,,,,,,,,,,,,,,,,,,,,,,,,,,,,,,,,,,,,,,,,,,,,,,,,,,,,,,,,,,,,,,,,,,,,,,,,,,,,,,,,,,,,,,,,,,,,,,,,,,,,,,,,,,,,,,,,,,,,,,,,,,,,,,,,,,,,,,,,,,,,,,,,,,,,,,,,,,,,,,,,,,,,,,,,,,,,,,,,,,,,,,,,,,,,,,,,,,,,,,,,,,,,,,,,,,,,,,,,,,,,,,,,,,,,,,,,,,,,,,,,,,,,,,,,,,,,,,,,,,,,,,,,,,,,,,,,,,,,,,,,,,,,,,,,,,,,,,,,,,,,,,,,,,,,,,,,,,,,,,,,,,,,,,,,,,,,,,,,,,,,,,,,,,,,,,,,,,,,,,,,,,,,,,,,,,,,,,,,,,,,,,,,,,,,,,,,,,,,,,,,,,,,,,,,,,,,,,,,,,,,,,,,,,,,,,,,,,,,,,,,,,,,,,,,,,,,,,,,,,,,,,,,,,,,,,,,,,,,,,
11504670.9,4577189.9,3985503.4,5685342.6,5015930.3,6111111.1,5464901.8,3462215,2126950.7,5678526.8,5065039.1,5698536,5447196.4,4813353.2,5757161,4927764.2,3375411,4706708.7,5337733.6,3256594.7,2766567.9,3058013.3,4140810.7,4921086.7,6974039.9,5537529.9,4007103.8,3736868,3002300.3,3292461.6,3482095.6,3501745,3247474.5,3721503.8,4101458.4,3909332.7,3090700.3,3738477,3987463.7,2692304.7,3819301.9,3625009.4,4278406.4,4666074.6,4797580.8,3297594.4,4479556.9,5341601.7,4926978.9,1962828.7,212093.9,725782,1018204.7,858023.6,460730.5,595141.2,1005817.8,381337.3,721315.9,404228.3,699756.3,1162116.9,1357328.6,563270.3,786709.3,1292057.2,690648.4,587821.4,570032.4,526972.7,627189.7,596154.9,459870.5,469991.1,633755.4,468505.1,516701.3,789107.1,410613.2,715174.7,903916.8,718153.4,549245.3,737825.6,581174.5,308885.8,324428.2,300385.8,809570.9,699674.9,777944.2,545630.4,515469.8,501919.7,508897.8,432297.8,409933.5,414054.1,2567785.3,622001.4,2372594.5,1210920.3,805027.2,815012.2,1164423.9,628969.7,669525.5,640674.8,613290.5,587475.4,581767.6,573154.3,551505.9,531925.1,528736.6,700924.7,604254.9,419322.5,346462.7,882252.4,819016.7,717126.9,655060.6,655106.7,655522.3,653351.4,646294.8,634591.9,640746.4,637844.4,884081.4,832030.9,1008278.5,549634.9,506263,500802.6,488590.8,654969.3,630271.9,2615526.9,2061124.9,1363732.6,1249519,1665360.1,1651319.4,1226183.8,1093606.9,2934819.3,2606665.1,1831381.8,1280121.4,2054914.8,1626001.3,1597402.5,1577045.2,1580528,1556863.1,1552177.4,1487895.1,1420889,1396191.3,1382754.2,761318.6,711621,817910.7,559108.4,528696.5,509793.3,508102,509255.9,503546.7,499958.7,487055.2,502797.3,581079.1,517083.8,498248.9,491767.4,489003.7,484955.7,484846.6,481170.7,476571.5,451268.7,448233,448955.7,630539.8,683618.9,594691.2,612698.8,574633.9,572648.7,567275.8,566769,571159.9,561996.2,563064.4,552707.9,609863.4,932186.1,899804.6,675014.9,657505.3,782288.4,629319.9,609330.4,602686.4,592943.5,599459.2,742589.1,601156.1,639757.7,545684.9,530105.5,524985,601352.2,542326.9,477214.8,461670.3,456032.1,451914.6,443943.5,437078.3,437127,442712.4,435977.4,434320.8,676209.6,1816478.4,2525881.7,1679741.9,1613379.2,1590616.2,1547270.6,4875309.3,596653.5,459635.9,548177.1,2442520.9,1657859,1563637.2,1501374.7,1460687.4,814432.9,611512.1,543275.1,524660,522729.9,519001.4,517609.7,514043.3,515266.2,512723.3,511727.2,513852.9,513224.6,505475.1,511725.1,519695.5,505976.4,508345.6,509407.7,498510.7,496363.4,505465.7,492741.1,1813269.9,2022740.4,1507645.5,1492921.8,1454900.1,1446495.9,1464175.6,1421302.2,1415049,1453455.7,1412277.9,,,,,,,,,,,,,,,,,,,,,,,,,,,,,,,,,,,,,,,,,,,,,,,,,,,,,,,,,,,,,,,,,,,,,,,,,,,,,,,,,,,,,,,,,,,,,,,,,,,,,,,,,,,,,,,,,,,,,,,,,,,,,,,,,,,,,,,,,,,,,,,,,,,,,,,,,,,,,,,,,,,,,,,,,,,,,,,,,,,,,,,,,,,,,,,,,,,,,,,,,,,,,,,,,,,,,,,,,,,,,,,,,,,,,,,,,,,,,,,,,,,,,,,,,,,,,,,,,,,,,,,,,,,,,,,,,,,,,,,,,,,,,,,,,,,,,,,,,,,,,,,,,,,,,,,,,,,,,,,,,,,,,,,,,,,,,,,,,,,,,,,
4453561.46919071,3164129.92135877,4115280.60385289,8962086.80534387,6883032.65385802,9837544.85594621,7845000.41289093,6090172.34762743,3291193.06035669,5292339.60805594,5083207.86299169,5665925.46010302,5049299.5014558,6682855.47540726,7220060.91534432,5486665.00682346,4117199.25199946,6877849.83204869,8046287.88277569,4471305.4313954,4033153.26793467,4552849.6057986,5503272.47088149,5751517.39325601,6746032.32098525,4754661.87724026,6280208.75250397,7311356.75633128,5387608.18535144,4870127.80591003,3575120.8740339,5235474.13604598,5944561.56296375,6017193.30893683,4783888.68284377,6476300.33850852,4571552.04220339,6212193.58847054,7121060.74894355,3404739.32313027,3547176.95724772,4265769.79086157,5657694.98846636,6532451.1798701,6245681.70149563,6133786.1184117,6843180.0684677,7432487.83097623,7597961.40292841,2961495.00303659,16164.0208725016,995981.469975778,151292.968428844,1425436.18188658,44645.6961351135,1101917.83956194,1080700.15205368,30678.1870428051,88533.3873210804,40544.3448530947,851773.177475742,171317.126910203,981917.119032762,114029.729343857,134308.075270626,901087.46203275,131118.056159919,90949.6441984367,70805.2011447998,90002.3865276792,116825.308731599,100410.896385745,85388.3267187813,37865.1190747427,44425.1793473526,72330.1166588149,93290.9729610058,1183894.29715048,86792.0533290155,171030.52915979,188713.506589457,125276.817600243,70798.4926786345,139099.540759846,131089.271046066,34546.5394433525,53349.1435665924,46978.5503839548,153911.985588048,59299.2639535545,155747.720543905,100217.048413487,94888.9673563558,94909.0416674478,91775.6448408594,50755.4419956893,37979.7949507366,42464.3666840538,505197.836958299,149384.689400071,499175.860072324,288329.415498257,205642.433004907,74786.5668520164,213786.206426706,114359.569298915,112812.693833875,121709.367780426,117708.350046724,98294.3531091973,88764.6646866496,91858.7036305095,79041.3016234059,67836.1760967799,63785.8407454194,171220.589138398,154560.834281773,74762.7598418268,62868.2008668399,230419.774839169,222091.983561391,190091.764898167,183531.424582761,186057.056844907,177749.111220188,180496.229665885,178403.139163836,175924.712933592,173637.923789835,176375.936081113,131688.161924888,33287.3213783333,51222.1033501272,104780.651835102,107204.464380506,108092.061745944,111830.305863443,130149.292891792,110779.447067335,592661.623589239,435128.026531771,309576.777163131,318597.600295071,301340.365278368,298202.482341632,238912.864253802,54597.1130361101,673044.326884947,614810.125082253,330616.053854955,62664.7376284657,409167.513152363,348492.064345501,326648.826315646,332636.762778794,334855.893316978,347526.649038746,341484.72565327,223719.474228304,87600.1279590643,88233.2664677369,91115.1305495781,28126.7736278285,116530.173924563,130381.909591315,118080.790612191,109674.968338521,115388.12091666,109938.327599311,110342.529648414,107224.184778176,81740.1638119909,82923.2753236388,82884.2442634438,83948.202784614,87309.44382266,84282.1645617334,83588.7590013022,82191.4596037136,82020.3185694455,89501.952301736,82048.3598103379,84770.4123097597,16405.3932463281,12320.5585551594,14500.4473957798,39327.001139449,44549.1587910354,42086.3654585557,29682.5327827664,40862.8754207968,41006.9021589997,39562.4951825168,44265.4306654753,45463.1856034211,45099.690900148,47235.8025070908,18969.0154166677,153343.825081779,59119.882484566,70977.4774577589,85839.1555118577,60415.8463687761,51646.4977110958,47242.1382794123,39464.7156561684,35142.5502780382,26628.3355104211,40390.9839163808,53033.291220285,39330.8727209159,36927.0234382777,22151.0266852602,15882.0179885583,15999.1278581747,33092.0936035583,27945.3641253786,17347.0039219073,15619.4794624462,16232.5330976612,16986.9570174034,12838.6573739884,16093.2064966695,15065.9801908509,22045.5282802557,13187.7476823502,12186.9579633311,16018.0254102821,43387.444274941,64126.3932177869,78109.8466000144,69356.3938810098,80238.3733963301,77732.7497822579,138477.692103217,40039.0893149016,22118.8276786492,63770.5870278593,196483.794656879,165885.169276822,141032.605972914,122113.166798534,103383.055231181,41649.3779397324,25122.4428193421,28554.3965497824,16080.4846389101,19353.61086292,17323.0716688596,17193.845036007,9588.2238309988,9562.33646250864,12165.5035430333,15401.6053117127,16081.5627864818,13051.0368953752,15264.5830852554,25319.1708107601,36269.5115895492,28906.211859122,29800.5601893656,37616.6116852353,13672.887235125,11488.8550072572,20860.9813769897,11528.7144840852,42303.1824924424,77784.7057949055,72980.923215515,65716.7515052289,74916.2367261671,89123.4618623077,57402.3203038576,74331.9293780719,48904.1588052023,69142.2239655335,62525.3969367648,,,,,,,,,,,,,,,,,,,,,,,,,,,,,,,,,,,,,,,,,,,,,,,,,,,,,,,,,,,,,,,,,,,,,,,,,,,,,,,,,,,,,,,,,,,,,,,,,,,,,,,,,,,,,,,,,,,,,,,,,,,,,,,,,,,,,,,,,,,,,,,,,,,,,,,,,,,,,,,,,,,,,,,,,,,,,,,,,,,,,,,,,,,,,,,,,,,,,,,,,,,,,,,,,,,,,,,,,,,,,,,,,,,,,,,,,,,,,,,,,,,,,,,,,,,,,,,,,,,,,,,,,,,,,,,,,,,,,,,,,,,,,,,,,,,,,,,,,,,,,,,,,,,,,,,,,,,,,,,,,,,,,,,,,,,,,,,,,,,,,,,
,,,,,,,,,,,,,,,,,,,,,,,,,,,,,,,,,,,,,,,,,,,,,,,,,,,,,,,,,,,,,,,,,,,,,,,,,,,,,,,,,,,,,,,,,,,,,,,,,,,,,,,,,,,,,,,,,,,,,,,,,,,,,,,,,,,,,,,,,,,,,,,,,,,,,,,,,,,,,,,,,,,,,,,,,,,,,,,,,,,,,,,,,,,,,,,,,,,,,,,,,,,,,,,,,,,,,,,,,,,,,,,,,,,,,,,,,,,,,,,,,,,,,,,,,,,,,,,,,,,,,,,,,,,,,,,,,,,,,,,,,,,,,,,,,,,,,,,,,,,,,,,,,,,,,,,,,,,,,,,,,,,,,,,,,,,,,,,,,,,,,,,,,,,,,,,,,,,,,,,,,,,,,,,,,,,,,,,,,,,,,,,,,,,,,,,,,,,,,,,,,,,,,,,,,,,,,,,,,,,,,,,,,,,,,,,,,,,,,,,,,,,,,,,,,,,,,,,,,,,,,,,,,,,,,,,,,,,,,,,,,,,,,,,,,,,,,,,,,,,,,,,,,,,,,,,,,,,,,,,,,,,,,,,,,,,,,,,,,,,,,,,,,,,,,,,,,,,,,,,,,,,,,,,,,,,,,,,,,,,,,,,,,,,,,,,,,,,,,,,,,,,,,,,,,,,,,,,,,,,
-10357451.1,-3838080.2,-3405557.1,-4952032.7,-4228857.6,-5301842,-4691657.2,-2666700.8,-1033179.9,-4832149.3,-4252230.4,-4900519.5,-4597034.3,-3934594,-4832379.4,-4002056.6,-2481229.8,-3852967.1,-4462499.3,-2358575.3,-1880797.3,-2093722.9,-3204037.3,-3794712,-5690832,-4233689.7,-2693194.4,-2604921.1,-1802667,-2077962.6,-2260384.7,-2183688.5,-1732881.4,-2234711.8,-2844331.1,-2676139.3,-1671389.6,-2314183.1,-2570580.3,-1202591.1,-2075687.8,-2200984.8,-3027261.3,-3615091.7,-3664488.6,-2002172.9,-2833289.6,-3459891.5,-3420458.8,-469501.2,1093777.5,715397.1,497957.2,527499.4,1068874.1,677925.9,859845.5,1234070,1095274.2,1284795.1,913652.1,743591.5,596625.3,1157244.5,1124869,573187.6,853799.6,900033.4,974710.6,863018.8,1036174.5,1005600.2,1018639.6,994929.1,1073401.9,1056111.3,891938.6,524045.2,821259.5,774677.3,972848.9,1166078.1,1169143,1130681.5,1365335.9,1296716.3,1081996.3,1014735,776900.2,1178854.9,1216926.6,1293687.4,1343551.5,1344317,1280794.7,1285669.3,1250663.1,1202090.8,306184.1,1277501.1,465413.5,1375409.6,1480372,1567748.2,1309117,1268031.9,1603203.5,1544710.4,1532036.8,1578929.4,1522158.1,1516067.5,1376631.6,1361923.6,1280425.5,1026447.1,1033024.6,1125410.8,1076332.2,1383798.1,1401296.3,1350208.6,1358537.5,1328476.3,1279560.2,1489092.1,1519880,1472550,1493123.7,1464460.5,1354839.5,1158059.8,1035608.4,1155939.7,1300734.3,1258553.8,1209550.7,1158335.2,1309362.3,562412.5,1026474.3,1416771.6,1414689.6,943704,921633,994105.2,1094388.2,926956.9,1158617.2,1797091.9,1440280.8,1728985.9,1762124.7,1765447,1733215,1738808.7,1766400.1,1695058.3,1819465.9,1892964.3,1865809.9,1831001.3,1192751.2,1381381,1241298,1375920.8,1403158.5,1381680.6,1342986.5,1371592.9,1353056.8,1331611.3,1389643.7,1353009.7,1292384.9,1345934.5,1331593,1354885.2,1313416.1,1327562.7,1299301.1,1289304,1304567.5,1304731.5,1298724,1261127.7,1228666.4,1245323.6,1420974.5,1371771.2,1514416.6,1467765.5,1476436.5,1500291.5,1467779.7,1459008.5,1466228.1,1450856.7,1377483,1468379.7,1410371.8,1579050.9,1495911.1,1449209.3,1533128.3,1516571.8,1522423.4,1528824.4,1570741.4,1510833.7,1551672.7,1394489.9,1490146.2,1425667.2,1397792.6,1231208.6,1161780.8,1106095.1,1113282.1,1086513.2,1061000.2,1040968.1,1055794.4,1054309.4,1046544.8,1054113.9,1028061.4,1060824.3,974167.3,628629,1009201.8,1029993.5,1020925,1069419.8,-316781.6,1123730,1201839.9,1014357.6,392649,899121.8,881554.7,876820.4,887692,1211405,1309303,1280389.6,1262821.7,1230160.1,1253033.6,1271388.7,1230424.3,1229808.1,1195516.2,1230215.6,1194918.2,1244336.6,1221837.3,1184436.4,1179426.2,1158617,1155845.4,1163338.6,1194060.5,1207253.5,1178254,1151608.7,1018817.8,1082042.6,1173279.8,1181106.3,1169020.2,1221328.3,1148411.9,1204049.2,1228460.2,1148709.2,1190325.4,,,,,,,,,,,,,,,,,,,,,,,,,,,,,,,,,,,,,,,,,,,,,,,,,,,,,,,,,,,,,,,,,,,,,,,,,,,,,,,,,,,,,,,,,,,,,,,,,,,,,,,,,,,,,,,,,,,,,,,,,,,,,,,,,,,,,,,,,,,,,,,,,,,,,,,,,,,,,,,,,,,,,,,,,,,,,,,,,,,,,,,,,,,,,,,,,,,,,,,,,,,,,,,,,,,,,,,,,,,,,,,,,,,,,,,,,,,,,,,,,,,,,,,,,,,,,,,,,,,,,,,,,,,,,,,,,,,,,,,,,,,,,,,,,,,,,,,,,,,,,,,,,,,,,,,,,,,,,,,,,,,,,,,,,,,,,,,,,,,,,,,
-5903889.63080929,-673950.278641227,709723.503852892,4010054.10534387,2654175.05385802,4535702.85594621,3153343.21289093,3423471.54762743,2258013.16035669,460190.308055944,830977.46299169,765405.960103015,452265.201455803,2748261.47540726,2387681.51534432,1484608.40682346,1635969.45199946,3024882.73204869,3583788.58277569,2112730.1313954,2152355.96793467,2459126.7057986,2299235.17088149,1956805.39325601,1055200.32098525,520972.17724026,3587014.35250397,4706435.65633128,3584941.18535144,2792165.20591003,1314736.1740339,3051785.63604598,4211680.16296375,3782481.50893683,1939557.58284377,3800161.03850852,2900162.44220339,3898010.48847054,4550480.44894355,2202148.22313027,1471489.15724772,2064784.99086157,2630433.68846636,2917359.4798701,2581193.10149563,4131613.2184117,4009890.4684677,3972596.33097623,4177502.60292841,2491993.80303659,1109941.5208725,1711378.56997578,649250.168428844,1952935.58188658,1113519.79613511,1779843.73956194,1940545.65205368,1264748.18704281,1183807.58732108,1325339.44485309,1765425.27747574,914908.626910203,1578542.41903276,1271274.22934386,1259177.07527063,1474275.06203275,984917.656159919,990983.044198437,1045515.8011448,953021.186527679,1152999.8087316,1106011.09638575,1104027.92671878,1032794.21907474,1117827.07934735,1128441.41665881,985229.572961006,1707939.49715048,908051.553329016,945707.82915979,1161562.40658946,1291354.91760024,1239941.49267863,1269781.04075985,1496425.17104607,1331262.83944335,1135345.44356659,1061713.55038395,930812.185588048,1238154.16395355,1372674.3205439,1393904.44841349,1438440.46735636,1439226.04166745,1372570.34484086,1336424.74199569,1288642.89495074,1244555.16668405,811381.9369583,1426885.78940007,964589.360072324,1663739.01549826,1686014.43300491,1642534.76685202,1522903.20642671,1382391.46929892,1716016.19383387,1666419.76778043,1649745.15004672,1677223.7531092,1610922.76468665,1607926.20363051,1455672.90162341,1429759.77609678,1344211.34074542,1197667.6891384,1187585.43428177,1200173.55984183,1139200.40086684,1614217.87483917,1623388.28356139,1540300.36489817,1542068.92458276,1514533.35684491,1457309.31122019,1669588.32966589,1698283.13916384,1648474.71293359,1666761.62378983,1640836.43608111,1486527.66192489,1191347.12137833,1086830.50335013,1260720.3518351,1407938.76438051,1366645.86174594,1321381.00586344,1288484.49289179,1420141.74706733,1155074.12358924,1461602.32653177,1726348.37716313,1733287.20029507,1245044.36527837,1219835.48234163,1233018.0642538,1148985.31303611,1600001.22688495,1773427.32508225,2127707.95385495,1502945.53762847,2138153.41315236,2110616.7643455,2092095.82631565,2065851.76277879,2073664.59331698,2113926.74903875,2036543.02565327,2043185.3742283,1980564.42795906,1954043.16646774,1922116.43054958,1220877.97362783,1497911.17392456,1371679.90959131,1494001.59061219,1512833.46833852,1497068.72091666,1452924.82759931,1481935.42964841,1460280.98477818,1413351.46381199,1472566.97532364,1435893.94426344,1376333.10278461,1433243.94382266,1415875.16456173,1438473.9590013,1395607.55960371,1409583.01856945,1388803.05230174,1371352.35981034,1389337.91230976,1321136.89324633,1311044.55855516,1275628.14739578,1267993.40113945,1289872.75879104,1463060.86545856,1401453.73278277,1555279.4754208,1508772.402159,1515998.99518252,1544556.93066548,1513242.88560342,1504108.19090015,1513463.90250709,1469825.71541667,1530826.82508178,1527499.58248457,1481349.27745776,1664890.05551186,1556326.94636878,1500855.7977111,1580370.43827941,1556036.51565617,1557565.95027804,1555452.73551042,1611132.38391638,1563866.99122028,1591003.57272092,1431416.92343828,1512297.22668526,1441549.21798856,1413791.72785817,1264300.69360356,1189726.16412538,1123442.10392191,1128901.57946245,1102745.73309766,1077987.1570174,1053806.75737399,1071887.60649667,1069375.38019085,1068590.32828026,1067301.64768235,1040248.35796333,1076842.32541028,1017554.74427494,692755.393217787,1087311.64660001,1099349.89388101,1101163.37339633,1147152.54978226,-178303.907896783,1163769.0893149,1223958.72767865,1078128.18702786,589132.794656879,1065006.96927682,1022587.30597291,998933.566798534,991075.055231181,1253054.37793973,1334425.44281934,1308943.99654978,1278902.18463891,1249513.71086292,1270356.67166886,1288582.54503601,1240012.523831,1239370.43646251,1207681.70354303,1245617.20531171,1210999.76278648,1257387.63689538,1237101.88308526,1209755.57081076,1215695.71158955,1187523.21185912,1185645.96018937,1200955.21168524,1207733.38723513,1218742.35500726,1199114.98137699,1163137.41448409,1061120.98249244,1159827.30579491,1246260.72321551,1246823.05150523,1243936.43672617,1310451.76186231,1205814.22030386,1278381.12937807,1277364.3588052,1217851.42396553,1252850.79693676,,,,,,,,,,,,,,,,,,,,,,,,,,,,,,,,,,,,,,,,,,,,,,,,,,,,,,,,,,,,,,,,,,,,,,,,,,,,,,,,,,,,,,,,,,,,,,,,,,,,,,,,,,,,,,,,,,,,,,,,,,,,,,,,,,,,,,,,,,,,,,,,,,,,,,,,,,,,,,,,,,,,,,,,,,,,,,,,,,,,,,,,,,,,,,,,,,,,,,,,,,,,,,,,,,,,,,,,,,,,,,,,,,,,,,,,,,,,,,,,,,,,,,,,,,,,,,,,,,,,,,,,,,,,,,,,,,,,,,,,,,,,,,,,,,,,,,,,,,,,,,,,,,,,,,,,,,,,,,,,,,,,,,,,,,,,,,,,,,,,,,,
-14811012.5691907,-7002210.12135877,-7520837.70385289,-13914119.5053439,-11111890.253858,-15139386.8559462,-12536657.6128909,-8756873.14762743,-4324372.96035669,-10124488.9080559,-9335438.26299169,-10566444.960103,-9646333.8014558,-10617449.4754073,-12052440.3153443,-9488721.60682346,-6598429.05199946,-10730816.9320487,-12508787.1827757,-6829880.7313954,-5913950.56793467,-6646572.5057986,-8707309.77088149,-9546229.39325602,-12436864.3209853,-8988351.57724026,-8973403.15250397,-9916277.85633128,-7190275.18535144,-6948090.40591003,-5835505.5740339,-7419162.63604598,-7677442.96296375,-8251905.10893683,-7628219.78284377,-9152439.63850852,-6242941.64220339,-8526376.68847054,-9691641.04894355,-4607330.42313027,-5622864.75724772,-6466754.59086157,-8684956.28846636,-10147542.8798701,-9910170.30149562,-8135959.0184117,-9676469.6684677,-10892379.3309762,-11018420.2029284,-3430996.20303659,1077613.4791275,-280584.369975778,346664.231571156,-897936.781886575,1024228.40386489,-423991.939561936,-220854.652053679,1203391.81295719,1006740.81267892,1244250.75514691,61878.9225242576,572274.373089797,-385291.819032763,1043214.77065614,990560.924729375,-327899.86203275,722681.543840081,809083.755801563,903905.3988552,773016.413472321,919349.191268402,905189.303614255,933251.273281219,957063.980925257,1028976.72065265,983781.183341185,798647.627038994,-659849.097150482,734467.446670985,603646.77084021,784135.393410543,1040801.28239976,1098344.50732137,991581.959240154,1234246.62895393,1262169.76055665,1028647.15643341,967756.449616045,622988.214411952,1119555.63604645,1061178.8794561,1193470.35158651,1248662.53264364,1249407.95833255,1189019.05515914,1234913.85800431,1212683.30504926,1159626.43331595,-199013.736958299,1128116.41059993,-33762.3600723241,1087080.18450174,1274729.56699509,1492961.63314798,1095330.79357329,1153672.33070109,1490390.80616613,1423001.03221957,1414328.44995328,1480635.0468908,1433393.43531335,1424208.79636949,1297590.29837659,1294087.42390322,1216639.65925458,855226.510861602,878463.765718227,1050648.04015817,1013463.99913316,1153378.32516083,1179204.31643861,1160116.83510183,1175006.07541724,1142419.24315509,1101811.08877981,1308595.87033412,1341476.86083616,1296625.28706641,1319485.77621017,1288084.56391889,1223151.33807511,1124772.47862167,984386.296649873,1051159.0481649,1193529.83561949,1150461.73825406,1097720.39413656,1028185.90710821,1198582.85293267,-30249.1235892394,591346.27346823,1107194.82283687,1096091.99970493,642363.634721632,623430.517658368,755192.335746198,1039791.08696389,253912.573115054,543807.074917747,1466475.84614505,1377616.06237153,1319818.38684764,1413632.6356545,1438798.17368435,1400578.23722121,1403952.80668302,1418873.45096125,1353573.57434673,1595746.4257717,1805364.17204094,1777576.63353226,1739886.16945042,1164624.42637217,1264850.82607544,1110916.09040869,1257840.00938781,1293483.53166148,1266292.47908334,1233048.17240069,1261250.37035159,1245832.61522182,1249871.13618801,1306720.42467636,1270125.45573656,1208436.69721539,1258625.05617734,1247310.83543827,1271296.4409987,1231224.64039629,1245542.38143055,1209799.14769826,1207255.64018966,1219797.08769024,1288326.10675367,1286403.44144484,1246627.25260422,1189339.39886055,1200774.44120896,1378888.13454144,1342088.66721723,1473553.7245792,1426758.597841,1436874.00481748,1456026.06933452,1422316.51439658,1413908.80909985,1418992.29749291,1431887.68458333,1224139.17491822,1409259.81751543,1339394.32254224,1493211.74448814,1435495.25363122,1397562.8022889,1485886.16172059,1477107.08434383,1487280.84972196,1502196.06448958,1530350.41608362,1457800.40877971,1512341.82727908,1357562.87656172,1467995.17331474,1409785.18201144,1381793.47214183,1198116.50639644,1133835.43587462,1088748.09607809,1097662.62053755,1070280.66690234,1044013.2429826,1028129.44262601,1039701.19350333,1039243.41980915,1024499.27171974,1040926.15231765,1015874.44203667,1044806.27458972,930779.855725059,564502.606782213,931091.953399986,960637.10611899,940686.62660367,991687.050217742,-455259.292103217,1083690.9106851,1179721.07232135,950587.012972141,196165.205343121,733236.630723177,740522.094027086,754707.233201466,784308.94476882,1169755.62206027,1284180.55718066,1251835.20345022,1246741.21536109,1210806.48913708,1235710.52833114,1254194.85496399,1220836.076169,1220245.76353749,1183350.69645697,1214813.99468829,1178836.63721352,1231285.56310462,1206572.71691474,1159117.22918924,1143156.68841045,1129710.78814088,1126044.83981063,1125721.98831476,1180387.61276488,1195764.64499274,1157393.01862301,1140079.98551592,976514.617507558,1004257.89420509,1100298.87678448,1115389.54849477,1094103.96327383,1132204.83813769,1091009.57969614,1129717.27062193,1179556.0411948,1079566.97603447,1127800.00306324,,,,,,,,,,,,,,,,,,,,,,,,,,,,,,,,,,,,,,,,,,,,,,,,,,,,,,,,,,,,,,,,,,,,,,,,,,,,,,,,,,,,,,,,,,,,,,,,,,,,,,,,,,,,,,,,,,,,,,,,,,,,,,,,,,,,,,,,,,,,,,,,,,,,,,,,,,,,,,,,,,,,,,,,,,,,,,,,,,,,,,,,,,,,,,,,,,,,,,,,,,,,,,,,,,,,,,,,,,,,,,,,,,,,,,,,,,,,,,,,,,,,,,,,,,,,,,,,,,,,,,,,,,,,,,,,,,,,,,,,,,,,,,,,,,,,,,,,,,,,,,,,,,,,,,,,,,,,,,,,,,,,,,,,,,,,,,,,,,,,,,,
,,,,,,,,,,,,,,,,,,,,,,,,,,,,,,,,,,,,,,,,,,,,,,,,,,,,,,,,,,,,,,,,,,,,,,,,,,,,,,,,,,,,,,,,,,,,,,,,,,,,,,,,,,,,,,,,,,,,,,,,,,,,,,,,,,,,,,,,,,,,,,,,,,,,,,,,,,,,,,,,,,,,,,,,,,,,,,,,,,,,,,,,,,,,,,,,,,,,,,,,,,,,,,,,,,,,,,,,,,,,,,,,,,,,,,,,,,,,,,,,,,,,,,,,,,,,,,,,,,,,,,,,,,,,,,,,,,,,,,,,,,,,,,,,,,,,,,,,,,,,,,,,,,,,,,,,,,,,,,,,,,,,,,,,,,,,,,,,,,,,,,,,,,,,,,,,,,,,,,,,,,,,,,,,,,,,,,,,,,,,,,,,,,,,,,,,,,,,,,,,,,,,,,,,,,,,,,,,,,,,,,,,,,,,,,,,,,,,,,,,,,,,,,,,,,,,,,,,,,,,,,,,,,,,,,,,,,,,,,,,,,,,,,,,,,,,,,,,,,,,,,,,,,,,,,,,,,,,,,,,,,,,,,,,,,,,,,,,,,,,,,,,,,,,,,,,,,,,,,,,,,,,,,,,,,,,,,,,,,,,,,,,,,,,,,,,,,,,,,,,,,,,,,,,,,,,,,,,,,,
,,,,,,,,,,,,,,,,,,,,,,,,,,,,,,,,,,,,,,,,,,,,,,,,,,,,,,,,,,,,,,,,,,,,,,,,,,,,,,,,,,,,,,,,,,,,,,,,,,,,,,,,,,,,,,,,,,,,,,,,,,,,,,,,,,,,,,,,,,,,,,,,,,,,,,,,,,,,,,,,,,,,,,,,,,,,,,,,,,,,,,,,,,,,,,,,,,,,,,,,,,,,,,,,,,,,,,,,,,,,,,,,,,,,,,,,,,,,,,,,,,,,,,,,,,,,,,,,,,,,,,,,,,,,,,,,,,,,,,,,,,,,,,,,,,,,,,,,,,,,,,,,,,,,,,,,,,,,,,,,,,,,,,,,,,,,,,,,,,,,,,,,,,,,,,,,,,,,,,,,,,,,,,,,,,,,,,,,,,,,,,,,,,,,,,,,,,,,,,,,,,,,,,,,,,,,,,,,,,,,,,,,,,,,,,,,,,,,,,,,,,,,,,,,,,,,,,,,,,,,,,,,,,,,,,,,,,,,,,,,,,,,,,,,,,,,,,,,,,,,,,,,,,,,,,,,,,,,,,,,,,,,,,,,,,,,,,,,,,,,,,,,,,,,,,,,,,,,,,,,,,,,,,,,,,,,,,,,,,,,,,,,,,,,,,,,,,,,,,,,,,,,,,,,,,,,,,,,,,,
,,,,,,,,,,,,,,,,,,,,,,,,,,,,,,,,,,,,,,,,,,,,,,,,,,,,,,,,,,,,,,,,,,,,,,,,,,,,,,,,,,,,,,,,,,,,,,,,,,,,,,,,,,,,,,,,,,,,,,,,,,,,,,,,,,,,,,,,,,,,,,,,,,,,,,,,,,,,,,,,,,,,,,,,,,,,,,,,,,,,,,,,,,,,,,,,,,,,,,,,,,,,,,,,,,,,,,,,,,,,,,,,,,,,,,,,,,,,,,,,,,,,,,,,,,,,,,,,,,,,,,,,,,,,,,,,,,,,,,,,,,,,,,,,,,,,,,,,,,,,,,,,,,,,,,,,,,,,,,,,,,,,,,,,,,,,,,,,,,,,,,,,,,,,,,,,,,,,,,,,,,,,,,,,,,,,,,,,,,,,,,,,,,,,,,,,,,,,,,,,,,,,,,,,,,,,,,,,,,,,,,,,,,,,,,,,,,,,,,,,,,,,,,,,,,,,,,,,,,,,,,,,,,,,,,,,,,,,,,,,,,,,,,,,,,,,,,,,,,,,,,,,,,,,,,,,,,,,,,,,,,,,,,,,,,,,,,,,,,,,,,,,,,,,,,,,,,,,,,,,,,,,,,,,,,,,,,,,,,,,,,,,,,,,,,,,,,,,,,,,,,,,,,,,,,,,,,,,,,,
,,,,,,,,,,,,,,,,,,,,,,,,,,,,,,,,,,,,,,,,,,,,,,,,,,,,,,,,,,,,,,,,,,,,,,,,,,,,,,,,,,,,,,,,,,,,,,,,,,,,,,,,,,,,,,,,,,,,,,,,,,,,,,,,,,,,,,,,,,,,,,,,,,,,,,,,,,,,,,,,,,,,,,,,,,,,,,,,,,,,,,,,,,,,,,,,,,,,,,,,,,,,,,,,,,,,,,,,,,,,,,,,,,,,,,,,,,,,,,,,,,,,,,,,,,,,,,,,,,,,,,,,,,,,,,,,,,,,,,,,,,,,,,,,,,,,,,,,,,,,,,,,,,,,,,,,,,,,,,,,,,,,,,,,,,,,,,,,,,,,,,,,,,,,,,,,,,,,,,,,,,,,,,,,,,,,,,,,,,,,,,,,,,,,,,,,,,,,,,,,,,,,,,,,,,,,,,,,,,,,,,,,,,,,,,,,,,,,,,,,,,,,,,,,,,,,,,,,,,,,,,,,,,,,,,,,,,,,,,,,,,,,,,,,,,,,,,,,,,,,,,,,,,,,,,,,,,,,,,,,,,,,,,,,,,,,,,,,,,,,,,,,,,,,,,,,,,,,,,,,,,,,,,,,,,,,,,,,,,,,,,,,,,,,,,,,,,,,,,,,,,,,,,,,,,,,,,,,,,,
,,,,,,,,,,,,,,,,,,,,,,,,,,,,,,,,,,,,,,,,,,,,,,,,,,,,,,,,,,,,,,,,,,,,,,,,,,,,,,,,,,,,,,,,,,,,,,,,,,,,,,,,,,,,,,,,,,,,,,,,,,,,,,,,,,,,,,,,,,,,,,,,,,,,,,,,,,,,,,,,,,,,,,,,,,,,,,,,,,,,,,,,,,,,,,,,,,,,,,,,,,,,,,,,,,,,,,,,,,,,,,,,,,,,,,,,,,,,,,,,,,,,,,,,,,,,,,,,,,,,,,,,,,,,,,,,,,,,,,,,,,,,,,,,,,,,,,,,,,,,,,,,,,,,,,,,,,,,,,,,,,,,,,,,,,,,,,,,,,,,,,,,,,,,,,,,,,,,,,,,,,,,,,,,,,,,,,,,,,,,,,,,,,,,,,,,,,,,,,,,,,,,,,,,,,,,,,,,,,,,,,,,,,,,,,,,,,,,,,,,,,,,,,,,,,,,,,,,,,,,,,,,,,,,,,,,,,,,,,,,,,,,,,,,,,,,,,,,,,,,,,,,,,,,,,,,,,,,,,,,,,,,,,,,,,,,,,,,,,,,,,,,,,,,,,,,,,,,,,,,,,,,,,,,,,,,,,,,,,,,,,,,,,,,,,,,,,,,,,,,,,,,,,,,,,,,,,,,,,,
407375.93501805,,,,,,,,,,,,,,,,,,,,,,,,,,,,,,,,,,,,,,,,,,,,,,,,,,,,,,,,,,,,,,,,,,,,,,,,,,,,,,,,,,,,,,,,,,,,,,,,,,,,,,,,,,,,,,,,,,,,,,,,,,,,,,,,,,,,,,,,,,,,,,,,,,,,,,,,,,,,,,,,,,,,,,,,,,,,,,,,,,,,,,,,,,,,,,,,,,,,,,,,,,,,,,,,,,,,,,,,,,,,,,,,,,,,,,,,,,,,,,,,,,,,,,,,,,,,,,,,,,,,,,,,,,,,,,,,,,,,,,,,,,,,,,,,,,,,,,,,,,,,,,,,,,,,,,,,,,,,,,,,,,,,,,,,,,,,,,,,,,,,,,,,,,,,,,,,,,,,,,,,,,,,,,,,,,,,,,,,,,,,,,,,,,,,,,,,,,,,,,,,,,,,,,,,,,,,,,,,,,,,,,,,,,,,,,,,,,,,,,,,,,,,,,,,,,,,,,,,,,,,,,,,,,,,,,,,,,,,,,,,,,,,,,,,,,,,,,,,,,,,,,,,,,,,,,,,,,,,,,,,,,,,,,,,,,,,,,,,,,,,,,,,,,,,,,,,,,,,,,,,,,,,,,,,,,,,,,,,,,,,,,,,,,,,,,,,,,,,,,,,,,,,,,,,,,,,,,,,,,,
1548963.71182929,,,,,,,,,,,,,,,,,,,,,,,,,,,,,,,,,,,,,,,,,,,,,,,,,,,,,,,,,,,,,,,,,,,,,,,,,,,,,,,,,,,,,,,,,,,,,,,,,,,,,,,,,,,,,,,,,,,,,,,,,,,,,,,,,,,,,,,,,,,,,,,,,,,,,,,,,,,,,,,,,,,,,,,,,,,,,,,,,,,,,,,,,,,,,,,,,,,,,,,,,,,,,,,,,,,,,,,,,,,,,,,,,,,,,,,,,,,,,,,,,,,,,,,,,,,,,,,,,,,,,,,,,,,,,,,,,,,,,,,,,,,,,,,,,,,,,,,,,,,,,,,,,,,,,,,,,,,,,,,,,,,,,,,,,,,,,,,,,,,,,,,,,,,,,,,,,,,,,,,,,,,,,,,,,,,,,,,,,,,,,,,,,,,,,,,,,,,,,,,,,,,,,,,,,,,,,,,,,,,,,,,,,,,,,,,,,,,,,,,,,,,,,,,,,,,,,,,,,,,,,,,,,,,,,,,,,,,,,,,,,,,,,,,,,,,,,,,,,,,,,,,,,,,,,,,,,,,,,,,,,,,,,,,,,,,,,,,,,,,,,,,,,,,,,,,,,,,,,,,,,,,,,,,,,,,,,,,,,,,,,,,,,,,,,,,,,,,,,,,,,,,,,,,,,,,,,,,,,,,
-734211.841793191,,,,,,,,,,,,,,,,,,,,,,,,,,,,,,,,,,,,,,,,,,,,,,,,,,,,,,,,,,,,,,,,,,,,,,,,,,,,,,,,,,,,,,,,,,,,,,,,,,,,,,,,,,,,,,,,,,,,,,,,,,,,,,,,,,,,,,,,,,,,,,,,,,,,,,,,,,,,,,,,,,,,,,,,,,,,,,,,,,,,,,,,,,,,,,,,,,,,,,,,,,,,,,,,,,,,,,,,,,,,,,,,,,,,,,,,,,,,,,,,,,,,,,,,,,,,,,,,,,,,,,,,,,,,,,,,,,,,,,,,,,,,,,,,,,,,,,,,,,,,,,,,,,,,,,,,,,,,,,,,,,,,,,,,,,,,,,,,,,,,,,,,,,,,,,,,,,,,,,,,,,,,,,,,,,,,,,,,,,,,,,,,,,,,,,,,,,,,,,,,,,,,,,,,,,,,,,,,,,,,,,,,,,,,,,,,,,,,,,,,,,,,,,,,,,,,,,,,,,,,,,,,,,,,,,,,,,,,,,,,,,,,,,,,,,,,,,,,,,,,,,,,,,,,,,,,,,,,,,,,,,,,,,,,,,,,,,,,,,,,,,,,,,,,,,,,,,,,,,,,,,,,,,,,,,,,,,,,,,,,,,,,,,,,,,,,,,,,,,,,,,,,,,,,,,,,,,,,,,,
,,,,,,,,,,,,,,,,,,,,,,,,,,,,,,,,,,,,,,,,,,,,,,,,,,,,,,,,,,,,,,,,,,,,,,,,,,,,,,,,,,,,,,,,,,,,,,,,,,,,,,,,,,,,,,,,,,,,,,,,,,,,,,,,,,,,,,,,,,,,,,,,,,,,,,,,,,,,,,,,,,,,,,,,,,,,,,,,,,,,,,,,,,,,,,,,,,,,,,,,,,,,,,,,,,,,,,,,,,,,,,,,,,,,,,,,,,,,,,,,,,,,,,,,,,,,,,,,,,,,,,,,,,,,,,,,,,,,,,,,,,,,,,,,,,,,,,,,,,,,,,,,,,,,,,,,,,,,,,,,,,,,,,,,,,,,,,,,,,,,,,,,,,,,,,,,,,,,,,,,,,,,,,,,,,,,,,,,,,,,,,,,,,,,,,,,,,,,,,,,,,,,,,,,,,,,,,,,,,,,,,,,,,,,,,,,,,,,,,,,,,,,,,,,,,,,,,,,,,,,,,,,,,,,,,,,,,,,,,,,,,,,,,,,,,,,,,,,,,,,,,,,,,,,,,,,,,,,,,,,,,,,,,,,,,,,,,,,,,,,,,,,,,,,,,,,,,,,,,,,,,,,,,,,,,,,,,,,,,,,,,,,,,,,,,,,,,,,,,,,,,,,,,,,,,,,,,,,,,,
256x256,,,,,,,,,,,,,,,,,,,,,,,,,,,,,,,,,,,,,,,,,,,,,,,,,,,,,,,,,,,,,,,,,,,,,,,,,,,,,,,,,,,,,,,,,,,,,,,,,,,,,,,,,,,,,,,,,,,,,,,,,,,,,,,,,,,,,,,,,,,,,,,,,,,,,,,,,,,,,,,,,,,,,,,,,,,,,,,,,,,,,,,,,,,,,,,,,,,,,,,,,,,,,,,,,,,,,,,,,,,,,,,,,,,,,,,,,,,,,,,,,,,,,,,,,,,,,,,,,,,,,,,,,,,,,,,,,,,,,,,,,,,,,,,,,,,,,,,,,,,,,,,,,,,,,,,,,,,,,,,,,,,,,,,,,,,,,,,,,,,,,,,,,,,,,,,,,,,,,,,,,,,,,,,,,,,,,,,,,,,,,,,,,,,,,,,,,,,,,,,,,,,,,,,,,,,,,,,,,,,,,,,,,,,,,,,,,,,,,,,,,,,,,,,,,,,,,,,,,,,,,,,,,,,,,,,,,,,,,,,,,,,,,,,,,,,,,,,,,,,,,,,,,,,,,,,,,,,,,,,,,,,,,,,,,,,,,,,,,,,,,,,,,,,,,,,,,,,,,,,,,,,,,,,,,,,,,,,,,,,,,,,,,,,,,,,,,,,,,,,,,,,,,,,,,,,,,,,,,,,
,,,,,,,,,,,,,,,,,,,,,,,,,,,,,,,,,,,,,,,,,,,,,,,,,,,,,,,,,,,,,,,,,,,,,,,,,,,,,,,,,,,,,,,,,,,,,,,,,,,,,,,,,,,,,,,,,,,,,,,,,,,,,,,,,,,,,,,,,,,,,,,,,,,,,,,,,,,,,,,,,,,,,,,,,,,,,,,,,,,,,,,,,,,,,,,,,,,,,,,,,,,,,,,,,,,,,,,,,,,,,,,,,,,,,,,,,,,,,,,,,,,,,,,,,,,,,,,,,,,,,,,,,,,,,,,,,,,,,,,,,,,,,,,,,,,,,,,,,,,,,,,,,,,,,,,,,,,,,,,,,,,,,,,,,,,,,,,,,,,,,,,,,,,,,,,,,,,,,,,,,,,,,,,,,,,,,,,,,,,,,,,,,,,,,,,,,,,,,,,,,,,,,,,,,,,,,,,,,,,,,,,,,,,,,,,,,,,,,,,,,,,,,,,,,,,,,,,,,,,,,,,,,,,,,,,,,,,,,,,,,,,,,,,,,,,,,,,,,,,,,,,,,,,,,,,,,,,,,,,,,,,,,,,,,,,,,,,,,,,,,,,,,,,,,,,,,,,,,,,,,,,,,,,,,,,,,,,,,,,,,,,,,,,,,,,,,,,,,,,,,,,,,,,,,,,,,,,,,,,
5655692.33333333,4250240.66666667,4093833.33333333,3984559.33333333,4066790.33333333,4266185.33333333,4421221.66666667,4696712.66666667,7063824.33333333,4568828.66666667,4669490.33333333,4974341,5244207.33333333,5494443,5665819,5692620,5768571.33333333,5756952,5807035.33333333,5772162.66666667,6459884.66666667,5958323,6188030,6194980.33333333,7348809.33333333,7187428.66666667,7238708.66666667,6739867.66666667,7194970.33333333,7088329.33333333,6776165.66666667,6475155.66666667,7578036.33333333,7334291.66666667,7596241,7578956.66666667,7716124.33333333,7257448.66666667,7196965,7011443,7281964,7875092.33333333,7257775.66666667,7493385,7349365,7784266,7199669.33333333,7452288,7216410.33333333,7753313.33333333,7239204,7063488,7407818,8177276,7647062,7694017,8128795.66666667,7331675,7916064.66666667,8807455.66666667,8785506.66666667,8613087.33333333,7722195.33333333,8286618.33333333,8049418.33333333,7778069,8660972.66666667,8321847.66666667,8176130.66666667,7907185,8147758.33333333,8582873,8740264.33333333,8973886.66666667,8320781.66666667,8254154.33333333,7801101.33333333,7773056,7657190.33333333,7861838,8362534.33333333,8770102.66666667,8802337.66666667,9578139,8369713,8776216.33333333,8726059.33333333,8729487.66666667,8130303.33333333,9476551.33333333,9210015,9034594.66666667,9008830,9030953.33333333,8805025.33333334,9805473.66666667,8736045,8323053,8155037.66666667,8840687.66666667,9255401,8372232.33333333,8142524.33333333,8192987.33333333,8176560.33333333,8383733,8303614.66666667,10290788,9026559.33333333,8512539.66666667,8528798.66666667,8644089.66666667,8383351,8233768.33333333,8591837.66666667,8549798.33333333,8324030.66666667,8281200,8178708.33333333,7945430,9360901.33333333,9119646,8571465.33333333,9931261.66666667,10355907.6666667,9822399.66666667,9569204,9424528,8861902.33333333,8823165.33333333,8913675,11404869,9704102.66666667,10038535.3333333,9954754,9959097,9612387,9397877.33333333,9349313,9702926.33333333,10078645.6666667,9601734.33333334,11037623.6666667,10034093.3333333,9622365.66666667,9413455.33333333,9663612.66666667,9392751.33333334,9470517.33333333,9889787.33333333,10021940,8962028,10052345,9674945,9281775.33333333,8551048.66666667,8340712.33333333,8164852,8162224.33333333,9100992.66666667,8870868.33333333,9275143.66666667,9207265.33333333,9631465,9986703.33333333,9900162.33333333,10817691,9745766.66666667,9992754.33333333,9983875.33333333,11873177.3333333,13103648,10900860.3333333,11048745.6666667,11198768.6666667,11607996.6666667,11686848.6666667,11762181.3333333,11888578,11507206.3333333,8784356.33333333,9939149.66666667,9146371.66666667,8873253.33333333,9788719,9617844,9205939,9150675,9198141.66666667,8922693,12239637,11650619,11335013,11433563.6666667,10764737,10768976.3333333,10305333.6666667,9918579.66666667,9484572.33333333,9589414.33333333,9599888,10252373,10425266.3333333,10932954.3333333,11606821.3333333,12609875,11944518,11517639.3333333,11454806.6666667,13177266.3333333,13623202.6666667,12682876.3333333,12451550.6666667,12397393,12205584.6666667,12299706.3333333,12260295.6666667,12421083.3333333,11894316.6666667,11772101.6666667,11751102,11885070,11705237.6666667,16672449.6666667,15732509.3333333,16650915.6666667,14911618,14785770.6666667,14609854.6666667,13810061,17612995.3333333,14502762.3333333,12441133.3333333,11905711,11892216.3333333,11606614.6666667,11608047,12387175,12360453.3333333,12255747.3333333,12239650.6666667,12815424,12941933,12888192,13065281.6666667,13930599.3333333,13964108.3333333,13524738.6666667,12780144,12590479.3333333,12404327,12112917,12312987.6666667,12202254,12178411.3333333,15189751.6666667,14824492.3333333,18363477,17392682.6666667,16235316.3333333,11535850.3333333,11393351.3333333,11552726,13816389.6666667,14163612.6666667,12544004.6666667,12474588.3333333,12023771.3333333,11985446.3333333,14942963,14801026.3333333,14701551.6666667,14747549.6666667,14542783,14550644.6666667,14437272.3333333,14127380,14075608.6666667,15162045,14759937.6666667,14590928.3333333,14472458.3333333,16341302.6666667,15354255.3333333,14677935,14491963.3333333,14590515.6666667,14712496.3333333,14810758.6666667,14876218.3333333,14528922,14341329.6666667,14383902.6666667,17198627,16618490.3333333,17159010,17053887,16892193.3333333,17026897.6666667,16536933.6666667,16982546,15948005,15361715.6666667,15350672.3333333,17385068.3333333,18503113.3333333,18415391,17701140.3333333,17643135.6666667,17656648.6666667,12846492.6666667,15879504,15543008.3333333,15609768,15485992,15412642.3333333,16199675,11215345.3333333,10509770,10372789,12388468.6666667,13397319.6666667,12966942.3333333,12927632,12854631.3333333,14403723.3333333,14298641,14023417.3333333,13951635.6666667,14975348,14531815.3333333,14706966.6666667,16705266.3333333,16950621.3333333,15843324,16198518.6666667,15992682,15949299,15980072.3333333,15899611,15912192.3333333,15434938.3333333,15389649,14908799.6666667,15180710.3333333,14780600.6666667,14984614.3333333,15049432.6666667,14043050.3333333,14183387.3333333,14163995,14807671.6666667,17592586.6666667,17289593.6666667,16608277.6666667,16494035.6666667,19153534,19874546.3333333,17620390.3333333,17543056,18288563.6666667,18415598.6666667,17580871.6666667,18941757.3333333,18518687.6666667,18327854,18298597.3333333,18010848.3333333,18151137,18158222.6666667,17787633.3333333,17624511.6666667,17790865,17609521.3333333,17764381.6666667,17764796.6666667,17491912.6666667,17385819.3333333,17472905.3333333,17285714.6666667,19233246.6666667,18739258,18535410.6666667,21493947,23799718,21212673,21163217.6666667,20928680.6666667,21165392.3333333,,,,,,,,,,,,,,,,,,,,,,,,,,,,,,,,,,,,,,,,,,,,,,,,,,,,,,,,,,,,,,,,,,,,,,,,,,,,,,,,,,,,,,,,,,,,,,,,,,,,,,,,,,,,,,,,,,,,,,,,,,,,,,,,,,,,,,,,,,,,,,,,,,,,,,,,,,,,,,,,,,,,,,,,,,,,,,,,,,,,,,,,,,,,,,,,,,,,,,,,,,,,,,,,,,,,,,,,,,,,,,,,,,,,,,,
1283800.95104122,604970.480812356,408795.568195563,199926.22552415,160183.613594941,175681.110394184,325225.829961787,385250.071015351,421055.095504535,366130.275577332,102773.809160376,301727.026577004,164608.525825163,168431.900648304,182039.553644256,236686.194669229,265220.497651168,236179.411374065,338660.783847692,267600.059058912,652707.611014559,296283.347132437,282373.224851437,148446.707815746,160984.621446688,98283.6306428153,254168.364704055,148090.476129741,283711.925675206,273124.746616511,316138.759835509,253391.995071536,299697.792346446,246925.310216133,630958.496504326,554760.146443788,500567.297046395,351029.457193172,275603.568893801,216757.24199897,370283.134672645,654850.669194385,551444.462553876,834579.977280189,1138557.87723023,280995.378163058,223412.603488105,272774.487023622,248627.749276571,299083.345723785,223947.957849586,357555.732668349,131151.283062729,426266.518563211,337332.328941357,136599.344994769,301404.537298849,216577.073525801,350491.346805215,255735.446006871,203458.06937139,348045.211368198,463476.973670034,362884.941231147,490309.688680872,114487.805621385,177662.294619127,244286.576218042,136781.477493604,237087.821211888,127714.712834244,302119.208967255,219885.089708996,304241.462073027,233145.442122151,314961.797576045,95549.3346985385,62818.2750081535,71354.7032040169,391240.70710114,508081.385660145,239257.234980122,93615.22355009,66196.0684557625,69700.8649085505,150779.875568105,57731.0182339904,981492.070111793,872402.768714275,924614.961348957,1086370.30938626,984886.233047418,816782.998551635,913554.638231526,1049271.31944142,1008265.18659395,1072735.86057193,1084896.83317401,778265.278980332,953964.497408752,1045611.40756641,261449.994611462,138536.798744353,126139.023955053,141995.402370405,178049.152098515,166941.130409295,348610.105706934,205175.559100818,71112.5835160932,172988.155722678,149619.346611103,103473.439857772,140634.690120657,169799.273945248,41825.8783689396,86332.3988102574,159836.338649883,160768.230830389,56110.4365247678,248239.557704515,156011.327447721,179796.435185277,827976.161105097,1818367.59435883,1235166.7372158,1375587.97880179,780453.225463256,754915.938235731,793500.225813663,968388.546853483,5060674.39938582,2370595.79659995,1416261.9190038,771075.528209786,439063.027180609,296810.251206052,249203.2605612,213321.35846886,246609.267734068,733533.911227922,514831.743832229,398425.49623403,294992.730656763,199450.763458888,284584.982710496,89780.6784688851,77130.8496085278,68384.8164751016,232661.750402453,146862.973165465,276131.207564448,164276.857469334,138583.263170558,136757.03945806,137163.320900062,25848.2565433983,100083.183057894,148089.356728744,94004.6938952164,130603.427659206,179948.925176933,74531.2472546471,206732.641401884,128548.988052545,182947.120076631,420802.257984674,119766.324249905,51178.2262425471,74616.7329848562,199436.656897205,160714.502609441,112701.920863548,300049.554357832,173878.631039968,175932.126788524,248572.689872265,127483.584858339,234071.066575944,144229.814824582,181120.955226979,175445.325227928,91348.4541759374,123397.097017447,82193.1712552813,133456.217554672,94225.8882261133,156794.920284428,53502.0606737099,213156.800794626,198635.160198289,395837.656466638,406967.669149528,310315.371177989,515604.648047319,698801.907614979,586961.424399707,492181.855050888,339826.912202864,359851.623535775,200260.284462496,249495.382209772,172114.599198712,162254.658365587,174693.021790607,326525.580974906,331378.346521012,147255.042838381,207157.709285301,81068.0572256011,148736.460568125,102514.862967929,138686.092274364,134338.352762716,108603.142258101,128206.77322331,66664.9161203502,174747.310171955,186815.248859223,149816.005975107,217778.940719712,400282.586517325,524789.593765285,228594.844949166,116548.113688439,386541.245207201,286202.788052458,490260.012487591,351237.216513759,265848.37610751,387920.301253148,359617.750983365,619165.120524673,415802.929614499,334513.876696219,230180.810017545,357994.684517801,286743.206156659,114812.030751718,218977.689505879,266365.554042435,362739.583548584,392833.447247049,448334.26118355,227353.253815144,1663084.44300863,1758683.49687979,1723423.16844161,397552.492478666,193310.901271329,362686.783639823,125843.959998087,218460.214048996,66222.789551634,221822.4169856,410670.992708681,755135.369351968,667638.90000209,657789.033000956,468090.047651446,484963.679271276,501628.273635302,643255.61054374,881982.755188747,657768.72965833,495000.012727609,546698.743591325,425078.907691658,429561.080034415,544241.468615724,624499.245276032,212399.02929706,270672.898800994,634805.612310572,801431.343753371,833539.64865286,259101.930181927,347893.330902352,250972.630067504,380222.292442636,241986.529774559,200378.614044347,339737.410254351,71224.3429617524,292493.606198495,311036.951679914,302518.244068574,372120.44007597,482948.597737206,513485.447358865,524190.044664147,284866.288186815,232425.254248185,274744.279942276,374840.886220185,368253.827419349,308763.824922869,621453.339527058,519415.847093957,310362.176963195,364651.05878497,388254.864783431,234482.916316591,257270.263787585,280069.329169285,285513.761898325,269489.834322187,245009.936199194,196307.072140393,240544.692908269,351420.306903761,415598.417984236,319538.830869322,429663.355329495,158266.726796886,319504.904745347,478660.752129313,390119.873001022,415569.510405901,401936.028959833,100701.686909075,202171.947078059,199316.820417478,520217.676519166,503073.587319324,422508.672446298,480926.580130481,494824.578058056,524495.679067362,359807.03206719,346320.681203611,294418.511052436,496500.511236729,685243.620297434,448159.434430427,778785.320487189,548518.354559809,627488.722621371,552532.356947838,616194.680464705,564907.522736539,255071.99963213,293529.649929952,229064.621695131,765297.297077635,371585.240912948,285143.401996843,453329.526610978,14355.1760815858,146381.238320808,326710.97779689,457023.054335701,885338.047643008,915160.872039629,361798.286240183,527707.103458285,640173.599177598,508145.690654101,1004977.40000078,806136.94602034,821967.261288023,815614.957961374,959898.029256407,1054771.17346007,1360293.56120263,1317464.96451936,1254889.22831035,786290.407221997,842506.913568666,865214.859542029,457046.861936862,531588.72419318,733817.377204983,568134.148537415,719853.858860487,548743.309448355,708850.798133383,641626.385978891,583000.519018923,573649.930578165,778220.362713758,798547.745218155,728993.840853497,557668.890582934,658926.518444204,792687.008665463,816746.921054701,780063.713810823,501018.777134484,,,,,,,,,,,,,,,,,,,,,,,,,,,,,,,,,,,,,,,,,,,,,,,,,,,,,,,,,,,,,,,,,,,,,,,,,,,,,,,,,,,,,,,,,,,,,,,,,,,,,,,,,,,,,,,,,,,,,,,,,,,,,,,,,,,,,,,,,,,,,,,,,,,,,,,,,,,,,,,,,,,,,,,,,,,,,,,,,,,,,,,,,,,,,,,,,,,,,,,,,,,,,,,,,,,,,,,,,,,,,,,,,,,,,,,
,,,,,,,,,,,,,,,,,,,,,,,,,,,,,,,,,,,,,,,,,,,,,,,,,,,,,,,,,,,,,,,,,,,,,,,,,,,,,,,,,,,,,,,,,,,,,,,,,,,,,,,,,,,,,,,,,,,,,,,,,,,,,,,,,,,,,,,,,,,,,,,,,,,,,,,,,,,,,,,,,,,,,,,,,,,,,,,,,,,,,,,,,,,,,,,,,,,,,,,,,,,,,,,,,,,,,,,,,,,,,,,,,,,,,,,,,,,,,,,,,,,,,,,,,,,,,,,,,,,,,,,,,,,,,,,,,,,,,,,,,,,,,,,,,,,,,,,,,,,,,,,,,,,,,,,,,,,,,,,,,,,,,,,,,,,,,,,,,,,,,,,,,,,,,,,,,,,,,,,,,,,,,,,,,,,,,,,,,,,,,,,,,,,,,,,,,,,,,,,,,,,,,,,,,,,,,,,,,,,,,,,,,,,,,,,,,,,,,,,,,,,,,,,,,,,,,,,,,,,,,,,,,,,,,,,,,,,,,,,,,,,,,,,,,,,,,,,,,,,,,,,,,,,,,,,,,,,,,,,,,,,,,,,,,,,,,,,,,,,,,,,,,,,,,,,,,,,,,,,,,,,,,,,,,,,,,,,,,,,,,,,,,,,,,,,,,,,,,,,,,,,,,,,,,,,,,,,,,,,
3166957.33333333,2136680,1424929,715850.666666667,320466,1863582.66666667,3347607,1906877,3924906,4442174.66666667,4166340.33333333,1723370.33333333,1875150,2244656.66666667,2448412,2164249.66666667,2114254.66666667,1995243,1832890.66666667,1861865.66666667,2227738.66666667,2054647.33333333,5898565,4096408.33333333,4656602,5635484.66666667,3747152.33333333,1635852.66666667,3227415,3150772,1722429,5828006,5542287.33333333,2203102,5307666.66666667,3429854.33333333,2112261.33333333,1665014,2982861,1539267,2174227.33333333,2661418.33333333,4044553.66666667,5239363.66666667,4243771,3594391.33333333,1388098.66666667,3059578,1431817.33333333,3076882.66666667,3258258.33333333,4191722.66666667,5872860,5957320.66666667,2665064,4747652.33333333,5268766,8905781,8736599.66666667,5068230,5118860.66666667,6563377.33333333,6864806.33333333,5970918,2842623.66666667,3434982,3244869.33333333,2666346.66666667,7602776,6487821.66666667,9413224,7115938.66666667,3629166,5849746.66666667,3497139.66666667,3852412,4527594.66666667,4243886.33333333,6366892.66666667,5986521.66666667,5596810.66666667,4034395,6357281,5086132,8117764.33333333,6874251.33333333,9065490.33333334,10597766.3333333,6101736.66666667,7088333.33333333,8243121.33333333,6658144,4237825.33333333,4183639.33333333,6258434,10545060,10994846.6666667,10633553,9376263,7985903,10081467.6666667,8295824.66666667,6166720.66666667,4961641.66666667,6109250.66666667,6503336.66666667,7805725,11399430.6666667,13331386,10296559.6666667,14351982,9848467.66666667,7948599,6092122.33333333,7557827.66666667,11732953,10476893.6666667,10352229,10664789.6666667,9224520.33333333,9114913.33333333,11876190.6666667,9668772,9215185,7673042.66666667,5731459.33333333,8661511.66666667,10684956.6666667,7133759.66666667,7248821.66666667,8870755.66666667,7807294,5660108.66666667,8180448,12029750.6666667,5803809.33333333,6329658.66666667,8182189.33333333,4970561.33333333,8107740,8925530.66666667,7943846.33333333,6432875.66666667,7676593,7030362.33333333,5379240.66666667,7061116.66666667,11190705.6666667,11171109.3333333,11017165,7979471.66666667,9939918,4756971,7170149.66666667,8098553.33333333,9087514.33333334,8830374.66666667,8760589,8780408.66666667,8536931.33333333,6986890.66666667,6599682.66666667,6034740.66666667,6046812,6196040.33333333,7858233.33333333,9169209,11107843,9975565,7640524,7886730.33333333,10442618,5534238.66666667,5004648,5716216.33333333,5896012.66666667,6554397.66666667,6171374.66666667,7638893.66666667,5355232.66666667,3975740,3523898.33333333,3422033,3399577.33333333,5848938.66666667,3789421.66666667,3415174.33333333,3400695.66666667,3405593.66666667,4245446,6420380.66666667,5132600,5672084,4556940.66666667,3748121.66666667,3797172.33333333,4158957,4515057,4263459,4408784,3833307,4068030.66666667,3942818,4874857.66666667,6639137,5487547.33333333,5300645.66666667,5257197.66666667,5174973.33333333,5580139,6524460.66666667,5828585.66666667,5931490.33333333,5850291.66666667,5823649.33333333,5687316.66666667,5678487.66666667,5548889.33333333,4802611.66666667,4709054,4898390.66666667,5100198.66666667,5047951,11924622,6356813.33333333,7598117.66666667,6188894.66666667,6153625,6275397.33333333,6174196.66666667,9945889,6493509.66666667,5395294.33333333,5184388.66666667,5100780.66666667,5053733.66666667,5039541,4934248,4946404,4891148.33333333,4981262.66666667,5104917,5178226,5190957,5177849,5115644.66666667,5113149.66666667,5109953,5074946,5074569.66666667,5206847.66666667,5151180.66666667,5151845.66666667,5150906,4994606,7925471.66666667,6823544.66666667,7773966.33333333,7899423.33333333,6991256.66666667,4939387,4735715.33333333,4702365.66666667,5566804,6678513,4836726.66666667,4850994.66666667,4922305.66666667,4860438.66666667,8251153,8515272.66666667,8136944,7799459.33333333,7822622.33333333,7801311.66666667,7797547.33333333,7744965.66666667,7757838.33333333,6407532.33333333,6244826.66666667,6227629.33333333,7923483.66666667,7331325.33333333,7254459.66666667,6862088.66666667,6926857.33333333,6886692.66666667,6858031.33333333,6876978.33333333,6885555,6775980.66666667,6721404,6663074,6310394,6846908.33333333,6575487,6461245,6437370.33333333,6396013.33333333,6450998.33333333,7701413.66666667,6637947,7272050.33333333,7824639.66666667,7854416,9180386,9513396.66666667,8899403.66666667,8848931.33333333,8862182.66666667,6389776,6956652,6921427.33333333,6877297,6871739,6815561.33333333,6095518,5306913.66666667,5296850.33333333,5295273.66666667,5726117.66666667,6081927.33333333,6014591.66666667,5976003.66666667,5948099,6605244.66666667,6576679.66666667,6490923.33333333,6432742,6731749.66666667,6665878.66666667,6649678,6991215.33333333,7770481.66666667,6839133.66666667,7288699,6941523.66666667,6941420,6863725,6857694,6868275,6781385.33333333,6802754.66666667,6503524.33333333,6420272.66666667,6372707.33333333,6313037.66666667,6305249,6074808,6092469.33333333,5987306.33333333,6262441.33333333,7520244,7537768,7185187.66666667,7178725.33333333,12293894,9863116.66666667,7560077.33333333,7769118.66666667,7760029.33333333,7686398,7376826.33333333,7797236,7679582.33333333,7622365.33333333,7554084,7590198,7564915.66666667,7478291.66666667,7491748,7484327.66666667,7439518.33333333,7465622.66666667,7425061.33333333,7376975.66666667,7421431.66666667,7541765.33333333,7401627,7368692,9042727.33333333,9377852.33333333,8166149,10215564,11499643.6666667,8696262.66666667,8564783,8472844.33333333,8434945.33333333,8424763.66666667,8458137.66666667,8448576.33333333,8328983.66666667,8283228,8260529,8513226,13904465.6666667,16814395.3333333,10276856,10334291.3333333,10080792,10073693.3333333,10260676.3333333,9769912.66666667,9089431.66666667,9494618.33333333,9105690,9036106,9069375,9244902.66666667,8981019.66666667,9070050,9034925.66666667,9034228.33333333,9053081.33333333,9028963.33333333,9236224.66666667,9141985,9108128.33333333,9135778.66666667,9074062,9197217.66666667,9158410.66666667,9097041,9071469.33333334,9039286.66666667,9044030.66666667,9037546,9133624.66666667,9068613.66666667,9004639.33333333,9163470.66666667,10369743.3333333,10759178,10556433.6666667,12036072.6666667,12552756.3333333,10608969,10206196.3333333,10010827.3333333,9980132.33333333,8530665.33333333,8612790.66666667,8557038.33333333,8504267.33333334,8445311,8226926,8172725.66666667,8332690.66666667,8231753.66666667,8182997.33333333,8239812.66666667,8186989.66666667,8225404.66666667,8182006.33333333,8159209.33333333,8178053.33333333,8340076.33333333,8270239.33333333,8300979.66666667,8245968.33333333,8287074,8138883.66666667,8228030.66666667,8068676,8076149,7940267.66666667,7915763.33333333,7933789.33333333,7959359,7914688.66666667,7881227.33333333,7849820.66666667,7855648.66666667,7862227.33333333,7812103,7812559.66666667,7784368,7773459,7751344.66666667,7752216.66666667,7787724,7799914,7955956.66666667,7737351.33333333,7698697,8574167.66666667,8380720.33333333,8364537.66666667,8437223.33333333,8420683,8619952.33333333,8558128,8309650,8352056.66666667,8300619.66666667,9185601.66666667,9638157.33333333,8563384.66666667,8544677.33333333,8526752,8494636,8711161,8520681,8484360.33333334,8504940.66666667,8548182.66666667,8561167.33333333,8529064.33333333,8552232.33333333,8770331,8743544.33333333,8735761,8631298.33333333,8683040,8684055,8668257.33333334,8605755,8580223.66666667,8557256,8686372.33333334,8616625.33333333,8679789,8611868.33333333,8565276.33333333,8625191.33333333,8580084,8557747,8489349,11414009,9972192,10535096.6666667,10404647.6666667,10407207,8888814.33333333,8772095.33333333,8623044,8599039.33333333,8576772.33333333,8551137.33333333,9083573.66666667,8573232.33333333,8581063,8671771,8757751,8638131.66666667,8614230,8627876.66666667,8665554.66666667,8607367.66666667,8602880,8543102.33333333,8779910,8604907,8641732.33333333,8591125.66666667,8559956.66666667,8658165.33333333,8674967.33333334,8661866.66666667,10054053.6666667,9765392.33333333,8352406.33333333,8340868.66666667,8295115.66666667,8321966.66666667,8288279,8329232,8397003,15122931.6666667,12397191.3333333,10462001.6666667,9919567.33333333,10434005,10373233,9900561.33333333,9861338.66666667,10199707.6666667,10044423.3333333,9984867.66666667,9854786.33333333,9955559.66666667,9890185.66666667,9831486.66666667,9775071.66666667,9759653.33333333,9720873.33333333,9746349,9693463,9713520.33333333,9748289.33333333,9707257.33333333,9690523,9657115.66666667,9595813,9586281.66666667,9622744.33333333,9611113,9618707.33333334,9643451,9675947.66666667,9724073.33333333,9706069,9705429.33333334,9759443.33333333,9704493.66666667,9707822.66666667,9714281.33333333,9663204,9814325.33333333,9738284.33333333,9715292.33333333,9670503.33333333,9715326,9735992,9644410.66666667,9652289.33333333,9696744.33333333,9709117,9898008
510611.173734314,2480846.40392266,1679110.40201084,651764.6054185,31024.0852886914,2641085.32157621,5289324.74124278,2815897.27048538,1420099.38400698,3143143.8893252,5406679.42880474,917870.295021216,108993.16318467,109677.950201184,88283.2336913414,14506.9767468392,86704.9163677201,13771.9894350816,110715.042412191,46253.0871438149,61086.0017134313,63262.6623003912,6049846.18210381,3373227.95887712,4856314.339282,6212748.17603372,2849022.93514045,26959.096838235,2212411.51962016,2143344.63490056,608283.524681542,4764671.98459443,4509220.51235381,44095.5672261963,6058879.77627955,2143890.38825434,68368.0461716827,128397.815137174,2330117.1001999,42248.8435699724,1034127.51796011,539594.483241196,4694859.95040718,3499846.00509256,2541752.69585044,2184699.16740048,26984.4664452224,2282330.18971993,16353.6458422375,2447057.38882772,2821735.35222996,2385590.60648728,4149837.85469276,4761571.9592238,1151938.58326432,4952201.62346469,2900318.20738122,3531835.88260001,4191380.84518806,2271851.59727017,1393501.55889627,4383793.68051205,5723004.13931157,4032634.16736059,1951043.55670122,2304025.21387853,1957406.95498824,542148.852538981,4821754.70812743,4913664.79620755,6533821.97921775,4545547.89682854,2497718.6278226,3242689.51123559,2262971.62713816,1981001.22185803,2273025.30698722,2064944.01305516,4401845.88502157,6638796.21511779,3537545.47887901,1631428.50857033,1115495.79529598,2197373.74751133,6852956.54097984,2899429.74243166,7287550.43046635,7361213.96688809,6403238.43218542,5358613.03798794,5059779.30880551,4137787.89934078,2014206.11125384,1797361.82675952,4637634.90462574,7335865.95102194,7635480.83330161,7392483.1271543,6713979.12458268,7341529.76844826,6805733.39712336,4980343.55795565,4334131.72779397,2311719.54850439,4083562.87804833,5163744.08440487,4652555.15105442,6665426.79006621,2880439.7600554,5198870.85089256,2597769.4396449,3797921.56812332,2827509.69072981,623984.748584718,2658461.65120081,5341754.19670393,3759536.94255361,3383242.58298145,4334932.51096835,5229304.90594078,2290769.36069093,1211260.24775906,5311850.30112154,5671686.87548519,4192479.32659439,4169650.52158407,4028489.7493375,4936431.73884956,2344629.55390598,2957047.80692202,5701951.89029865,6605661.54282552,265453.052665313,2521969.09026994,10217502.3823694,2250630.50078247,3850001.98623979,5901102.96641842,1764856.20744307,2109438.12618361,4942958.31440852,1983803.66649281,1237799.75877253,3764612.70484588,404265.049226783,1825155.51653012,3513795.66923353,7082794.74119054,6805753.29894468,6376358.69759842,3687167.93146737,9349164.43745707,1296185.68927874,3862585.42973101,5855261.15497185,5547418.35132355,5682089.92233142,5640762.53776376,5797000.48306522,6458929.80032988,4922233.2918317,1366848.64864634,522179.458401356,83149.9971797955,66620.1437579756,2244687.03246139,2257578.49935434,4619413.8091036,4099057.63983736,2840727.23015146,1291231.07551566,3398906.39677338,2545404.1114421,777496.79464484,725862.018075979,866562.41377141,930386.092384411,1503210.778464,2086999.67145669,393885.03531022,1572203.49751169,337960.770070038,457376.703228313,364717.821308931,1552538.7940423,246270.918596438,24033.9314581142,47146.6526100564,43426.3139620822,582557.077829289,517760.763880707,266999.425960057,2832282.81027884,241418.546011555,108230.973396405,131968.842801372,579291.438803475,1132059.23048708,1196265.19814839,1009555.35825085,273162.767007145,485303.866661222,543306.689617384,757880.182849726,770389.113506285,142307.494997043,404982.498197556,397760.793142478,298081.151972635,376755.817660458,920378.747995809,268747.597705232,321107.743152253,349125.636804766,340215.417154093,173078.566025182,197981.895541823,190573.618830974,245353.986746361,328470.974819694,439100.731639488,238728.241652163,270981.916142019,2762713.51182547,768063.449793266,1980996.14154327,303014.818407175,226029.617039449,476708.91857226,123966.66594425,20761.8081100852,275783.466390452,113919.281143858,50842.236667296,45035.0590355262,115290.793285211,156635.599950969,191085.127634256,116670.498897536,151117.917820268,69032.3402857917,291379.709260957,249883.160346991,296739.094706107,306639.125254753,288653.227846725,291360.800298073,281984.745972189,307459.43229636,302358.972232235,386803.912618957,358567.301178361,363746.312620944,388418.93345845,326523.021725881,1464828.78882835,1129172.03345873,665052.371870316,661682.673367176,331702.052375823,352467.299721549,379881.34686285,344528.240213097,743944.360438333,1363540.70222454,95731.1739003201,113499.173038103,60317.26314525,46976.7865688292,213451.992745441,143882.056561384,171203.769546701,438410.21406935,392800.633724455,398330.966624908,538307.216674952,449107.206771761,370908.387791828,156298.430773739,243453.875024271,197750.458837226,551092.423448493,357093.741431201,435283.419636371,555101.332101026,481741.26195535,602091.090259882,620765.567835663,720020.928915496,678356.159781129,562164.999883783,486944.348905499,464130.450516878,139950.55395746,68272.5664768312,378369.778736357,276311.217964454,255566.709738051,323363.01441311,286017.697704763,19660.871835535,39037.0438045711,316889.332597886,1106901.96655546,1613125.22347399,691068.70780625,319482.600241912,979419.889996284,914885.640381536,1026770.72045921,499492.326763885,1286916.9149782,1416101.56469419,1406491.05953824,1385323.23261577,1378100.80971507,131192.405409002,71531.5846345748,510583.610563768,562284.250617366,1012229.09703798,1054534.26064796,975824.421191811,953930.304349502,914943.938581485,1415670.18958172,1560697.07134227,1596683.30942687,1657613.37763756,1667885.2291178,1698881.08214387,1723800.95829768,1498455.54422723,790878.792515221,1571095.11615317,1394645.08404146,1620973.09596993,1551945.59294551,1620456.71962598,1607088.654894,1600624.39549602,1644604.47789805,1614857.58072789,1332856.11847278,1186229.6460055,1120028.87741582,1155003.38433891,1144766.96676791,1137240.29275611,1271286.05140516,1162949.39454661,1141011.26046868,703835.21479889,656262.215137364,888641.684866478,922208.623376692,2752112.94197004,90419.0803776135,149206.788244816,335060.318602984,256311.603085645,313589.370774904,93224.9940752658,110727.698869795,145502.082226796,293644.670972135,178497.028445854,111076.145197788,156606.255508308,98180.280761125,111020.551953231,39103.5593818943,89855.1199728392,85547.6756220374,57399.195990304,61158.4295770692,47256.5997754106,243201.542064053,73306.1217907482,80934.5482967564,1582176.91046745,2366894.97206368,972964.792432388,1897027.24424585,78025.954081532,130646.939192364,278025.502871589,294060.407655185,319780.260998601,322860.305550765,308715.649807931,325293.954420203,332676.959205673,381874.966610801,368863.585574667,172921.830709717,2470231.50325477,1011486.68451756,501296.27402964,392012.4767585,942284.571418316,1000398.81255144,1016582.43753585,770967.294359711,73531.3662482436,732496.228998712,61092.7911541125,33469.1342732375,153156.610252382,445660.415081184,111426.398489466,215884.241289169,193855.333755183,256767.626846402,196058.772949168,188468.592211894,382227.725480941,315460.679107555,287479.835566485,267083.099430371,255772.38614831,387971.359309335,311310.767075817,336450.708516121,268750.551361915,292719.135903913,303167.79253795,307158.51673688,448487.72995962,232183.470146635,95797.4036460975,300580.940840123,2405939.64052641,2546097.79842389,2397667.6336474,2763341.83544967,4038097.64589247,2441331.03555233,2102340.95428342,2377733.88774823,2278640.9829568,95806.3959990842,312384.350775344,387926.83851125,411001.626513002,247512.197428733,127235.88687159,118494.342300944,293642.2675337,240218.086549147,171540.541693016,197975.336096023,159280.689778558,182804.369866624,159614.431272154,121611.352785558,116988.301232787,290246.152092208,311668.557590164,386764.373174848,378005.52841504,455254.829751426,267338.571443279,240762.66443187,147054.404068698,394072.606159068,254333.448854714,199804.134242346,184215.102014828,170041.663868006,184125.534167136,192144.808137856,195808.502681404,189422.215002183,239561.550609302,196917.400305306,200713.907466158,166022.596121733,183979.244234234,192764.717099197,190518.199092195,188832.459963853,161212.226332248,370395.112885326,129474.390928605,173277.723764482,92594.7791310792,78452.6265483402,152348.110882063,201221.028459586,174217.925128271,429226.953110279,459545.91270514,105310.451223988,103044.827411828,52428.1871166011,241669.687810311,34250.2202377347,38347.0395510962,33257.4518316322,28938.7632251276,128192.044710271,171899.810366388,52232.487601109,96223.9633892376,68701.1625617306,55603.4655874374,30633.2127654501,51205.5032328883,160677.606910028,170932.443649531,130332.718050125,177861.845680854,60510.7157562471,109947.574998269,83221.1329651309,50353.5109434619,79699.8583499369,110689.537899177,57231.2056486669,262437.511850599,226043.721050449,159053.010977473,118222.594094079,89789.976998178,247898.862257037,144683.142076055,133059.302068664,96708.8924504877,3179416.09546218,166788.885253185,2722924.58258585,2893025.81442291,2895739.88334363,339982.442372152,229884.495850271,139852.097377909,181119.856151481,197954.215568483,244656.179473017,865381.856336458,169188.835010864,210645.148387045,202972.948749335,206079.669499444,172239.323966199,215090.658167667,177792.371338968,296889.345188293,327373.033951077,231954.552470953,206306.113802605,643724.303038964,429234.84946006,473578.408148359,387650.723373933,397079.022143368,333614.726805238,357738.499829601,369061.433760469,2752320.29855835,2403659.4776907,22551.3332274022,21366.9427933276,6808.19229556079,49796.413428412,51877.5885811976,88817.5661172946,171943.640580279,66696.3611101335,1067244.20406453,847087.90551237,317431.968538667,853809.563686774,872859.218479131,107786.90672959,188066.51714841,323376.220125001,326342.787238102,271342.440621318,145493.143392853,214258.914403423,151986.05255198,24978.5685405176,16130.6696182562,40350.0806484118,19742.5167173117,36318.8803792187,72261.1889467645,52796.8110053376,75094.4692393077,66634.3492302081,35347.71551317,39960.1617405802,25812.9949444074,29657.8843536307,62335.0607149246,95852.1585568108,62193.995508677,115183.59547696,303639.229826011,361119.730416843,374671.052413981,358461.122174126,400555.891013144,368813.849390629,372087.015422916,472432.006612945,393820.007888121,345226.636959452,365223.098714106,445982.17389525,414415.467817423,491596.66550232,388795.400451188,419903.207687597,342502.751617171,332312.749123974,349254.081675505,618885.746516269
,,,,,,,,,,,,,,,,,,,,,,,,,,,,,,,,,,,,,,,,,,,,,,,,,,,,,,,,,,,,,,,,,,,,,,,,,,,,,,,,,,,,,,,,,,,,,,,,,,,,,,,,,,,,,,,,,,,,,,,,,,,,,,,,,,,,,,,,,,,,,,,,,,,,,,,,,,,,,,,,,,,,,,,,,,,,,,,,,,,,,,,,,,,,,,,,,,,,,,,,,,,,,,,,,,,,,,,,,,,,,,,,,,,,,,,,,,,,,,,,,,,,,,,,,,,,,,,,,,,,,,,,,,,,,,,,,,,,,,,,,,,,,,,,,,,,,,,,,,,,,,,,,,,,,,,,,,,,,,,,,,,,,,,,,,,,,,,,,,,,,,,,,,,,,,,,,,,,,,,,,,,,,,,,,,,,,,,,,,,,,,,,,,,,,,,,,,,,,,,,,,,,,,,,,,,,,,,,,,,,,,,,,,,,,,,,,,,,,,,,,,,,,,,,,,,,,,,,,,,,,,,,,,,,,,,,,,,,,,,,,,,,,,,,,,,,,,,,,,,,,,,,,,,,,,,,,,,,,,,,,,,,,,,,,,,,,,,,,,,,,,,,,,,,,,,,,,,,,,,,,,,,,,,,,,,,,,,,,,,,,,,,,,,,,,,,,,,,,,,,,,,,,,,,,,,,,,,,,,,
2488735,2113560.66666667,2668904.33333333,3268708.66666667,3746324.33333333,2402602.66666667,1073614.66666667,2789835.66666667,3138918.33333333,126654,503150,3250970.66666667,3369057.33333333,3249786.33333333,3217407,3528370.33333333,3654316.66666667,3761709,3974144.66666667,3910297,4232146,3903675.66666667,289465,2098572,2692207.33333333,1551944,3491556.33333333,5104015,3967555.33333333,3937557.33333333,5053736.66666667,647149.666666667,2035749,5131189.66666667,2288574.33333333,4149102.33333333,5603863,5592434.66666667,4214104,5472176,5107736.66666667,5213674,3213222,2254021.33333333,3105594,4189874.66666667,5811570.66666667,4392710,5784593,4676430.66666667,3980945.66666667,2871765.33333333,1534958,2219955.33333333,4981998,2946364.66666667,2860029.66666667,-1574106,-820534.999999999,3739225.66666667,3666646,2049710,857389,2315700.33333333,5206794.66666667,4343087,5416103.33333333,5655501,573354.666666667,1419363.33333333,-1265465.66666667,1466934.33333333,5111098.33333333,3124140,4823642,4401742.33333333,3273506.66666667,3529169.66666667,1290297.66666667,1875316.33333333,2765723.66666667,4735707.66666667,2445056.66666667,4492007,251948.666666667,1901965,-339431,-1868278.66666667,2028566.66666667,2388218,966893.666666667,2376450.66666667,4771004.66666667,4847314,2546591.33333333,-739586.333333334,-2258801.66666667,-2310500,-1221225.33333333,854784.666666666,-826066.666666666,76407.6666666661,1975803.66666667,3231345.66666667,2067309.66666667,1880396.33333333,497889.666666667,-1108642.66666667,-4304826.66666667,-1784020,-5823183.33333333,-1204378,434752,2141646,1034010,-3183154.66666667,-2152863,-2071029,-2486081.33333333,-1279090.33333333,245988,-2756544.66666667,-1097306.66666667,716076.666666666,2682865,4090940.33333333,907692.333333334,-1260428.66666667,1728142.66666667,1574343.66666667,42919.333333334,3597575,4043994,1858087.33333333,-2074996.66666667,4155287.66666667,3282728.33333333,1215688,4378751.66666667,1595186.33333333,1153115,1657888,4604748,2357500.33333333,2592003.33333333,4034214.66666667,2602496,-1797954.33333333,-1700592,-1127377.66666667,2042468.33333333,-977890,5295374,2504795.33333333,1183222,-536465.666666668,-489662.333333333,-595737,-618184.333333333,564061.333333332,1883977.66666667,2675461,3172524.66666667,3584653,3790663,2041929,1648482,-1362076.33333333,17189.333333334,2343351.33333333,3986447,2661030,5366621.66666667,6044097.66666667,5482552.33333333,5711984,5132451,5590806.66666667,4249684.33333333,6151973.66666667,4808616.33333333,6415251.33333333,5724338.66666667,5473676,3939780.33333333,5828422.33333333,5790764.66666667,5749979.33333333,5792548,4677247,5819256.33333333,6518019,5662929,6876623,7016615.33333333,6971804,6146376.66666667,5403522.66666667,5221113.33333333,5180630.33333333,5766581,6184342.33333333,6482448.33333333,6058096.66666667,4967684.33333333,7122327.66666667,6643872.33333333,6260441.66666667,6279833.33333333,7597127.33333333,7098742,6854290.66666667,6520060.33333333,6547101.33333333,6381935.33333333,6612389.66666667,6581808,6872194,7091705,7063047.66666667,6852711.33333333,6784871.33333333,6657286.66666667,4747827.66666667,9375696,9052798,8722723.33333333,8632145.66666667,8334457.33333333,7635864.33333333,7667106.33333333,8009252.66666667,7045839,6721322.33333333,6791435.66666667,6552881,6568506,7452927,7414049.33333333,7364599,7258388,7710507,7763707,7697235,7887432.66666667,8814954.66666667,8850958.66666667,8414785.66666667,7705198,7515909.66666667,7197479.33333333,6961736.33333333,7161142,7051348,7183805.33333333,7264280,8000947.66666667,10589510.6666667,9493259.33333334,9244059.66666667,6596463.33333333,6657636,6850360.33333333,8249585.66666667,7485099.66666667,7707278,7623593.66666667,7101465.66666667,7125007.66666667,6691810,6285753.66666667,6564607.66666667,6948090.33333333,6720160.66666667,6749333,6639725,6382414.33333333,6317770.33333333,8754512.66666667,8515111,8363299,6548974.66666667,9009977.33333333,8099795.66666667,7815846.33333333,7565106,7703823,7854465,7933780.33333333,7990663.33333333,7752941.33333333,7619925.66666667,7720828.66666667,10888233,9771582,10583523,10592642,10454823,10630884.3333333,10085935.3333333,9281132.33333333,9310058,8089665.33333333,7526032.66666667,9530652.33333333,9322727.33333333,8901994.33333333,8801736.66666667,8794204.33333333,8794466,6456716.66666667,8922852,8621581,8732471,8614253,8597081,10104157,5908431.66666667,5212919.66666667,5077515.33333333,6662351,7315392.33333333,6952350.66666667,6951628.33333333,6906532.33333333,7798478.66666667,7721961.33333333,7532494,7518893.66666667,8243598.33333333,7865936.66666667,8057288.66666667,9714051,9180139.66666666,9004190.33333333,8909819.66666667,9051158.33333333,9007879,9116347.33333333,9041917,9043917.33333334,8653553,8586894.33333333,8405275.33333333,8760437.66666667,8407893.33333333,8671576.66666667,8744183.66666667,7968242.33333333,8090918,8176688.66666667,8545230.33333333,10072342.6666667,9751825.66666667,9423090,9315310.33333333,6859640,10011429.6666667,10060313,9773937.33333333,10528534.3333333,10729200.6666667,10204045.3333333,11144521.3333333,10839105.3333333,10705488.6666667,10744513.3333333,10420650.3333333,10586221.3333333,10679931,10295885.3333333,10140184,10351346.6666667,10143898.6666667,10339320.3333333,10387821,10070481,9844054,10071278.3333333,9917022.66666667,10190519.3333333,9361405.66666667,10369261.6666667,11278383,12300074.3333333,12516410.3333333,12598434.6666667,12455836.3333333,12730447,-8424763.66666667,-8458137.66666667,-8448576.33333333,-8328983.66666667,-8283228,-8260529,-8513226,-13904465.6666667,-16814395.3333333,-10276856,-10334291.3333333,-10080792,-10073693.3333333,-10260676.3333333,,,,,,,,,,,,,,,,,,,,,,,,,,,,,,,,,,,,,,,,,,,,,,,,,,,,,,,,,,,,,,,,,,,,,,,,,,,,,,,,,,,,,,,,,,,,,,,,,,,,,,,,,,,,,,,,,,,,,,,,,,,,,,,,,,,,,,,,,,,,,,,,,,,,,,,,,,,,,,,,,,,,,,,,,,,,,,,,,,,,,,,,,,,,,,,,,,,,,,,,,,,,,,,,,,,,,,,,,
2999346.17373431,4594407.07058933,4348014.73534417,3920473.27208517,3777348.41862202,5043687.98824288,6362939.40790945,5605732.93715204,4559017.71734031,3269797.8893252,5909829.42880474,4168840.96168788,3478050.496518,3359464.28353452,3305690.23369134,3542877.31008017,3741021.58303439,3775480.98943508,4084859.70907886,3956550.08714381,4293232.00171343,3966938.32896706,6339311.18210381,5471799.95887712,7548521.67261534,7764692.17603372,6340579.26847379,5130974.09683824,6179966.8529535,6080901.96823389,5662020.19134821,5411821.65126109,6544969.51235381,5175285.23389286,8347454.10961288,6292992.72158767,5672231.04617168,5720832.48180384,6544221.1001999,5514424.84356997,6141864.18462677,5753268.4832412,7908081.95040718,5753867.33842589,5647346.69585044,6374573.83406714,5838555.13311189,6675040.18971993,5800946.64584224,7123488.05549439,6802681.01889663,5257355.93982061,5684795.85469276,6981527.29255713,6133936.58326432,7898566.29013136,5760347.87404789,1957729.88260001,3370845.84518806,6011077.26393683,5060147.55889627,6433503.68051205,6580393.13931157,6348334.50069392,7157838.22336788,6647112.21387853,7373510.28832157,6197649.85253898,5395109.37479409,6333028.12954088,5268356.31255109,6012482.23016187,7608816.96115593,6366829.51123559,7086613.62713816,6382743.55519136,5546531.97365388,5594113.67972182,5692143.55168824,8514112.54845113,6303269.14554568,6367136.17523699,3560552.46196264,6689380.74751133,7104905.2076465,4801394.74243166,6948119.43046635,5492935.30022143,8431805.09885208,7746831.03798794,6026672.97547217,6514238.56600745,6785210.77792051,6644675.82675952,7184226.23795907,6596279.6176886,5376679.16663495,5081983.1271543,5492753.79124935,8196314.43511493,5979666.7304567,5056751.22462232,6309935.39446063,5543065.21517105,6150872.54471499,7044140.41773821,5150444.81772109,5556784.12339954,-1424386.90661127,3414850.85089256,-3225413.89368843,2593543.56812332,3262261.69072981,2765630.74858472,3692471.65120081,2158599.53003726,1606673.94255361,1312213.58298145,1848851.17763501,3950214.57260745,2536757.36069093,-1545284.41890761,4214543.63445487,6387763.54215186,6875344.32659439,8260590.85491741,4936182.08267084,3676003.0721829,4072772.22057264,4531391.47358869,5744871.22363198,10203236.5428255,4309447.05266531,4380056.42360328,8142505.71570273,6405918.16744913,7132730.31957312,7116790.96641843,6143607.87410974,3704624.45951694,6096073.31440852,3641691.66649281,5842547.75877253,6122113.03817921,2996268.38256012,5859370.18319679,6116291.66923353,5284840.40785721,5105161.29894468,5248981.03093175,5729636.2648007,8371274.43745707,6591559.68927874,6367380.76306435,7038483.15497186,5010952.68465689,5192427.58899809,5045025.53776376,5178816.14973188,7022991.13366321,6806210.95849837,4042309.64864634,3694704.12506802,3667802.9971798,3857283.14375798,4286616.03246139,3906060.49935434,3257337.47577026,4116246.97317069,5184078.5634848,5277678.07551566,6059936.39677338,7912025.77810877,6821594.46131151,6208414.35140931,6578546.41377141,6062837.09238441,7094017.44513066,6336684.00479002,6545858.70197689,6380819.83084503,6753212.10340337,6181715.36989498,5838393.82130893,5492319.12737564,6074693.25192977,5814798.59812478,5797125.98594339,5835974.31396208,5259804.07782929,6337017.09721404,6785018.42596006,8495211.81027884,7118041.54601155,7124846.30672974,7103772.84280137,6725668.10547014,6535581.89715375,6417378.53148172,6190185.69158418,6039743.76700715,6669646.19999456,7025755.02295072,6815976.84951639,5738073.44683962,7264635.16166371,7048854.83153089,6658202.45980915,6577914.48530597,7973883.15099379,8019120.74799581,7123038.2643719,6841168.07648559,6896226.9701381,6722150.75048743,6785468.23269185,6779789.89554182,7062767.61883098,7337058.98674636,7391518.64148636,7291812.06497282,7023599.5749855,6928268.58280869,7510541.17849213,10143759.4497933,11033794.1415433,9025738.15174051,8858175.28370612,8811166.25190559,7759830.99927758,7687868.14144342,8285036.13305712,7159758.28114386,6772164.57000063,6836470.72570219,6668171.79328521,6725141.59995097,7644012.12763426,7530719.83223087,7515716.91782027,7327420.34028579,8001886.70926096,8013590.16034699,7993974.09470611,8194071.79192142,9103607.89451339,9142319.46696474,8696770.41263885,8012657.43229636,7818268.6388989,7584283.24595229,7320303.6345117,7524888.31262094,7439766.93345845,7510328.35505922,8729108.78882835,9130119.7001254,11254563.038537,10154942.0067005,9575761.71904249,6948930.63305488,7037517.34686285,7194888.57354643,8993530.027105,8848640.36889121,7803009.17390032,7737092.83970477,7161782.92981192,7171984.4532355,6905261.99274544,6429635.72322805,6735811.43621337,7386500.54740268,7112961.30039112,7147663.96662491,7178032.21667495,6831521.54010509,6688678.72112516,8910811.09744041,8758564.87502427,8561049.45883723,7100067.09011516,9367071.07476453,8535079.08630304,8370947.66543436,8046847.26195535,8305914.09025988,8475230.56783566,8653801.26224883,8669019.49311446,8315106.33321712,8106870.01557217,8184959.11718354,11028183.5539575,9839854.56647683,10961892.7787364,10868953.2179645,10710389.7097381,10954247.3477464,10371953.0310381,9300793.20516887,9349095.04380457,8406554.66593122,8632934.63322212,11143777.5568073,10013796.0411396,9221476.93357525,9781156.55666295,9709089.97371487,9821236.72045922,6956208.99343055,10209768.9149782,10037682.5646942,10138962.0595382,9999576.23261577,9975181.80971507,10235349.405409,5979963.25130124,5723503.27723044,5639799.5839507,7674580.09703798,8369926.59398129,7928175.08785848,7905558.63768283,7821476.27191482,9214148.85624838,9282658.4046756,9129177.30942687,9176507.04430423,9911483.56245113,9564817.74881054,9781089.62496435,11212506.5442272,9971018.45918188,10575285.4494865,10304464.7507081,10672131.4293033,10559824.5929455,10736804.0529593,10649005.654894,10644541.7288294,10298157.4778981,10201751.9140612,9738131.45180612,9946667.31267217,9527922.21074915,9826580.05100558,9888950.63343458,9105482.62608944,9362204.05140517,9339638.06121328,9686241.59380202,10776177.8814656,10408087.881804,10311731.6848665,10237518.95671,9611752.94197004,10101848.7470443,10209519.7882448,10108997.6519363,10784845.936419,11042790.0374416,10297270.3274086,11255249.0322031,10984607.4155601,10999133.3376388,10923010.3617792,10531726.4785311,10742827.5888416,10778111.2807611,10406905.8852866,10179287.5593819,10441201.7866395,10229446.3422887,10396719.5293236,10448979.4295771,10117737.5997754,10087255.5420641,10144584.4551241,9997957.21496342,11772696.2438008,11728300.6387303,11342226.4590991,13175410.2442458,12378100.2874149,12647057.2725257,12876460.1695383,12749896.7409885,13050227.2609986,-8101903.3611159,-8149422.01685873,-8123282.37891313,-7996306.70746099,-7901353.0333892,-7891665.41442533,-8340304.16929028,-11434234.1634119,-15802908.6488158,-9775559.72597036,-9942278.85657483,-9138507.42858168,-9073294.52078189,-9244093.89579748,,,,,,,,,,,,,,,,,,,,,,,,,,,,,,,,,,,,,,,,,,,,,,,,,,,,,,,,,,,,,,,,,,,,,,,,,,,,,,,,,,,,,,,,,,,,,,,,,,,,,,,,,,,,,,,,,,,,,,,,,,,,,,,,,,,,,,,,,,,,,,,,,,,,,,,,,,,,,,,,,,,,,,,,,,,,,,,,,,,,,,,,,,,,,,,,,,,,,,,,,,,,,,,,,,,,,,,,,
1978123.82626569,-367285.737255994,989793.931322495,2616944.06124817,3715300.24804464,-238482.654909548,-4215710.07457611,-26061.6038187104,1718818.94932635,-3016489.8893252,-4903529.42880474,2333100.37164545,3260064.17014866,3140108.38313215,3129123.76630866,3513863.35658649,3567611.75029895,3747937.01056492,3863429.62425447,3864043.91285619,4171059.99828657,3840413.00436628,-5760381.18210381,-1274655.95887713,-2164107.00594867,-4660804.17603372,642533.398192878,5077055.90316177,1755143.81371317,1794212.69843278,4445453.14198512,-4117522.31792776,-2473471.51235381,5087094.09944047,-3770305.44294622,2005211.945079,5535494.95382832,5464036.85152949,1883986.8998001,5429927.15643003,4073609.14870656,4674079.5167588,-1481637.95040718,-1245824.67175922,563841.304149556,2005175.49926619,5784586.20022144,2110379.81028007,5768239.35415776,2229373.27783895,1159210.31443671,486174.726846057,-2614879.85469276,-2541616.62589046,3830059.41673568,-2005836.95679803,-40288.5407145508,-5105941.88260001,-5011915.84518805,1467374.0693965,2273144.44110373,-2334083.68051204,-4865615.13931157,-1716933.83402725,3255751.10996545,2039061.78612147,3458696.37834509,5113352.14746102,-4248400.04146076,-3494301.46287421,-7799287.64588442,-3078613.5634952,2613379.70551074,-118549.511235594,2560670.37286184,2420741.1114753,1000481.35967945,1464225.65361151,-3111548.2183549,-4763479.88178446,-771821.812212345,3104279.15809634,1329560.87137069,2294633.25248867,-6601007.87431317,-997464.742431661,-7626981.43046635,-9229492.63355476,-4374671.76551875,-2970395.03798794,-4092885.64213884,-1761337.23267412,2756798.55541282,3049952.17324048,-2091043.57129241,-8075452.28435527,-9894282.49996828,-9702983.1271543,-7935204.45791601,-6486745.1017816,-7631800.06379003,-4903935.89128898,-2358328.0611273,919626.118162278,-2016253.21138166,-3283347.75107154,-4154665.48438775,-7774069.45673288,-7185266.42672206,-6982890.85089256,-8420952.77297824,-5002299.56812333,-2392757.69072981,1517661.25141528,-1624451.65120081,-8524908.86337059,-5912399.94255361,-5454271.58298145,-6821013.84430168,-6508395.23927412,-2044781.36069093,-3967804.91442572,-6409156.96778821,-4955610.20881853,-1509614.32659439,-78710.1882507401,-3120797.41600417,-6196860.40551623,-616486.887239309,-1382704.14025535,-5659032.55696531,-3008086.54282552,3778540.94733469,-663881.756936608,-12292499.0490361,1904657.1658842,-567273.652906457,-4685414.96641842,2613895.4592236,-514251.792850271,-3789843.31440852,-325915.666492813,3366948.24122747,-1407112.37151254,2187738.28410655,2209059.15013655,-911299.669233534,-8880749.07452387,-8506345.29894468,-7503736.36426508,-1644699.59813403,-10327054.4374571,3999188.31072126,-1357790.09639768,-4672039.15497185,-6083884.01799022,-6171752.25566476,-6236499.53776375,-6415184.81639855,-5894868.46699654,-3038255.62516503,1308612.35135366,2650345.20826531,3501503.0028202,3724042.85624203,-202758.032461392,-609096.499354342,-5981490.14243693,-4081868.30650402,-497375.896818128,2695215.92448434,-737876.39677338,2821217.55522457,5266600.87202183,4756690.31525735,4845421.58622859,4202064.90761559,4087595.88820267,2162684.66187664,5758088.63135645,3236412.83582164,6077290.56326329,5266961.96343835,5108958.17869107,2387241.53929103,5582151.4147369,5766730.73520855,5702832.68072328,5749121.68603792,4094689.92217071,5301495.56945263,6251019.57403994,2830646.18972116,6635204.45398844,6908384.35993693,6839835.15719863,5567085.22786319,4271463.43617959,4024848.13518495,4171074.97508249,5493418.23299285,5699038.46667211,5939141.64371595,5300216.48381694,4197295.21982705,6980020.17166963,6238889.83513578,5862680.87352419,5981752.1813607,7220371.51567288,6178363.25200419,6585543.06896144,6198952.59018108,6197975.69652857,6041719.91617924,6439311.10064149,6383826.10445818,6681620.38116903,6846351.01325364,6734576.69184697,6413610.60169385,6546143.09168117,6386304.75052465,1985114.1548412,8607632.55020673,7071801.85845673,8419708.51492616,8406116.04962722,7857748.41476107,7511897.66738908,7646344.52522325,7733469.20027622,6931919.71885614,6670480.09666604,6746400.60763114,6437590.20671479,6411870.40004903,7261841.87236574,7297378.8344358,7213481.08217973,7189355.65971421,7419127.29073904,7513823.83965301,7400495.90529389,7580793.54141191,8526301.43881994,8559597.8663686,8132800.92069448,7397738.56770364,7213550.69443443,6810675.42071438,6603169.03215497,6797395.68737906,6662929.06654155,6857282.31160745,5799451.21117165,6871775.63320793,9924458.29479635,8831576.65996616,8912357.61429084,6243996.03361179,6277754.65313715,6505832.09312024,7505641.30622833,6121558.96444212,7611546.82609968,7510094.49362856,7041148.40352142,7078030.88009784,6478358.00725456,6141871.61010528,6393403.89711996,6509680.11926398,6327360.03294221,6351002.03337509,6101417.78332505,5933307.12656157,5946861.94554151,8598214.23589293,8271657.12497573,8165548.54116277,5997882.24321817,8652883.59190213,7664512.2470303,7260745.00123231,7083364.73804465,7101731.90974012,7233699.43216434,7213759.40441784,7312307.17355221,7190776.33344955,7132981.31776117,7256698.21614979,10748282.4460425,9703309.43352317,10205153.2212636,10316330.7820355,10199256.2902619,10307521.3189202,9799917.63562857,9261471.4614978,9271020.95619543,7772776.00073545,6419130.70011121,7917527.10985935,8631658.62552708,8582511.73309142,7822316.77667038,7879318.6929518,7767695.27954079,5957224.33990278,7635935.0850218,7205479.43530581,7325979.94046176,7228929.76738423,7218980.19028493,9972964.594591,5836900.08203209,4702336.0561029,4515231.08271597,5650121.90296201,6260858.07268538,5976526.24547486,5997698.02898383,5991588.39475185,6382808.47708495,6161264.26199107,5935810.69057313,5861280.28902911,6575713.10421553,6167055.5845228,6333487.70836899,8215595.45577277,8389260.87415145,7433095.21718016,7515174.58262521,7430185.2373634,7455933.40705449,7495890.61370735,7434828.345106,7443292.93783731,7008948.52210195,6972036.75260544,7072419.21486055,7574208.02066117,7287864.45591752,7516573.28232776,7599416.69989876,6831002.04057723,6819631.94859484,7013739.27212005,7404219.07286465,9368507.45186778,9095563.4515293,8534448.31513352,8393101.70995664,4107527.05802996,9921010.58628905,9911106.21175518,9438877.01473035,10272222.7302477,10415611.2958918,10110820.3392581,11033793.6344635,10693603.2511065,10411843.9956945,10566016.3048875,10309574.1881355,10429615.077825,10581750.7192389,10184864.7813801,10101080.4406181,10261491.5466938,10058350.9910446,10281921.137343,10326662.5704229,10023224.4002246,9600852.45793595,9997972.21154258,9836088.11836991,8608342.42286588,6994510.69460299,9396296.87423428,9381355.75575415,12222048.3792518,12385763.394141,12320409.1637951,12161775.9256781,12410666.7390014,-8747623.97221743,-8766853.3164746,-8773870.28775354,-8661660.62587234,-8665102.9666108,-8629392.58557467,-8686147.83070972,-16374697.1699214,-17825882.0178509,-10778152.2740296,-10726303.8100918,-11023076.5714183,-11074092.1458848,-11277258.7708692,,,,,,,,,,,,,,,,,,,,,,,,,,,,,,,,,,,,,,,,,,,,,,,,,,,,,,,,,,,,,,,,,,,,,,,,,,,,,,,,,,,,,,,,,,,,,,,,,,,,,,,,,,,,,,,,,,,,,,,,,,,,,,,,,,,,,,,,,,,,,,,,,,,,,,,,,,,,,,,,,,,,,,,,,,,,,,,,,,,,,,,,,,,,,,,,,,,,,,,,,,,,,,,,,,,,,,,,,
,,,,,,,,,,,,,,,,,,,,,,,,,,,,,,,,,,,,,,,,,,,,,,,,,,,,,,,,,,,,,,,,,,,,,,,,,,,,,,,,,,,,,,,,,,,,,,,,,,,,,,,,,,,,,,,,,,,,,,,,,,,,,,,,,,,,,,,,,,,,,,,,,,,,,,,,,,,,,,,,,,,,,,,,,,,,,,,,,,,,,,,,,,,,,,,,,,,,,,,,,,,,,,,,,,,,,,,,,,,,,,,,,,,,,,,,,,,,,,,,,,,,,,,,,,,,,,,,,,,,,,,,,,,,,,,,,,,,,,,,,,,,,,,,,,,,,,,,,,,,,,,,,,,,,,,,,,,,,,,,,,,,,,,,,,,,,,,,,,,,,,,,,,,,,,,,,,,,,,,,,,,,,,,,,,,,,,,,,,,,,,,,,,,,,,,,,,,,,,,,,,,,,,,,,,,,,,,,,,,,,,,,,,,,,,,,,,,,,,,,,,,,,,,,,,,,,,,,,,,,,,,,,,,,,,,,,,,,,,,,,,,,,,,,,,,,,,,,,,,,,,,,,,,,,,,,,,,,,,,,,,,,,,,,,,,,,,,,,,,,,,,,,,,,,,,,,,,,,,,,,,,,,,,,,,,,,,,,,,,,,,,,,,,,,,,,,,,,,,,,,,,,,,,,,,,,,,,,,,,
,,,,,,,,,,,,,,,,,,,,,,,,,,,,,,,,,,,,,,,,,,,,,,,,,,,,,,,,,,,,,,,,,,,,,,,,,,,,,,,,,,,,,,,,,,,,,,,,,,,,,,,,,,,,,,,,,,,,,,,,,,,,,,,,,,,,,,,,,,,,,,,,,,,,,,,,,,,,,,,,,,,,,,,,,,,,,,,,,,,,,,,,,,,,,,,,,,,,,,,,,,,,,,,,,,,,,,,,,,,,,,,,,,,,,,,,,,,,,,,,,,,,,,,,,,,,,,,,,,,,,,,,,,,,,,,,,,,,,,,,,,,,,,,,,,,,,,,,,,,,,,,,,,,,,,,,,,,,,,,,,,,,,,,,,,,,,,,,,,,,,,,,,,,,,,,,,,,,,,,,,,,,,,,,,,,,,,,,,,,,,,,,,,,,,,,,,,,,,,,,,,,,,,,,,,,,,,,,,,,,,,,,,,,,,,,,,,,,,,,,,,,,,,,,,,,,,,,,,,,,,,,,,,,,,,,,,,,,,,,,,,,,,,,,,,,,,,,,,,,,,,,,,,,,,,,,,,,,,,,,,,,,,,,,,,,,,,,,,,,,,,,,,,,,,,,,,,,,,,,,,,,,,,,,,,,,,,,,,,,,,,,,,,,,,,,,,,,,,,,,,,,,,,,,,,,,,,,,,,,
,,,,,,,,,,,,,,,,,,,,,,,,,,,,,,,,,,,,,,,,,,,,,,,,,,,,,,,,,,,,,,,,,,,,,,,,,,,,,,,,,,,,,,,,,,,,,,,,,,,,,,,,,,,,,,,,,,,,,,,,,,,,,,,,,,,,,,,,,,,,,,,,,,,,,,,,,,,,,,,,,,,,,,,,,,,,,,,,,,,,,,,,,,,,,,,,,,,,,,,,,,,,,,,,,,,,,,,,,,,,,,,,,,,,,,,,,,,,,,,,,,,,,,,,,,,,,,,,,,,,,,,,,,,,,,,,,,,,,,,,,,,,,,,,,,,,,,,,,,,,,,,,,,,,,,,,,,,,,,,,,,,,,,,,,,,,,,,,,,,,,,,,,,,,,,,,,,,,,,,,,,,,,,,,,,,,,,,,,,,,,,,,,,,,,,,,,,,,,,,,,,,,,,,,,,,,,,,,,,,,,,,,,,,,,,,,,,,,,,,,,,,,,,,,,,,,,,,,,,,,,,,,,,,,,,,,,,,,,,,,,,,,,,,,,,,,,,,,,,,,,,,,,,,,,,,,,,,,,,,,,,,,,,,,,,,,,,,,,,,,,,,,,,,,,,,,,,,,,,,,,,,,,,,,,,,,,,,,,,,,,,,,,,,,,,,,,,,,,,,,,,,,,,,,,,,,,,,,,,,
,,,,,,,,,,,,,,,,,,,,,,,,,,,,,,,,,,,,,,,,,,,,,,,,,,,,,,,,,,,,,,,,,,,,,,,,,,,,,,,,,,,,,,,,,,,,,,,,,,,,,,,,,,,,,,,,,,,,,,,,,,,,,,,,,,,,,,,,,,,,,,,,,,,,,,,,,,,,,,,,,,,,,,,,,,,,,,,,,,,,,,,,,,,,,,,,,,,,,,,,,,,,,,,,,,,,,,,,,,,,,,,,,,,,,,,,,,,,,,,,,,,,,,,,,,,,,,,,,,,,,,,,,,,,,,,,,,,,,,,,,,,,,,,,,,,,,,,,,,,,,,,,,,,,,,,,,,,,,,,,,,,,,,,,,,,,,,,,,,,,,,,,,,,,,,,,,,,,,,,,,,,,,,,,,,,,,,,,,,,,,,,,,,,,,,,,,,,,,,,,,,,,,,,,,,,,,,,,,,,,,,,,,,,,,,,,,,,,,,,,,,,,,,,,,,,,,,,,,,,,,,,,,,,,,,,,,,,,,,,,,,,,,,,,,,,,,,,,,,,,,,,,,,,,,,,,,,,,,,,,,,,,,,,,,,,,,,,,,,,,,,,,,,,,,,,,,,,,,,,,,,,,,,,,,,,,,,,,,,,,,,,,,,,,,,,,,,,,,,,,,,,,,,,,,,,,,,,,,,,
,,,,,,,,,,,,,,,,,,,,,,,,,,,,,,,,,,,,,,,,,,,,,,,,,,,,,,,,,,,,,,,,,,,,,,,,,,,,,,,,,,,,,,,,,,,,,,,,,,,,,,,,,,,,,,,,,,,,,,,,,,,,,,,,,,,,,,,,,,,,,,,,,,,,,,,,,,,,,,,,,,,,,,,,,,,,,,,,,,,,,,,,,,,,,,,,,,,,,,,,,,,,,,,,,,,,,,,,,,,,,,,,,,,,,,,,,,,,,,,,,,,,,,,,,,,,,,,,,,,,,,,,,,,,,,,,,,,,,,,,,,,,,,,,,,,,,,,,,,,,,,,,,,,,,,,,,,,,,,,,,,,,,,,,,,,,,,,,,,,,,,,,,,,,,,,,,,,,,,,,,,,,,,,,,,,,,,,,,,,,,,,,,,,,,,,,,,,,,,,,,,,,,,,,,,,,,,,,,,,,,,,,,,,,,,,,,,,,,,,,,,,,,,,,,,,,,,,,,,,,,,,,,,,,,,,,,,,,,,,,,,,,,,,,,,,,,,,,,,,,,,,,,,,,,,,,,,,,,,,,,,,,,,,,,,,,,,,,,,,,,,,,,,,,,,,,,,,,,,,,,,,,,,,,,,,,,,,,,,,,,,,,,,,,,,,,,,,,,,,,,,,,,,,,,,,,,,,,,,,
,,,,,,,,,,,,,,,,,,,,,,,,,,,,,,,,,,,,,,,,,,,,,,,,,,,,,,,,,,,,,,,,,,,,,,,,,,,,,,,,,,,,,,,,,,,,,,,,,,,,,,,,,,,,,,,,,,,,,,,,,,,,,,,,,,,,,,,,,,,,,,,,,,,,,,,,,,,,,,,,,,,,,,,,,,,,,,,,,,,,,,,,,,,,,,,,,,,,,,,,,,,,,,,,,,,,,,,,,,,,,,,,,,,,,,,,,,,,,,,,,,,,,,,,,,,,,,,,,,,,,,,,,,,,,,,,,,,,,,,,,,,,,,,,,,,,,,,,,,,,,,,,,,,,,,,,,,,,,,,,,,,,,,,,,,,,,,,,,,,,,,,,,,,,,,,,,,,,,,,,,,,,,,,,,,,,,,,,,,,,,,,,,,,,,,,,,,,,,,,,,,,,,,,,,,,,,,,,,,,,,,,,,,,,,,,,,,,,,,,,,,,,,,,,,,,,,,,,,,,,,,,,,,,,,,,,,,,,,,,,,,,,,,,,,,,,,,,,,,,,,,,,,,,,,,,,,,,,,,,,,,,,,,,,,,,,,,,,,,,,,,,,,,,,,,,,,,,,,,,,,,,,,,,,,,,,,,,,,,,,,,,,,,,,,,,,,,,,,,,,,,,,,,,,,,,,,,,,,,,
,,,,,,,,,,,,,,,,,,,,,,,,,,,,,,,,,,,,,,,,,,,,,,,,,,,,,,,,,,,,,,,,,,,,,,,,,,,,,,,,,,,,,,,,,,,,,,,,,,,,,,,,,,,,,,,,,,,,,,,,,,,,,,,,,,,,,,,,,,,,,,,,,,,,,,,,,,,,,,,,,,,,,,,,,,,,,,,,,,,,,,,,,,,,,,,,,,,,,,,,,,,,,,,,,,,,,,,,,,,,,,,,,,,,,,,,,,,,,,,,,,,,,,,,,,,,,,,,,,,,,,,,,,,,,,,,,,,,,,,,,,,,,,,,,,,,,,,,,,,,,,,,,,,,,,,,,,,,,,,,,,,,,,,,,,,,,,,,,,,,,,,,,,,,,,,,,,,,,,,,,,,,,,,,,,,,,,,,,,,,,,,,,,,,,,,,,,,,,,,,,,,,,,,,,,,,,,,,,,,,,,,,,,,,,,,,,,,,,,,,,,,,,,,,,,,,,,,,,,,,,,,,,,,,,,,,,,,,,,,,,,,,,,,,,,,,,,,,,,,,,,,,,,,,,,,,,,,,,,,,,,,,,,,,,,,,,,,,,,,,,,,,,,,,,,,,,,,,,,,,,,,,,,,,,,,,,,,,,,,,,,,,,,,,,,,,,,,,,,,,,,,,,,,,,,,,,,,,,,,
,,,,,,,,,,,,,,,,,,,,,,,,,,,,,,,,,,,,,,,,,,,,,,,,,,,,,,,,,,,,,,,,,,,,,,,,,,,,,,,,,,,,,,,,,,,,,,,,,,,,,,,,,,,,,,,,,,,,,,,,,,,,,,,,,,,,,,,,,,,,,,,,,,,,,,,,,,,,,,,,,,,,,,,,,,,,,,,,,,,,,,,,,,,,,,,,,,,,,,,,,,,,,,,,,,,,,,,,,,,,,,,,,,,,,,,,,,,,,,,,,,,,,,,,,,,,,,,,,,,,,,,,,,,,,,,,,,,,,,,,,,,,,,,,,,,,,,,,,,,,,,,,,,,,,,,,,,,,,,,,,,,,,,,,,,,,,,,,,,,,,,,,,,,,,,,,,,,,,,,,,,,,,,,,,,,,,,,,,,,,,,,,,,,,,,,,,,,,,,,,,,,,,,,,,,,,,,,,,,,,,,,,,,,,,,,,,,,,,,,,,,,,,,,,,,,,,,,,,,,,,,,,,,,,,,,,,,,,,,,,,,,,,,,,,,,,,,,,,,,,,,,,,,,,,,,,,,,,,,,,,,,,,,,,,,,,,,,,,,,,,,,,,,,,,,,,,,,,,,,,,,,,,,,,,,,,,,,,,,,,,,,,,,,,,,,,,,,,,,,,,,,,,,,,,,,,,,,,,,,
,,,,,,,,,,,,,,,,,,,,,,,,,,,,,,,,,,,,,,,,,,,,,,,,,,,,,,,,,,,,,,,,,,,,,,,,,,,,,,,,,,,,,,,,,,,,,,,,,,,,,,,,,,,,,,,,,,,,,,,,,,,,,,,,,,,,,,,,,,,,,,,,,,,,,,,,,,,,,,,,,,,,,,,,,,,,,,,,,,,,,,,,,,,,,,,,,,,,,,,,,,,,,,,,,,,,,,,,,,,,,,,,,,,,,,,,,,,,,,,,,,,,,,,,,,,,,,,,,,,,,,,,,,,,,,,,,,,,,,,,,,,,,,,,,,,,,,,,,,,,,,,,,,,,,,,,,,,,,,,,,,,,,,,,,,,,,,,,,,,,,,,,,,,,,,,,,,,,,,,,,,,,,,,,,,,,,,,,,,,,,,,,,,,,,,,,,,,,,,,,,,,,,,,,,,,,,,,,,,,,,,,,,,,,,,,,,,,,,,,,,,,,,,,,,,,,,,,,,,,,,,,,,,,,,,,,,,,,,,,,,,,,,,,,,,,,,,,,,,,,,,,,,,,,,,,,,,,,,,,,,,,,,,,,,,,,,,,,,,,,,,,,,,,,,,,,,,,,,,,,,,,,,,,,,,,,,,,,,,,,,,,,,,,,,,,,,,,,,,,,,,,,,,,,,,,,,,,,,,,
,,,,,,,,,,,,,,,,,,,,,,,,,,,,,,,,,,,,,,,,,,,,,,,,,,,,,,,,,,,,,,,,,,,,,,,,,,,,,,,,,,,,,,,,,,,,,,,,,,,,,,,,,,,,,,,,,,,,,,,,,,,,,,,,,,,,,,,,,,,,,,,,,,,,,,,,,,,,,,,,,,,,,,,,,,,,,,,,,,,,,,,,,,,,,,,,,,,,,,,,,,,,,,,,,,,,,,,,,,,,,,,,,,,,,,,,,,,,,,,,,,,,,,,,,,,,,,,,,,,,,,,,,,,,,,,,,,,,,,,,,,,,,,,,,,,,,,,,,,,,,,,,,,,,,,,,,,,,,,,,,,,,,,,,,,,,,,,,,,,,,,,,,,,,,,,,,,,,,,,,,,,,,,,,,,,,,,,,,,,,,,,,,,,,,,,,,,,,,,,,,,,,,,,,,,,,,,,,,,,,,,,,,,,,,,,,,,,,,,,,,,,,,,,,,,,,,,,,,,,,,,,,,,,,,,,,,,,,,,,,,,,,,,,,,,,,,,,,,,,,,,,,,,,,,,,,,,,,,,,,,,,,,,,,,,,,,,,,,,,,,,,,,,,,,,,,,,,,,,,,,,,,,,,,,,,,,,,,,,,,,,,,,,,,,,,,,,,,,,,,,,,,,,,,,,,,,,,,,,,
,,,,,,,,,,,,,,,,,,,,,,,,,,,,,,,,,,,,,,,,,,,,,,,,,,,,,,,,,,,,,,,,,,,,,,,,,,,,,,,,,,,,,,,,,,,,,,,,,,,,,,,,,,,,,,,,,,,,,,,,,,,,,,,,,,,,,,,,,,,,,,,,,,,,,,,,,,,,,,,,,,,,,,,,,,,,,,,,,,,,,,,,,,,,,,,,,,,,,,,,,,,,,,,,,,,,,,,,,,,,,,,,,,,,,,,,,,,,,,,,,,,,,,,,,,,,,,,,,,,,,,,,,,,,,,,,,,,,,,,,,,,,,,,,,,,,,,,,,,,,,,,,,,,,,,,,,,,,,,,,,,,,,,,,,,,,,,,,,,,,,,,,,,,,,,,,,,,,,,,,,,,,,,,,,,,,,,,,,,,,,,,,,,,,,,,,,,,,,,,,,,,,,,,,,,,,,,,,,,,,,,,,,,,,,,,,,,,,,,,,,,,,,,,,,,,,,,,,,,,,,,,,,,,,,,,,,,,,,,,,,,,,,,,,,,,,,,,,,,,,,,,,,,,,,,,,,,,,,,,,,,,,,,,,,,,,,,,,,,,,,,,,,,,,,,,,,,,,,,,,,,,,,,,,,,,,,,,,,,,,,,,,,,,,,,,,,,,,,,,,,,,,,,,,,,,,,,,,,,,
,,,,,,,,,,,,,,,,,,,,,,,,,,,,,,,,,,,,,,,,,,,,,,,,,,,,,,,,,,,,,,,,,,,,,,,,,,,,,,,,,,,,,,,,,,,,,,,,,,,,,,,,,,,,,,,,,,,,,,,,,,,,,,,,,,,,,,,,,,,,,,,,,,,,,,,,,,,,,,,,,,,,,,,,,,,,,,,,,,,,,,,,,,,,,,,,,,,,,,,,,,,,,,,,,,,,,,,,,,,,,,,,,,,,,,,,,,,,,,,,,,,,,,,,,,,,,,,,,,,,,,,,,,,,,,,,,,,,,,,,,,,,,,,,,,,,,,,,,,,,,,,,,,,,,,,,,,,,,,,,,,,,,,,,,,,,,,,,,,,,,,,,,,,,,,,,,,,,,,,,,,,,,,,,,,,,,,,,,,,,,,,,,,,,,,,,,,,,,,,,,,,,,,,,,,,,,,,,,,,,,,,,,,,,,,,,,,,,,,,,,,,,,,,,,,,,,,,,,,,,,,,,,,,,,,,,,,,,,,,,,,,,,,,,,,,,,,,,,,,,,,,,,,,,,,,,,,,,,,,,,,,,,,,,,,,,,,,,,,,,,,,,,,,,,,,,,,,,,,,,,,,,,,,,,,,,,,,,,,,,,,,,,,,,,,,,,,,,,,,,,,,,,,,,,,,,,,,,,,,
4808888.54094293,,,,,,,,,,,,,,,,,,,,,,,,,,,,,,,,,,,,,,,,,,,,,,,,,,,,,,,,,,,,,,,,,,,,,,,,,,,,,,,,,,,,,,,,,,,,,,,,,,,,,,,,,,,,,,,,,,,,,,,,,,,,,,,,,,,,,,,,,,,,,,,,,,,,,,,,,,,,,,,,,,,,,,,,,,,,,,,,,,,,,,,,,,,,,,,,,,,,,,,,,,,,,,,,,,,,,,,,,,,,,,,,,,,,,,,,,,,,,,,,,,,,,,,,,,,,,,,,,,,,,,,,,,,,,,,,,,,,,,,,,,,,,,,,,,,,,,,,,,,,,,,,,,,,,,,,,,,,,,,,,,,,,,,,,,,,,,,,,,,,,,,,,,,,,,,,,,,,,,,,,,,,,,,,,,,,,,,,,,,,,,,,,,,,,,,,,,,,,,,,,,,,,,,,,,,,,,,,,,,,,,,,,,,,,,,,,,,,,,,,,,,,,,,,,,,,,,,,,,,,,,,,,,,,,,,,,,,,,,,,,,,,,,,,,,,,,,,,,,,,,,,,,,,,,,,,,,,,,,,,,,,,,,,,,,,,,,,,,,,,,,,,,,,,,,,,,,,,,,,,,,,,,,,,,,,,,,,,,,,,,,,,,,,,,,,,,,,,,,,,,,,,,,,,,,,,,,,,,,,
6605481.27305611,,,,,,,,,,,,,,,,,,,,,,,,,,,,,,,,,,,,,,,,,,,,,,,,,,,,,,,,,,,,,,,,,,,,,,,,,,,,,,,,,,,,,,,,,,,,,,,,,,,,,,,,,,,,,,,,,,,,,,,,,,,,,,,,,,,,,,,,,,,,,,,,,,,,,,,,,,,,,,,,,,,,,,,,,,,,,,,,,,,,,,,,,,,,,,,,,,,,,,,,,,,,,,,,,,,,,,,,,,,,,,,,,,,,,,,,,,,,,,,,,,,,,,,,,,,,,,,,,,,,,,,,,,,,,,,,,,,,,,,,,,,,,,,,,,,,,,,,,,,,,,,,,,,,,,,,,,,,,,,,,,,,,,,,,,,,,,,,,,,,,,,,,,,,,,,,,,,,,,,,,,,,,,,,,,,,,,,,,,,,,,,,,,,,,,,,,,,,,,,,,,,,,,,,,,,,,,,,,,,,,,,,,,,,,,,,,,,,,,,,,,,,,,,,,,,,,,,,,,,,,,,,,,,,,,,,,,,,,,,,,,,,,,,,,,,,,,,,,,,,,,,,,,,,,,,,,,,,,,,,,,,,,,,,,,,,,,,,,,,,,,,,,,,,,,,,,,,,,,,,,,,,,,,,,,,,,,,,,,,,,,,,,,,,,,,,,,,,,,,,,,,,,,,,,,,,,,,,,,,
3012295.80882974,,,,,,,,,,,,,,,,,,,,,,,,,,,,,,,,,,,,,,,,,,,,,,,,,,,,,,,,,,,,,,,,,,,,,,,,,,,,,,,,,,,,,,,,,,,,,,,,,,,,,,,,,,,,,,,,,,,,,,,,,,,,,,,,,,,,,,,,,,,,,,,,,,,,,,,,,,,,,,,,,,,,,,,,,,,,,,,,,,,,,,,,,,,,,,,,,,,,,,,,,,,,,,,,,,,,,,,,,,,,,,,,,,,,,,,,,,,,,,,,,,,,,,,,,,,,,,,,,,,,,,,,,,,,,,,,,,,,,,,,,,,,,,,,,,,,,,,,,,,,,,,,,,,,,,,,,,,,,,,,,,,,,,,,,,,,,,,,,,,,,,,,,,,,,,,,,,,,,,,,,,,,,,,,,,,,,,,,,,,,,,,,,,,,,,,,,,,,,,,,,,,,,,,,,,,,,,,,,,,,,,,,,,,,,,,,,,,,,,,,,,,,,,,,,,,,,,,,,,,,,,,,,,,,,,,,,,,,,,,,,,,,,,,,,,,,,,,,,,,,,,,,,,,,,,,,,,,,,,,,,,,,,,,,,,,,,,,,,,,,,,,,,,,,,,,,,,,,,,,,,,,,,,,,,,,,,,,,,,,,,,,,,,,,,,,,,,,,,,,,,,,,,,,,,,,,,,,,,,,
