,,,,,,,,,,
mode1:,mode1:,mode1:,mode1:,mode1:,mode1:,mode1:,mode1:,mode1:,mode1:,
2480.381293,2576.197796,2001.517873,2229.602472,2171.921656,2419.033065,1859.176944,2442.622878,910.185433,1859.156688,
1587.506748,1262.451241,1930.391162,3577.689377,1890.115368,1901.716369,284.382455,1905.324771,690.726818,297.280583,
1843.078779,286.739886,3094.688432,3150.607878,3069.879347,3094.003903,864.366217,3079.481902,302.793471,291.843506,
3946.118473,413.767546,2452.310500,5006.390792,1753.469961,4894.590679,417.014037,7722.182482,426.045480,414.611454,
1489.223761,520.453353,533.804665,6519.081633,533.935131,7787.390671,538.336735,6542.647230,538.459913,528.366618,
778.237354,657.605058,667.354086,7002.662451,661.342412,7194.771401,663.091440,8724.096304,672.965953,650.107977,
803.679518,896.279518,794.919277,10637.687952,778.601205,10792.483133,5745.926506,10591.555422,788.810843,772.634940,
942.575221,923.435103,926.946903,13001.293510,925.070796,12935.250737,1925.128319,12965.289086,940.238938,933.501475,
1424.839378,1396.894646,1400.101900,11114.397237,1386.454231,15144.692573,1459.960276,15141.065630,1420.884283,1390.001727,
2816.586354,10955.490405,1287.166311,51262.123667,1341.464819,18809.081023,1286.526652,18760.707889,3678.554371,10487.912580,
12003.527711,11916.800000,2009.202410,25801.250602,2206.477108,21286.166265,2645.985542,21198.096386,2098.414458,21178.489157,
14829.617391,14766.095652,3000.533333,56756.805797,2374.944928,40390.663768,1942.243478,2117.397101,1955.168116,26350.165217,
26639.891089,37974.052805,2919.735974,29474.181518,2834.617162,46668.445545,2945.808581,25051.234323,16324.633663,15677.033003,
4142.003704,18112.437037,3337.885185,32858.640741,18381.940741,3504.481481,3468.033333,17676.881481,17677.740741,3505.611111,
4304.875000,4892.466667,4042.950000,66157.608333,20017.033333,6087.800000,23051.137500,4101.108333,4163.162500,23582.037500,
4342.691244,5306.986175,4333.682028,51380.511521,4285.741935,5769.635945,75387.894009,24152.073733,4287.359447,4576.258065,
5291.294444,6244.272222,5122.866667,5926.716667,5120.811111,5345.605556,38232.911111,26809.827778,5138.111111,5263.227778,
5254.005882,6418.082353,5314.147059,5729.917647,5333.452941,5309.423529,41873.570588,5544.988235,5300.670588,5775.252941,
6852.680272,7884.734694,6620.503401,72440.489796,6874.986395,6421.272109,7355.877551,7083.904762,6623.448980,6952.489796,
7339.570370,8957.192593,7553.037037,118692.955556,7454.807407,8570.148148,7760.577778,7798.081481,7493.600000,7536.318519,
7027.128788,77218.098485,7049.272727,115387.227273,7227.348485,7301.909091,7207.219697,7179.000000,6945.962121,7175.340909,
49421.982456,19290.350877,9019.587719,112379.649123,8931.587719,8847.561404,8843.236842,9096.184211,8672.631579,8895.280702,
87997.703704,11908.759259,11120.925926,18927.203704,10608.833333,10162.851852,36185.138889,10418.694444,9905.703704,10005.203704,
54422.537634,13548.612903,11652.268817,13997.204301,11664.913978,12232.268817,47377.612903,11995.795699,43440.741935,11875.290323,
10676.956989,12423.849462,10532.569892,12502.150538,10537.946237,10287.548387,82390.978495,11598.086022,10423.333333,10415.849462,
11087.348315,12621.438202,10853.134831,13641.483146,10741.337079,11295.741573,11707.516854,11566.460674,10698.752809,11110.247191,
67561.644737,17746.210526,12987.184211,15774.894737,13161.513158,13127.815789,13470.881579,12907.539474,12549.605263,12673.973684,
194141.067568,13770.337838,11720.418919,13989.202703,12594.959459,11137.905405,11631.472973,11527.310811,11508.135135,11214.418919,
25536.215385,16190.230769,163145.461538,17135.338462,14008.369231,14141.861538,14158.000000,13795.538462,14513.815385,14246.138462,
17815.460317,16909.682540,18248.444444,19628.984127,14496.619048,14681.031746,14100.476190,14293.587302,15959.412698,14622.698413,
18096.033898,17707.372881,18605.152542,19044.389831,16644.610169,15387.830508,14560.627119,15714.542373,14826.847458,15819.728814,
23124.000000,24515.896552,24944.344828,23016.879310,21314.103448,20134.500000,19970.517241,21580.086207,19118.172414,20511.172414,
106409.218182,24095.872727,26097.290909,24988.509091,22934.272727,22827.636364,95210.290909,22208.763636,22214.509091,22235.018182,
264689.629630,22198.740741,24863.074074,142035.851852,18801.796296,18278.666667,163372.351852,20293.777778,17954.407407,18718.685185,
276026.058824,21039.568627,21824.529412,176207.803922,17806.784314,18706.529412,172309.901961,17910.549020,18666.176471,20020.019608,
238179.723404,21461.595745,22255.680851,23771.808511,18046.872340,18132.191489,316333.319149,17945.787234,18107.702128,18570.978723,
180803.750000,27612.583333,28404.770833,123593.729167,22915.583333,24148.333333,170413.187500,23707.500000,24251.833333,23105.854167,
305438.340426,29010.723404,32469.723404,106160.765957,26730.553191,25136.702128,285691.319149,25031.638298,28567.702128,26207.382979,
110776.583333,26471.833333,221544.979167,26478.812500,218156.812500,23405.395833,109788.416667,22707.416667,22438.208333,123417.958333,
109262.673913,127758.391304,29767.500000,30463.282609,424405.173913,24552.478261,28828.869565,26311.260870,123482.782609,194118.739130,
124051.139535,207584.744186,37392.302326,42496.860465,455321.093023,37174.930233,47679.930233,38639.279070,38688.697674,126142.767442,
123933.775000,31291.300000,127529.575000,30889.350000,234692.950000,26033.925000,137215.550000,25407.450000,28007.450000,26510.250000,
158206.846154,27689.102564,231240.666667,134815.564103,121291.230769,23087.871795,40097.974359,20354.923077,110268.717949,22774.410256,
122150.974359,27143.153846,232575.282051,104018.743590,135290.897436,18117.333333,22483.307692,18139.153846,18597.051282,18018.769231,
280570.540541,28312.702703,236558.756757,28703.432432,243510.027027,23423.324324,29802.054054,82217.567568,23932.756757,135420.567568,
27492.000000,127353.702703,211124.621622,31367.108108,235947.135135,26100.054054,30141.513514,28609.108108,26244.918919,236855.891892,
160275.969697,355633.303030,268996.939394,48437.212121,265513.878788,39768.424242,43661.212121,75585.333333,40276.636364,614979.030303,
274026.218750,132230.812500,283359.437500,42412.031250,272764.437500,36517.312500,44131.375000,40367.343750,39736.687500,170950.781250,
270659.300000,39093.100000,223997.933333,39100.933333,298090.066667,32220.066667,40924.700000,32691.733333,31581.800000,252273.633333,
77418.230769,43013.615385,281478.576923,65786.230769,221707.769231,34911.961538,78247.615385,36020.961538,34967.115385,208984.538462,
31786.269231,30535.000000,32527.923077,40981.807692,40244.961538,30136.730769,38914.423077,30025.115385,31197.538462,47928.500000,
55064.384615,38176.038462,41294.923077,45849.000000,45060.961538,37033.807692,45189.076923,40826.769231,37800.461538,46449.653846,
53822.576923,58135.884615,54870.538462,76195.346154,64691.346154,58303.000000,66686.192308,69224.038462,66386.730769,65431.846154,
35591.370370,37252.888889,34349.222222,46792.407407,42360.074074,35511.851852,45355.518519,36430.370370,37444.592593,43187.518519,
47914.200000,49113.960000,42868.880000,53966.000000,49386.280000,43660.400000,50813.320000,41211.080000,43309.160000,48464.160000,
31586.961538,40092.846154,32001.346154,41912.576923,40207.038462,31628.000000,41318.923077,176666.384615,31963.000000,40416.961538,
75381.080000,59810.840000,51544.640000,64785.280000,61920.320000,55620.960000,65008.160000,52174.880000,51158.440000,60726.160000,
788224.538462,49054.730769,181717.115385,51207.269231,133169.423077,38951.807692,49546.346154,40828.461538,41999.384615,48735.923077,
203626.500000,61032.653846,55116.538462,67123.423077,67426.153846,49097.038462,54757.384615,49972.615385,52411.384615,61975.961538,
384631.304348,57247.565217,44362.565217,53317.782609,57639.391304,44547.304348,58660.956522,45608.000000,48053.217391,54002.869565,
45341.545455,56241.636364,46627.272727,57706.772727,57086.500000,44166.681818,58559.181818,45834.318182,46452.227273,55570.545455,
90902.190476,96380.047619,97767.333333,220595.761905,96315.904762,95640.714286,94383.857143,73260.380952,96108.619048,95110.952381,
117179.368421,106805.000000,100860.578947,299494.157895,104020.210526,94077.210526,104288.789474,82613.526316,105430.947368,96611.210526,
67750.631579,81140.157895,71885.894737,87022.736842,201651.473684,67624.052632,79061.526316,58927.578947,69895.210526,71155.631579,
97288.882353,93497.823529,88070.176471,99817.352941,96483.000000,85459.235294,115952.705882,81267.352941,86067.588235,103016.705882,
91847.000000,95044.388889,80454.388889,110353.555556,101124.388889,89963.222222,111597.833333,94857.166667,74330.777778,93098.111111,
78845.823529,78096.588235,63076.294118,92052.647059,88816.588235,75484.411765,93247.176471,75344.000000,64364.941176,78862.470588,
60570.526316,66469.263158,48042.842105,76809.842105,72018.842105,60644.684211,78316.210526,60449.421053,49185.210526,65910.473684,
63301.166667,79260.888889,67301.666667,82421.555556,79869.277778,61153.055556,79542.500000,62997.444444,55238.222222,79478.444444,
62130.842105,64841.526316,47082.894737,76240.157895,71220.157895,57167.315789,77752.052632,57440.000000,49923.736842,64348.421053,
66775.722222,78967.833333,60745.444444,97500.944444,86313.722222,79368.888889,80768.111111,77441.500000,77952.388889,77798.666667,
80828.187500,100113.125000,61358.062500,95161.812500,83164.625000,66139.312500,96147.375000,73328.812500,77281.812500,81925.500000,
66639.937500,76113.312500,53468.125000,85902.000000,80910.562500,64241.562500,84943.812500,65579.625000,54730.375000,74432.187500,
57853.789474,73803.736842,57782.578947,65418.473684,72245.052632,57056.157895,72281.315789,55914.526316,52260.263158,74767.526316,
89191.312500,89441.250000,79747.187500,95738.187500,100258.312500,83306.687500,102213.062500,80410.875000,84044.125000,98244.312500,
94720.466667,86154.066667,59231.466667,95743.866667,91086.066667,70333.933333,94259.866667,72681.400000,67874.266667,89520.533333,
64565.882353,73475.000000,54081.294118,84616.647059,80284.470588,65981.235294,84028.294118,63746.941176,67514.647059,73820.058824,
58354.235294,65079.529412,50351.411765,78094.352941,65234.882353,58721.000000,75537.470588,61810.235294,58310.529412,64235.823529,
57991.705882,64423.000000,46079.941176,75446.529412,64321.470588,57690.705882,74934.470588,61090.352941,58722.176471,64454.882353,
85888.375000,105517.750000,66285.312500,105668.750000,89325.375000,66207.812500,111312.750000,92017.937500,102300.875000,85291.750000,
97941.235294,119570.470588,76169.470588,116351.705882,98370.588235,78851.823529,117938.588235,96532.117647,115243.058824,99812.176471,
85141.875000,110211.500000,91929.500000,105099.312500,91625.000000,71711.625000,109305.125000,90610.500000,104050.375000,109588.625000,
53549.272727,74439.136364,58942.636364,73464.136364,74498.454545,55476.045455,72003.681818,58383.727273,67725.636364,72686.318182,
62715.842105,76679.894737,65598.736842,76808.421053,92212.263158,62240.000000,91322.894737,62822.368421,77502.736842,77210.473684,
65492.736842,91955.736842,81515.473684,94894.315789,90885.210526,62392.473684,91062.157895,77645.894737,59498.105263,95183.684211,
53213.631579,68207.105263,55786.052632,65877.789474,68014.263158,49607.789474,68390.263158,50159.473684,47007.421053,64114.842105,
58004.588235,73851.941176,61436.411765,69380.705882,72812.705882,54282.705882,68412.705882,64575.176471,48629.823529,71077.647059,
55710.125000,76859.812500,60051.875000,71744.312500,75467.312500,55209.625000,72104.875000,51065.875000,49011.125000,74032.437500,
94260.200000,97088.066667,78792.000000,115873.333333,99484.600000,95732.466667,118344.733333,93346.200000,77199.266667,99642.200000,
90623.866667,99219.933333,85446.466667,116093.800000,107273.133333,89022.066667,113678.933333,92279.066667,84603.666667,110751.333333,
109850.133333,112834.133333,110785.933333,120069.066667,131010.600000,104954.066667,134838.333333,108586.733333,107154.933333,137062.400000,
82701.933333,96625.800000,84345.333333,97281.066667,109188.933333,83228.800000,115631.200000,71885.466667,84689.333333,111520.466667,
80892.866667,96059.466667,81886.533333,96041.466667,108921.800000,81098.600000,100122.666667,71580.333333,85472.933333,111647.133333,
79646.866667,94532.866667,81263.733333,94004.000000,109402.466667,82507.400000,99561.466667,70979.200000,82054.533333,110436.733333,
78899.285714,112870.142857,86113.928571,112629.357143,111376.142857,86510.785714,117768.785714,77677.785714,88544.357143,103691.571429,
74437.214286,108173.928571,75673.428571,104251.142857,103535.928571,75645.785714,104606.714286,73567.142857,75890.785714,98694.500000,
72450.857143,105063.071429,73701.428571,100499.857143,100593.000000,72965.071429,101704.500000,70431.714286,74006.714286,97578.928571,
70375.071429,104915.785714,74263.785714,100168.500000,100969.285714,72727.857143,102138.214286,70053.928571,73380.285714,96795.785714,
258862.357143,218176.714286,254867.285714,214077.214286,275301.142857,252239.071429,212928.214286,185468.357143,248827.571429,280011.785714,
110162.071429,117180.214286,106797.214286,113513.357143,130390.928571,110173.357143,113045.928571,83657.142857,107360.571429,129779.285714,
323978.250000,263352.916667,226808.083333,266332.750000,265920.750000,235056.166667,338315.916667,322950.750000,306569.583333,351333.583333,
193042.333333,158110.500000,182214.333333,190894.750000,178369.500000,143970.166667,217974.166667,183343.166667,184541.833333,215278.833333,
144917.750000,116226.250000,142570.083333,157917.333333,151665.583333,112245.250000,182028.166667,141795.000000,142111.666667,180691.750000,
142424.666667,110723.833333,121088.833333,152436.750000,172659.333333,133771.750000,182534.666667,141345.083333,142053.333333,174567.583333,
173820.083333,135487.166667,134710.416667,175146.416667,209765.583333,172305.333333,180726.583333,140833.250000,140770.500000,213311.250000,
120888.230769,121200.692308,101306.923077,127360.769231,131473.769231,115715.846154,139328.538462,114831.230769,100132.384615,153880.307692,
122299.384615,122475.153846,114036.846154,139908.769231,149412.461538,123624.923077,145807.538462,127355.076923,98098.153846,159190.769231,
118574.307692,118079.769231,108024.461538,134291.153846,141489.076923,118122.692308,135462.615385,125025.615385,94774.461538,151567.076923,
112538.153846,113986.076923,105215.000000,131220.923077,138554.230769,114997.076923,135349.538462,122092.076923,90028.076923,149852.846154,
109744.076923,111102.692308,105370.538462,133861.769231,136812.000000,110262.615385,134652.615385,117628.000000,87985.846154,148530.000000,
110996.538462,110418.384615,100621.769231,136047.615385,134911.769231,110679.769231,133774.076923,116926.538462,88025.923077,147561.615385,
108992.846154,110280.230769,100536.000000,130513.153846,134652.076923,107576.846154,134309.076923,114551.615385,86555.846154,145676.846154,
79689.384615,98236.076923,95953.692308,122583.769231,129806.692308,95595.769231,129003.000000,102763.538462,79726.615385,109040.538462,
79982.846154,93092.846154,94462.153846,120710.307692,126835.076923,94275.153846,126459.000000,99568.769231,79521.153846,110842.615385,
82308.230769,92890.923077,94252.615385,120935.692308,124613.461538,93237.538462,124269.307692,97087.769231,81709.615385,112847.923077,
112206.461538,88214.461538,89884.615385,117678.153846,140021.000000,89168.615385,117587.923077,89964.692308,88717.692308,138770.923077,
106097.166667,85114.250000,85730.916667,112890.333333,140259.333333,84710.250000,115246.750000,84638.833333,86467.000000,136098.416667,
81632.307692,82287.384615,80215.692308,96628.307692,114725.923077,83256.846154,101159.076923,80767.846154,83357.384615,107684.769231,
79914.583333,79882.750000,86216.333333,95839.000000,112592.333333,79060.250000,97225.000000,84674.083333,80245.166667,106905.916667,
168209.727273,140347.909091,160833.727273,181806.636364,178856.454545,140699.545455,222401.909091,181424.000000,182645.272727,203624.090909,
127890.363636,130323.272727,162810.000000,165444.090909,166908.909091,128880.090909,200032.000000,162087.181818,160103.545455,207094.454545,
116280.090909,117055.909091,117703.636364,156260.090909,197929.363636,116740.090909,195682.909091,156037.000000,155013.545455,170016.636364,
110430.000000,110402.909091,114646.727273,151556.272727,175548.636364,110333.090909,189150.545455,150083.545455,149664.636364,166594.000000,
110861.909091,110824.545455,111883.727273,154084.090909,159238.818182,111207.909091,190952.909091,149211.000000,152303.454545,166316.454545,
109267.909091,109814.363636,111529.636364,150862.545455,154805.727273,109182.818182,190006.636364,147753.090909,150478.363636,163883.818182,
115272.454545,116121.909091,116139.545455,159348.727273,163047.545455,114568.818182,198008.818182,153494.090909,154039.363636,171058.545455,
114804.181818,116040.181818,115370.818182,157089.272727,157202.181818,113837.454545,195593.454545,153600.636364,151270.545455,172341.727273,
113287.000000,117999.363636,114125.000000,156978.909091,155949.727273,113707.181818,193822.181818,151772.000000,151349.636364,168773.727273,
111966.454545,115002.727273,113686.090909,156666.818182,154628.727273,113242.818182,193431.363636,150001.363636,149635.545455,168618.272727,
112031.454545,116770.181818,113286.545455,156534.454545,155402.909091,113469.545455,193773.000000,149280.363636,149566.272727,167727.272727,
122749.272727,128424.363636,131326.636364,205240.090909,199407.636364,124204.727273,202947.909091,157878.818182,156106.363636,177675.545455,
171033.727273,137314.545455,135357.000000,173351.454545,165208.727273,134165.363636,168553.818182,129393.818182,175956.818182,182578.090909,
192237.000000,147912.727273,148431.272727,184722.545455,180118.636364,144816.454545,182327.818182,143426.727273,185665.909091,186338.000000,
132493.200000,129237.900000,132312.200000,148127.900000,165072.500000,130570.500000,151138.900000,130359.000000,127230.300000,155411.100000,
133854.100000,129931.400000,131305.000000,147412.100000,145470.900000,130238.900000,149971.200000,130347.600000,138237.500000,158713.000000,
130044.600000,127405.500000,128957.800000,144554.300000,142515.900000,128334.200000,143782.600000,128666.600000,133523.600000,150058.700000,
131267.200000,126681.400000,105874.100000,143980.600000,142124.600000,126463.000000,144545.100000,127967.200000,133193.200000,111160.900000,
123360.000000,107045.750000,95973.000000,137328.000000,133897.166667,108619.250000,148906.666667,113013.083333,98911.083333,120199.833333,
134726.000000,110702.636364,106973.181818,153754.727273,152431.454545,132503.909091,161198.181818,111659.727273,107940.545455,109509.727273,
308978.300000,427373.000000,323876.200000,354852.300000,346140.900000,421527.700000,349273.900000,446178.100000,307727.500000,297561.600000,
301608.000000,421222.666667,325577.777778,373875.111111,360115.222222,429842.444444,355558.555556,426977.111111,308530.111111,332591.222222,
231835.666667,315962.333333,251481.444444,287177.333333,287545.888889,249955.111111,274418.444444,231397.555556,235282.777778,252331.333333,
214512.111111,300661.333333,245545.666667,272924.000000,271220.777778,228202.777778,213859.777778,217953.111111,218855.111111,228630.666667,
233633.300000,237128.200000,243912.700000,283500.300000,278949.000000,259508.600000,251825.900000,324717.300000,235850.900000,235575.000000,
252291.600000,255225.000000,239404.700000,277199.300000,275879.000000,265424.600000,253848.300000,320466.500000,249875.900000,240539.100000,
203116.900000,187569.700000,192521.700000,243546.100000,232759.300000,190717.000000,197354.300000,261472.600000,199708.800000,187291.800000,
276831.700000,179337.500000,178791.600000,241180.500000,228467.900000,181273.900000,178103.400000,181040.000000,191998.000000,177142.600000,
449339.000000,461312.875000,444776.125000,527507.625000,546916.000000,452396.500000,453728.375000,448527.375000,570100.250000,626444.500000,
431769.375000,437834.875000,434817.250000,507807.875000,505868.250000,437104.375000,435032.500000,431729.750000,442522.375000,419642.375000,
354231.625000,356929.250000,362887.125000,432898.375000,430514.750000,356742.000000,359215.250000,354736.250000,360917.500000,349998.125000,
253334.222222,253867.111111,253642.444444,333525.333333,324911.888889,259571.222222,255679.555556,250313.888889,257137.000000,257213.555556,
479074.714286,471678.000000,458103.428571,542479.285714,539129.571429,453068.000000,452827.428571,450204.714286,468954.571429,470172.571429,
407201.285714,390269.571429,416671.142857,378911.571429,378924.571429,401935.142857,394653.857143,385937.714286,396333.571429,387903.142857,
392813.142857,378769.571429,403407.142857,373384.142857,371738.714286,379523.571429,383773.142857,374501.714286,382326.714286,374539.142857,
383999.714286,372177.000000,372329.714286,371606.857143,370293.857143,374406.714286,377693.000000,368494.000000,378148.571429,374179.428571,
374707.857143,373398.857143,370190.142857,366741.142857,369186.857143,373151.000000,374404.714286,365868.714286,370230.714286,370603.571429,
375339.000000,368310.857143,365911.142857,365468.285714,364657.285714,372574.714286,367776.142857,367199.285714,369095.571429,365102.857143,
368192.285714,360764.714286,361541.285714,360973.571429,371868.142857,367039.000000,361400.142857,359602.571429,361790.142857,364028.714286,
362467.714286,362549.285714,358336.285714,358233.857143,389655.285714,368478.714286,361922.428571,360415.285714,358276.000000,362257.142857,
353837.142857,355855.285714,353389.285714,354612.428571,375733.142857,367616.714286,361344.714286,354568.857143,355738.571429,356064.714286,
356457.142857,350106.857143,356099.571429,352155.857143,358917.714286,359862.142857,359591.142857,354275.000000,358140.000000,350359.142857,
365955.142857,352912.714286,352737.571429,346652.000000,352492.142857,355909.285714,354100.000000,351463.000000,356962.571429,350762.571429,
199181.375000,203144.375000,200540.625000,212056.875000,196356.500000,198010.375000,200586.000000,205977.750000,202430.875000,209793.750000,
208971.285714,205746.142857,209951.571429,211796.428571,214724.714286,222883.428571,209604.000000,211461.142857,208892.000000,207078.285714,
213866.571429,211904.428571,209313.000000,213037.428571,207380.714286,218626.000000,205350.714286,216272.428571,210143.428571,271557.714286,
169989.428571,170133.000000,167882.000000,168657.428571,171510.714286,172190.857143,166878.857143,176695.857143,168126.142857,227791.857143,
162082.142857,163585.714286,162340.142857,164025.000000,165066.714286,165235.571429,165163.000000,166880.857143,164051.714286,180708.714286,
161131.428571,159564.285714,162306.428571,160939.857143,160765.571429,164155.857143,161552.142857,166387.428571,161642.285714,165624.571429,
161526.142857,161002.142857,161030.714286,159868.285714,160892.285714,162339.857143,159313.142857,162671.285714,160374.857143,162931.714286,
160383.000000,160837.571429,160850.285714,160956.428571,162239.000000,159614.428571,160278.428571,163594.571429,162036.000000,162731.857143,
158678.142857,159515.714286,159294.571429,160332.142857,158673.285714,160036.714286,158427.285714,164708.285714,158926.571429,158177.857143,
162507.571429,157628.428571,160207.000000,157845.857143,159376.142857,157576.714286,160349.571429,161610.142857,160017.857143,160582.714286,
159213.571429,158892.857143,160153.714286,159119.142857,160555.000000,157486.714286,159813.857143,159742.000000,157767.285714,157485.285714,
159412.000000,161533.142857,160370.428571,160011.285714,160814.000000,160811.428571,165893.571429,160955.857143,159581.142857,160072.142857,
210099.500000,206941.333333,207876.166667,206109.833333,207019.000000,208515.833333,207431.166667,210214.500000,208128.000000,206946.166667,
199985.000000,193443.000000,195200.500000,194164.666667,192368.833333,195686.166667,195666.000000,197400.666667,195752.000000,195698.333333,
187779.833333,184176.166667,184191.333333,187597.833333,188380.500000,186865.000000,188300.500000,190873.333333,183208.833333,184921.833333,
181922.333333,183676.000000,185950.333333,183147.333333,182634.500000,181104.000000,186544.500000,188926.166667,181106.833333,181009.000000,
183276.333333,180048.666667,185014.000000,180272.666667,181388.500000,181924.166667,182455.333333,191357.666667,179936.833333,184442.166667,
180663.833333,187078.500000,182232.666667,181261.333333,179869.333333,183698.833333,184280.333333,188832.833333,182036.833333,182225.500000,
178901.333333,185526.500000,179985.666667,181419.666667,182019.500000,181236.833333,202197.000000,211446.666667,182218.666667,184096.833333,
177625.833333,183521.833333,179561.666667,180235.833333,179368.833333,184456.333333,184914.500000,212119.833333,186279.666667,179328.000000,
180552.333333,180219.833333,181336.166667,180782.166667,178908.666667,180466.333333,181613.500000,185861.000000,179980.833333,177747.000000,
178459.166667,183603.333333,178540.833333,181065.500000,177786.500000,182469.333333,179712.166667,186215.500000,177031.500000,184462.333333,
176979.666667,183318.000000,178308.833333,178485.500000,176246.166667,179986.000000,184376.500000,185710.166667,179171.666667,178314.333333,
180126.333333,181752.666667,177343.666667,176192.166667,177268.500000,178954.833333,181421.333333,181996.000000,175711.833333,180144.000000,
214328.833333,211861.500000,210943.666667,206145.000000,208898.000000,212129.666667,217142.833333,211709.000000,212459.500000,207456.666667,
199516.285714,201265.142857,211338.142857,197719.000000,198412.857143,201607.000000,205309.571429,205248.285714,198189.428571,199517.714286,
187926.000000,182737.571429,183058.857143,185241.857143,182815.571429,186561.571429,188927.000000,185444.428571,183390.285714,184052.285714,
190974.714286,182380.000000,186858.857143,188280.000000,184811.428571,182471.000000,182312.000000,187987.714286,185977.000000,191834.428571,
185679.571429,183235.714286,181987.428571,181919.000000,181522.714286,182361.714286,183729.285714,185710.857143,185153.000000,182555.428571,
181641.000000,181105.000000,179886.428571,180626.428571,180953.714286,179273.428571,181823.285714,186256.571429,183156.857143,180223.285714,
182652.428571,179106.571429,180431.857143,177610.428571,180854.142857,177558.000000,180737.142857,181207.714286,182133.285714,179917.285714,
180792.285714,181698.428571,178560.571429,177646.714286,177914.285714,179087.571429,181382.428571,181110.857143,181047.714286,179176.857143,
177120.571429,177047.857143,177860.285714,176493.571429,176851.857143,176193.714286,180472.571429,181411.428571,177654.714286,175603.428571,
177965.000000,175336.857143,177487.571429,175906.285714,176096.285714,176009.857143,178327.714286,178156.714286,177348.285714,174162.000000,
177546.142857,175702.285714,176132.571429,178454.285714,175380.285714,174656.000000,177643.714286,176393.142857,175860.714286,173702.142857,
174864.000000,175576.571429,175703.428571,175906.571429,174929.857143,175414.571429,176910.285714,177192.142857,174327.428571,173116.571429,
176759.857143,174784.285714,175509.285714,173707.857143,173569.142857,174578.857143,176691.428571,176281.857143,174892.571429,173428.714286,
287185.166667,281674.666667,277515.833333,282722.000000,278037.000000,286187.000000,276364.333333,286617.333333,279332.333333,279702.500000,
291292.500000,278454.000000,300740.666667,283499.833333,284958.833333,282668.333333,283334.833333,303721.000000,281437.166667,279767.333333,
241972.000000,235573.000000,255608.500000,235871.666667,237055.500000,236640.666667,238320.833333,260488.833333,244560.666667,237084.000000,
278377.000000,274276.200000,306836.000000,270676.600000,273990.000000,276861.200000,275689.600000,295281.800000,288994.400000,275018.400000,
305649.200000,306899.600000,329623.200000,310920.600000,299974.600000,314722.400000,298551.600000,314309.000000,319690.000000,298214.000000,
274175.400000,268555.400000,283608.200000,268927.200000,267987.400000,310867.200000,264902.400000,274644.600000,273208.200000,271195.600000,
263535.800000,264017.800000,269043.000000,261269.800000,261899.800000,340303.600000,262918.000000,266929.800000,262009.400000,261362.600000,
257382.600000,259281.200000,269657.000000,259823.200000,265533.000000,340782.600000,261099.400000,264639.800000,258353.600000,259767.400000,
259812.200000,256785.800000,274191.600000,256513.400000,258576.400000,337947.600000,255470.800000,261104.600000,260711.000000,257829.600000,
262084.000000,260056.400000,272809.000000,259704.800000,264423.200000,335849.400000,258548.000000,268165.400000,260260.400000,256256.800000,
290242.400000,295023.400000,294486.000000,287570.200000,289041.200000,295419.000000,286413.000000,301958.800000,289904.000000,292059.800000,
263751.000000,265754.200000,269864.600000,267060.200000,264265.600000,271546.800000,269182.400000,270214.200000,264602.400000,265532.600000,
230436.000000,231524.333333,232145.000000,228479.666667,234916.666667,237611.333333,236733.000000,234347.333333,234743.166667,230695.166667,
208593.333333,206480.666667,212553.500000,207156.333333,208945.333333,217323.166667,214186.500000,210544.833333,208713.166667,206255.833333,
197525.333333,197188.166667,202845.833333,198402.500000,199000.000000,203142.333333,206455.166667,200391.833333,200843.166667,196041.833333,
195275.000000,198775.000000,200233.166667,195837.833333,196972.666667,203783.333333,201616.833333,199975.000000,197491.666667,197631.000000,
209580.000000,210205.666667,213630.500000,207289.000000,208758.833333,212653.333333,209042.666667,213926.000000,208808.333333,206649.666667,
197299.333333,198475.333333,198838.500000,200264.000000,194683.666667,196858.666667,196868.833333,199610.833333,200152.500000,197698.333333,
173749.500000,172087.000000,175353.833333,174141.500000,172527.166667,171759.666667,174501.666667,175960.666667,173100.833333,173579.500000,
168829.666667,166580.666667,171723.166667,169560.000000,167539.333333,168189.166667,172208.500000,169325.333333,167849.833333,167387.166667,
170149.166667,165256.000000,169707.500000,166899.500000,167431.333333,168609.500000,169019.500000,170034.000000,165792.500000,170732.833333,
165805.833333,164149.666667,167586.166667,167168.666667,165805.333333,166609.833333,166027.000000,169340.833333,166323.166667,163999.500000,
164152.000000,164615.833333,164006.000000,168490.666667,163979.833333,170697.333333,165612.000000,168724.000000,163475.833333,162850.166667,
163240.666667,162078.000000,163200.500000,164824.500000,161898.333333,168915.833333,161363.000000,167475.333333,161165.166667,160830.500000,
162975.833333,161878.166667,167790.000000,162444.000000,162483.666667,167619.500000,161894.333333,166980.500000,162391.666667,161486.166667,
162453.166667,161843.166667,162842.666667,161998.000000,161337.500000,164409.666667,163180.000000,165450.500000,184240.666667,162218.000000,
164474.500000,160691.666667,160945.833333,163051.166667,160945.166667,163385.333333,161348.166667,164846.333333,163900.166667,161801.500000,
163794.333333,161526.333333,163240.500000,159802.500000,161143.833333,160509.000000,161545.833333,163484.666667,166364.833333,161243.000000,
277946.800000,271006.200000,295635.800000,272584.200000,269636.000000,270419.400000,269278.600000,277163.200000,268472.400000,268041.800000,
539782.600000,526542.600000,577783.000000,525340.000000,539731.800000,530140.600000,532669.800000,556613.800000,522203.000000,538699.000000,
697738.800000,693643.800000,721034.800000,696337.000000,699599.200000,684029.000000,681797.200000,732215.000000,693026.600000,688418.200000,
547530.600000,530094.400000,563923.800000,541781.600000,526543.200000,530044.000000,526310.000000,564535.400000,529112.200000,528254.200000,
535570.800000,505250.600000,498696.400000,508850.400000,505505.600000,503238.800000,507753.200000,532273.600000,499236.000000,499845.400000,
517533.000000,494436.200000,485624.200000,493457.400000,492787.000000,494420.200000,487375.400000,532832.000000,492697.000000,492164.000000,
504580.800000,479166.600000,479021.400000,479110.000000,475884.600000,480628.000000,477384.800000,513163.000000,483143.800000,474517.200000,
1136941.600000,1139112.000000,1153797.400000,1129913.200000,1154139.400000,1147084.800000,1139289.800000,1229671.600000,1136033.800000,1140618.200000,
222907.500000,226301.666667,220651.333333,228809.166667,227149.166667,225978.000000,219001.333333,271344.666667,227806.333333,223300.000000,
183722.500000,187569.333333,183235.000000,187312.833333,185368.666667,182536.666667,182460.333333,213556.333333,183292.666667,182643.333333,
191934.833333,188404.166667,196503.166667,195839.333333,180764.666667,188278.666667,202324.333333,188127.833333,177964.833333,181349.333333,
868047.250000,829643.750000,825423.250000,798541.500000,815563.500000,891350.750000,788867.500000,825226.000000,812805.000000,798351.250000,
692692.250000,634722.750000,627761.000000,628397.000000,623428.750000,698660.250000,630039.750000,650461.000000,625469.000000,626328.750000,
634633.000000,589580.500000,594675.500000,592937.250000,586177.000000,640898.500000,601943.250000,632296.500000,603799.000000,594551.500000,
606021.500000,555187.000000,576479.000000,567889.500000,573428.250000,636453.750000,573106.000000,609974.750000,571811.500000,576499.500000,
588978.250000,563949.000000,569026.500000,562111.750000,559183.750000,593620.250000,551527.750000,596330.000000,553660.250000,548952.500000,
282593.000000,285540.666667,308507.333333,280608.000000,292310.833333,287764.000000,305022.166667,292596.000000,278659.333333,283029.000000,
233174.000000,233988.000000,242692.000000,232079.833333,232815.666667,232367.166667,235579.500000,237695.833333,231695.000000,232574.333333,
197900.500000,205276.666667,213273.666667,195349.333333,201361.833333,196033.333333,194935.500000,206447.833333,193251.333333,203414.666667,
192244.166667,192542.666667,197957.666667,188949.833333,193664.000000,193361.333333,188131.833333,211419.666667,186883.833333,198247.500000,
188641.666667,189237.666667,195649.500000,187696.000000,204046.333333,194950.500000,187237.166667,230747.833333,189923.833333,191460.666667,
188994.166667,192176.333333,198500.500000,186969.333333,193278.333333,191544.666667,190107.500000,205056.833333,191648.333333,189842.666667,
190815.666667,187144.000000,200708.500000,187386.166667,199740.166667,190490.000000,188916.666667,197022.500000,190585.166667,188966.000000,
187343.000000,187724.000000,193233.000000,187859.500000,196553.500000,186279.333333,191563.333333,196024.333333,192976.833333,186136.666667,
187857.500000,186060.333333,190412.000000,189210.833333,189499.000000,187379.166667,190094.500000,209009.666667,194368.166667,190122.166667,
185647.833333,185973.333333,192566.166667,186242.166667,186231.833333,189100.166667,191179.666667,193402.166667,191004.166667,187840.166667,
185299.333333,185453.000000,197579.333333,184989.833333,183918.166667,190178.666667,191139.333333,191925.500000,195743.166667,188953.000000,
184567.833333,185161.166667,194219.833333,185094.333333,185399.833333,186761.166667,187787.333333,191044.666667,194316.166667,186665.500000,
184534.000000,184593.333333,193407.000000,186026.833333,187077.000000,188852.500000,188160.166667,192142.000000,186991.000000,183602.333333,
187629.833333,184834.166667,191109.166667,183764.000000,184376.333333,184389.666667,184575.000000,189416.333333,188930.333333,182254.833333,
186504.000000,184835.666667,189718.500000,184419.333333,185627.000000,182174.833333,186718.833333,187785.666667,187144.500000,181592.333333,
182701.000000,183774.833333,188694.833333,184525.833333,183528.833333,183024.500000,184682.166667,186381.166667,187553.500000,182002.666667,
182120.666667,185157.000000,189273.666667,191938.166667,184290.000000,184286.333333,183095.833333,185563.000000,182675.833333,182210.000000,
183296.166667,181111.500000,190882.000000,188582.000000,181964.500000,187887.166667,179229.833333,185801.666667,181253.333333,182748.333333,
181021.166667,179739.333333,189713.333333,181141.166667,181170.333333,186299.333333,180053.833333,188721.333333,179374.333333,181712.333333,
180017.666667,185140.000000,192305.833333,182596.166667,181264.166667,180940.833333,179425.166667,187938.833333,185682.666667,181264.666667,
178756.833333,179799.666667,193008.500000,179659.000000,179280.000000,179279.500000,179996.333333,186444.166667,182502.333333,180846.000000,
179772.500000,180884.166667,187147.500000,180239.500000,178362.833333,178496.333333,184662.166667,185469.833333,180005.333333,180874.833333,
178576.333333,179952.166667,187591.666667,179495.000000,177758.333333,176273.333333,180476.333333,187936.500000,184295.500000,180669.333333,
918856.333333,932934.666667,959624.000000,919698.666667,920355.666667,958791.333333,936390.666667,942760.666667,931980.333333,905730.333333,
1002399.666667,1063870.666667,1004648.333333,1072848.333333,1009110.666667,1020795.000000,1001572.666667,1027872.000000,1006555.333333,1018289.000000,
873042.333333,819748.666667,841897.333333,887795.666667,831165.000000,825265.666667,834299.000000,845617.000000,832374.333333,826755.333333,
839098.666667,803576.666667,808575.333333,840808.333333,811654.666667,871590.666667,821379.000000,841212.000000,787130.000000,829255.666667,
809625.666667,784510.333333,794563.666667,797764.333333,799111.666667,831998.666667,790042.000000,856928.666667,788571.000000,799348.000000,
790504.666667,753797.333333,783397.000000,775530.333333,753879.666667,788855.666667,770102.666667,834497.666667,772662.666667,771164.000000,
779863.000000,775798.333333,782599.333333,763303.000000,756687.333333,790198.333333,788997.000000,829823.333333,785391.333333,758088.666667,
764866.333333,742295.000000,790517.000000,740121.333333,740309.666667,790847.000000,771898.000000,814354.666667,771589.000000,770294.333333,
805562.333333,748442.000000,782096.333333,747244.333333,767133.666667,781318.000000,761421.000000,814636.333333,746331.000000,764809.666667,
868443.000000,754435.666667,787003.000000,781639.333333,754755.666667,772174.666667,745341.000000,818413.666667,754680.333333,748063.000000,
816394.333333,775835.333333,800399.000000,763312.666667,779823.000000,775223.333333,774441.000000,799820.333333,734591.000000,757706.333333,
797267.333333,744821.666667,800971.000000,757644.333333,746364.333333,798085.666667,750690.000000,840517.666667,745710.666667,749132.000000,
760401.666667,732124.000000,797860.333333,734054.333333,728498.666667,766844.333333,739654.666667,859715.666667,728265.666667,732296.000000,
751392.666667,744804.666667,834613.666667,724041.000000,730149.666667,763218.000000,740005.666667,818131.666667,739817.666667,747175.000000,
728186.000000,717109.000000,815143.000000,713420.666667,721981.666667,743692.333333,749176.333333,818946.000000,740011.000000,727394.333333,
730126.000000,713030.333333,778699.333333,709450.666667,726404.666667,887622.000000,746724.666667,826118.000000,730845.000000,775704.333333,
748645.333333,724818.333333,769346.000000,720883.666667,747909.666667,771659.666667,719809.333333,822920.333333,724865.000000,757676.666667,
766344.333333,728129.000000,783821.666667,720175.666667,745246.333333,759599.666667,729074.000000,855472.333333,717246.333333,756100.000000,
754949.666667,727266.666667,777674.666667,721002.666667,720784.000000,759151.333333,726393.000000,823445.000000,733312.666667,766192.000000,
747194.000000,740922.333333,768662.666667,713882.000000,756192.000000,751897.666667,740164.666667,838584.666667,770596.666667,716053.000000,
726233.666667,733286.333333,759589.666667,716753.666667,738874.333333,745087.666667,740174.666667,802072.333333,745739.666667,711018.333333,
723439.000000,712888.666667,756192.333333,710176.333333,757140.666667,707533.666667,764391.666667,756244.000000,736215.333333,701439.666667,
761431.666667,718444.666667,748701.666667,715751.000000,795630.666667,726831.000000,757427.333333,720864.666667,732992.666667,740176.666667,
753986.666667,701564.000000,740565.666667,697160.666667,748857.666667,707894.666667,744174.666667,714270.333333,702337.666667,720304.000000,
765624.333333,720236.333333,736082.333333,726512.666667,743351.666667,728843.000000,760214.000000,723004.333333,705192.666667,716890.000000,
747614.000000,723094.000000,719047.666667,725426.000000,723097.333333,721140.333333,729212.333333,730201.000000,696056.000000,714908.666667,
761773.666667,757410.000000,724648.000000,716568.666667,728068.000000,720294.000000,732797.666667,728077.000000,728425.333333,767422.666667,
759331.666667,733558.000000,716480.000000,703524.000000,750917.333333,735491.000000,754086.666667,870112.333333,718820.333333,760620.000000,
751581.000000,730414.666667,720631.666667,718710.666667,738389.666667,734925.666667,722167.666667,718853.333333,724636.333333,742664.666667,
727129.333333,700184.333333,726695.333333,696944.000000,714742.666667,719153.333333,711336.333333,716769.000000,716167.666667,749837.000000,
722163.000000,709351.000000,722320.333333,684179.000000,744113.000000,721557.333333,707877.333333,698879.666667,710152.666667,710565.666667,
749689.666667,683574.333333,717100.666667,679382.000000,707168.666667,709624.666667,717739.666667,699745.333333,701062.000000,710982.000000,
723588.666667,716270.000000,716753.000000,725320.000000,715365.666667,713483.333333,721178.333333,724526.333333,687969.666667,738130.666667,
693590.000000,720326.000000,716699.333333,706402.666667,724207.333333,741866.000000,697559.666667,705199.333333,682745.000000,743385.666667,
682494.666667,719900.666667,733453.333333,681332.000000,712655.000000,705860.333333,699744.333333,683183.000000,674883.666667,731755.333333,
711509.666667,725243.000000,745801.000000,693396.333333,701038.666667,710889.666667,699184.666667,700128.333333,677613.000000,761502.666667,
677749.000000,695481.666667,734063.666667,678774.000000,689231.666667,707866.000000,695450.000000,690801.333333,669530.666667,694808.000000,
707408.666667,691752.666667,716158.666667,685401.333333,711552.000000,687244.666667,715868.000000,682372.000000,712808.333333,682657.333333,
684609.333333,669234.666667,695837.333333,683145.000000,700827.666667,706687.333333,712262.000000,689753.333333,697962.666667,676642.333333,
704032.666667,678187.000000,684644.666667,685648.000000,679965.333333,707161.000000,740066.666667,680616.666667,687179.666667,673514.000000,
692705.000000,678253.000000,703418.666667,685276.000000,690310.000000,717373.000000,698320.333333,685099.333333,677983.000000,676106.666667,
674837.666667,702937.333333,702761.333333,687338.666667,706824.000000,679626.333333,694263.666667,681616.666667,673253.333333,701358.000000,
692156.000000,668007.333333,686355.666667,670516.333333,675975.000000,698146.000000,678945.333333,696394.333333,671317.666667,670020.333333,
672990.666667,679375.333333,698656.333333,667434.333333,681592.666667,683745.000000,683093.333333,710271.666667,678773.666667,682746.666667,
673173.000000,681606.000000,689907.666667,684311.666667,664894.666667,710446.666667,690674.333333,691186.333333,660833.666667,671663.333333,
673456.333333,665766.666667,704428.333333,674369.666667,700640.666667,681741.000000,713112.666667,678712.666667,675267.000000,657206.333333,
685277.333333,679633.666667,726102.000000,689980.000000,701586.000000,689710.000000,754752.000000,686614.333333,670503.666667,689723.666667,
724010.000000,687687.666667,704227.000000,695467.666667,697900.666667,710664.000000,693233.333333,700050.000000,712876.666667,671369.333333,
1062746.666667,1052753.666667,1051097.333333,1059012.666667,1170526.666667,1057896.666667,1039822.333333,1049240.333333,1080329.333333,1043878.333333,
1387977.000000,1285543.666667,1316557.666667,1272116.666667,1332710.666667,1324200.000000,1282569.666667,1309915.333333,1341792.000000,1287753.666667,
1066157.333333,1012853.666667,1055846.333333,1009130.666667,1042452.333333,1036114.666667,1067554.333333,1024936.000000,1038311.666667,1033629.333333,
1025740.333333,1029454.666667,1020603.666667,987770.333333,1011514.000000,1016718.000000,1036568.666667,996207.000000,1042846.000000,994383.000000,
1354918.333333,1311754.000000,1319139.666667,1301706.666667,1329231.666667,1313184.333333,1375046.000000,1305419.333333,1339660.333333,1287389.000000,
1310704.000000,1308929.666667,1267517.666667,1276268.000000,1273497.333333,1291207.666667,1302683.333333,1270617.333333,1276000.333333,1278321.000000,
1200369.666667,1216231.666667,1227412.000000,1201944.000000,1215594.666667,1254344.000000,1218268.666667,1232387.333333,1212727.000000,1220145.000000,
1228703.000000,1208530.666667,1228716.000000,1194260.000000,1225085.000000,1235874.000000,1241645.333333,1209918.000000,1213623.666667,1200013.666667,
1221320.666667,1210827.333333,1212329.000000,1184840.333333,1207125.666667,1202415.333333,1218670.333333,1189585.333333,1199099.000000,1180117.000000,
1215281.333333,1215801.666667,1191612.666667,1197469.000000,1198134.666667,1213919.333333,1212248.666667,1172532.666667,1219279.000000,1210096.333333,
1499279.333333,1531145.000000,1524737.333333,1554170.666667,1495538.333333,1496141.333333,1493312.000000,1619702.333333,1524519.000000,1490343.666667,
1775400.666667,1704192.666667,1712825.333333,1891180.333333,1733685.666667,1676875.666667,1782629.333333,1740550.666667,1708441.000000,1677891.333333,
1288128.666667,1257376.000000,1306951.000000,1351478.666667,1256734.333333,1250833.000000,1253383.666667,1309504.333333,1276900.000000,1246083.666667,
1351363.666667,1238518.666667,1261933.333333,1318563.000000,1236396.000000,1230968.000000,1249769.666667,1257451.000000,1260158.333333,1229499.000000,
1268832.333333,1220074.333333,1241957.666667,1297416.000000,1206547.666667,1206879.666667,1205497.333333,1245368.666667,1225360.333333,1232451.666667,
1241219.000000,1211666.000000,1219471.333333,1293379.333333,1225568.666667,1222400.333333,1260937.666667,1261077.000000,1200605.333333,1202800.333333,
1215105.000000,1195247.666667,1209417.000000,1270229.666667,1208336.000000,1211393.000000,1198634.333333,1216620.666667,1220307.000000,1179698.333333,
1198047.333333,1192824.000000,1202448.000000,1276278.666667,1225681.333333,1217298.000000,1188480.333333,1217496.000000,1210993.000000,1203410.333333,
1183075.666667,1219617.666667,1202368.333333,1276019.000000,1203610.666667,1207564.333333,1203985.000000,1241361.000000,1205677.333333,1212241.333333,
1182233.000000,1245699.333333,1215356.666667,1269924.666667,1216418.000000,1191930.000000,1214660.666667,1251247.333333,1207317.000000,1202480.000000,
1220565.000000,1279989.000000,1225767.000000,1278413.333333,1192748.333333,1176338.333333,1217576.666667,1211849.333333,1206733.333333,1177374.000000,
1242537.666667,1225360.000000,1205082.333333,1258165.000000,1209681.333333,1177950.666667,1244696.666667,1198853.000000,1203985.666667,1225719.000000,
1222482.333333,1216809.000000,1200908.666667,1373554.666667,1255209.000000,1219663.333333,1229385.000000,1199386.666667,1216322.000000,1198279.333333,
1194165.000000,1214910.333333,1191655.333333,1282367.333333,1280826.333333,1220786.333333,1178942.000000,1190554.666667,1223126.000000,1237462.333333,
1196821.000000,1180116.000000,1206242.333333,1305013.000000,1234958.666667,1195593.000000,1175245.000000,1245314.333333,1197578.666667,1245244.666667,
1233439.666667,1185695.666667,1187524.666667,1271454.000000,1208585.333333,1180041.333333,1177356.333333,1181015.666667,1229901.000000,1282028.000000,
1252751.666667,1182002.666667,1175421.000000,1327611.000000,1196138.000000,1177360.000000,1160365.333333,1172800.000000,1193214.333333,1197774.000000,
1201135.666667,1217505.666667,1178392.666667,1273804.666667,1212443.666667,1228074.000000,1185686.666667,1212104.000000,1235138.333333,1198575.666667,
1208025.000000,1199520.000000,1172158.666667,1280375.666667,1203716.333333,1214050.000000,1172284.666667,1213523.333333,1208018.666667,1181789.666667,
1173943.333333,1194490.666667,1169693.000000,1238962.333333,1183273.666667,1203058.333333,1205948.000000,1165929.333333,1214842.000000,1195032.000000,
1211658.666667,1162699.333333,1158550.000000,1273030.333333,1168049.333333,1178540.000000,1165704.666667,1184908.666667,1232549.666667,1160792.333333,
1194926.666667,1176112.000000,1179557.000000,1276480.000000,1173498.000000,1178804.666667,1172261.333333,1175461.000000,1223470.333333,1179423.666667,
1258987.333333,1206290.666667,1179368.000000,1242181.333333,1193858.333333,1168810.000000,1197096.333333,1161689.666667,1220256.333333,1180645.000000,
1213827.333333,1152494.000000,1182645.000000,1232307.333333,1253659.000000,1157548.000000,1161531.333333,1182202.333333,1193808.333333,1177542.666667,
1165374.000000,1168750.000000,1196214.000000,1225121.666667,1195410.000000,1151687.333333,1187439.000000,1170787.666667,1193869.000000,1140994.333333,
1203027.666667,1170027.333333,1199650.000000,1289279.333333,1196257.333333,1156636.000000,1162262.333333,1190274.000000,1184604.666667,1150254.000000,
1162283.666667,1166382.666667,1227796.333333,1247225.000000,1184342.333333,1156172.000000,1168505.666667,1169636.000000,1203447.000000,1179810.333333,
1161383.333333,1184455.666667,1190949.000000,1221698.333333,1172919.333333,1159155.000000,1163420.000000,1183151.666667,1194577.000000,1203406.000000,
1146027.666667,1150118.333333,1171305.000000,1203806.666667,1156134.666667,1145933.000000,1185846.333333,1181356.000000,1177920.000000,1147060.000000,
1183206.333333,1147984.333333,1162261.333333,1243968.000000,1167303.333333,1143602.000000,1162435.000000,1169164.333333,1190097.333333,1149799.333333,
1159646.000000,1142861.000000,1157499.666667,1250183.000000,1170660.000000,1142624.333333,1167287.666667,1164965.000000,1165464.000000,1134266.333333,
1142723.000000,1171782.000000,1143053.000000,1237873.666667,1157361.333333,1151394.333333,1150032.000000,1145142.666667,1179911.000000,1156750.000000,
1135977.666667,1187715.000000,1164261.333333,1221431.000000,1143352.666667,1174877.333333,1156562.666667,1159889.000000,1162251.000000,1166472.333333,
1122921.333333,1150643.000000,1172182.333333,1221736.666667,1138568.666667,1190880.000000,1161172.666667,1178136.666667,1160532.333333,1146015.333333,
1120788.000000,1164666.000000,1167626.000000,1226206.000000,1134971.333333,1173999.000000,1159854.000000,1172352.666667,1166385.000000,1130834.000000,
1151765.666667,1125558.333333,1171205.000000,1228850.666667,1131419.000000,1169859.000000,1156906.333333,1142120.333333,1143196.666667,1146024.333333,
1125181.000000,1203377.333333,1144825.000000,1226949.666667,1195781.666667,1167784.666667,1160125.333333,1132201.333333,1161299.666667,1137366.000000,
1154256.666667,1191350.333333,1176923.000000,1199679.333333,1202123.666667,1140054.000000,1143471.333333,1170271.666667,1175405.666667,1196136.333333,
1121461.333333,1190132.333333,1159748.000000,1231614.666667,1162921.666667,1148513.666667,1145123.333333,1121061.666667,1161664.333333,1224430.333333,
1168988.666667,1191581.000000,1177279.666667,1197934.333333,1138132.333333,1128257.666667,1203996.333333,1138831.666667,1154216.000000,1211109.333333,
1164805.333333,1154704.333333,1161778.333333,1222109.666667,1127461.000000,1140539.666667,1154072.333333,1122743.000000,1117464.000000,1153322.000000,
1112305.000000,1145021.333333,1157964.666667,1205130.666667,1144613.000000,1171525.000000,1154126.333333,1114460.666667,1138442.666667,1147607.333333,
1213976.666667,1120951.666667,1186335.000000,1182913.666667,1123916.000000,1145805.333333,1123518.666667,1156425.000000,1119598.333333,1119383.000000,
1147759.000000,1126379.333333,1175213.000000,1221631.000000,1107102.333333,1168133.666667,1191085.333333,1139287.333333,1130873.333333,1102968.666667,
1126919.666667,1125830.000000,1180834.666667,1211666.000000,1107702.666667,1150484.000000,1145203.000000,1109554.000000,1111345.666667,1108596.333333,
1121276.333333,1150925.333333,1146718.000000,1182246.333333,1115102.666667,1123072.000000,1166698.666667,1099012.666667,1138618.000000,1124142.333333,
1115973.000000,1135401.000000,1126072.000000,1169402.333333,1109530.333333,1111325.333333,1101180.333333,1098838.000000,1124080.333333,1108897.000000,
1132547.000000,1102986.000000,1159064.333333,1170897.333333,1104710.333333,1127562.000000,1100587.666667,1130872.333333,1101279.000000,1136745.000000,
1141978.666667,1113723.666667,1125975.333333,1188233.333333,1091156.000000,1136530.000000,1102384.666667,1128803.333333,1124471.666667,1115660.000000,
1125157.333333,1124177.333333,1110916.666667,1165884.333333,1095060.333333,1116506.000000,1088886.333333,1118229.666667,1181448.666667,1114237.333333,
1157184.333333,1148300.000000,1110576.000000,1159856.333333,1103863.000000,1138345.666667,1084439.666667,1101877.000000,1147055.666667,1085850.000000,
1129690.666667,1120200.000000,1087325.000000,1171391.333333,1107251.666667,1205645.000000,1092655.666667,1090285.000000,1117398.000000,1122551.333333,
1105789.000000,1087715.333333,1099354.000000,1185470.333333,1083236.666667,1163501.666667,1080524.666667,1115761.333333,1102138.666667,1089638.666667,
1143199.666667,1109425.000000,1091114.000000,1188084.666667,1098191.666667,1133213.666667,1093858.333333,1124185.333333,1120878.333333,1073569.666667,
1108178.666667,1129016.666667,1091683.666667,1220887.666667,1078964.000000,1113412.666667,1083717.000000,1107673.333333,1123240.000000,1071539.666667,
1139579.000000,1110128.666667,1083864.000000,1217479.333333,1087582.000000,1117208.666667,1092825.000000,1094497.333333,1096894.000000,1086327.000000,
1176521.000000,1166758.333333,1145374.000000,1144720.000000,1139428.666667,1158764.333333,1183489.333333,1142111.666667,1166524.666667,1163571.333333,
1244345.333333,1179530.000000,1169491.666667,1204632.333333,1156861.333333,1169055.000000,1172595.000000,1177903.666667,1166589.333333,1171553.333333,
1193295.666667,1157155.000000,1162041.333333,1153464.333333,1133925.000000,1176607.666667,1165963.666667,1139147.333333,1167672.000000,1152077.000000,
1164899.000000,1160071.666667,1146550.333333,1156142.333333,1133539.000000,1149974.666667,1145784.333333,1134304.000000,1177188.333333,1121661.000000,
1121728.000000,1161850.333333,1127973.333333,1143830.000000,1140492.333333,1162231.000000,1141020.333333,1114218.333333,1153484.666667,1126562.666667,
1139694.666667,1129607.333333,1125018.333333,1096792.000000,1163830.333333,1138075.666667,1142716.666667,1099732.000000,1126705.000000,1131002.666667,
1106635.666667,1131999.333333,1141907.666667,1141431.000000,1128625.000000,1097683.666667,1163279.333333,1179633.666667,1130287.000000,1095279.333333,
1166841.000000,1115637.000000,1129713.333333,1108038.000000,1108898.333333,1136966.000000,1135641.333333,1159600.000000,1151774.333333,1116025.666667,
1172540.000000,1112617.666667,1111434.333333,1110722.000000,1098580.333333,1138026.333333,1111066.333333,1149064.666667,1161740.000000,1138822.666667,
1109763.000000,1135144.000000,1112759.000000,1105075.333333,1139205.333333,1132066.333333,1101600.666667,1121866.666667,1131605.333333,1120581.333333,
1141657.333333,1173295.000000,1117117.000000,1103750.000000,1152240.333333,1116118.666667,1111465.666667,1127099.666667,1110345.000000,1119030.000000,
1159119.333333,1158859.333333,1183988.333333,1152046.333333,1151044.666667,1105896.333333,1108315.333333,1148224.666667,1106741.666667,1141056.666667,
1160142.000000,1133444.333333,1175313.666667,1085899.333333,1099801.666667,1094092.666667,1112132.666667,1110858.666667,1160745.666667,1086678.666667,
3513395.000000,3490789.000000,3530409.500000,3866813.500000,3413900.000000,3500472.500000,3605387.500000,3442499.500000,3537432.000000,3399429.500000,
4052251.500000,4005084.500000,4354779.000000,4701540.000000,4011173.500000,4104872.500000,4036132.500000,4046825.000000,4245994.500000,4066306.500000,
3081411.500000,3049480.500000,3102249.500000,3563132.500000,3000996.000000,3149723.500000,3064339.500000,2981080.500000,3100262.000000,2998532.000000,
2958095.000000,2972854.500000,3005969.000000,3454182.500000,3389470.000000,3099188.000000,3038753.500000,2967406.000000,2954420.500000,3012064.500000,
2923769.500000,2926671.000000,2975634.500000,3442198.000000,3324204.500000,3002538.000000,2988921.000000,2911822.500000,2936508.500000,3026467.500000,
2929082.500000,2928124.500000,2976944.000000,3387481.500000,3273134.500000,2930098.500000,2992546.500000,2834916.000000,2931784.000000,2932638.500000,
2977005.500000,2865781.500000,2985837.500000,3322513.000000,3254938.000000,2899066.500000,3124033.500000,2895780.500000,2881133.000000,2885770.500000,
2953190.500000,2880097.000000,2930276.000000,3314038.500000,3224287.500000,2868016.500000,3108537.500000,2832365.000000,2971531.000000,2811532.000000,
2895313.500000,2833198.000000,2829038.500000,3323716.000000,3312426.000000,2815750.500000,3046870.500000,2766891.500000,2940130.000000,2809344.000000,
2842988.000000,2812601.500000,2937757.500000,3112994.500000,3233568.000000,2868415.000000,3068663.000000,2810310.500000,2954776.000000,3040008.500000,
2897777.500000,2884820.500000,2848621.500000,2889260.000000,3298075.500000,2858728.500000,3050002.500000,2842653.500000,2958726.500000,2980305.500000,
2838427.000000,2854678.000000,2894927.000000,2840369.500000,3251122.000000,2838569.500000,3024528.500000,2797429.500000,2941306.000000,2986177.000000,
2736908.500000,2777369.000000,2839231.500000,2840231.500000,3199761.500000,2779684.000000,3000422.000000,2816857.000000,2920954.500000,2915341.500000,
2752947.500000,2824235.000000,2859097.500000,2874678.000000,3234365.500000,2918923.000000,2970557.500000,2892521.500000,2925853.000000,2976952.500000,
2792310.000000,2810547.500000,2845154.500000,2843969.500000,3208314.500000,2829998.000000,3037939.000000,2748916.500000,2919143.000000,2995579.500000,
3029502.500000,2789753.500000,2802154.000000,2829696.500000,3160251.000000,2780923.500000,2997858.000000,2818172.500000,2896397.500000,3065553.000000,
2797772.500000,2753444.500000,2837647.000000,2800765.000000,3108840.500000,2802531.000000,2945582.500000,2773469.000000,2900945.000000,3041724.500000,
2772995.500000,2804991.500000,2831622.000000,2835446.500000,3095890.500000,2804352.500000,2984360.000000,2726310.500000,2907262.500000,2960282.000000,
2794872.000000,2838259.500000,2858241.000000,2796519.000000,3099251.000000,2764083.000000,2997012.000000,2776360.500000,2897437.000000,2960266.000000,
2785773.000000,2832053.000000,2774414.500000,2767672.500000,3094253.000000,2872298.000000,3040186.500000,2707499.000000,2875961.500000,2951096.000000,
2873142.000000,2747791.500000,2792164.000000,2817718.500000,3096486.000000,2810709.000000,2973963.000000,2697348.000000,2791136.500000,2869574.000000,
2769248.000000,2705247.500000,2771632.500000,2781513.500000,3161679.000000,2824662.500000,3001331.000000,2789162.500000,2748726.000000,2899657.000000,
2883803.000000,2703174.000000,2803789.000000,2747074.500000,3085758.000000,2781347.000000,2929074.000000,2703624.000000,2760497.500000,2869407.500000,
2752483.500000,2774969.000000,2916218.500000,2784439.000000,3070252.500000,2793230.000000,2931677.000000,2663242.500000,2725912.500000,2871953.500000,
2751466.500000,2818704.000000,2873534.500000,2759412.500000,3223861.000000,2770443.500000,2860327.000000,2696945.000000,2701421.000000,2848591.500000,
2781959.500000,2735957.000000,2714188.000000,2713017.000000,3134946.500000,2752000.500000,2920007.500000,2660201.500000,2731339.000000,2850864.500000,
2703231.500000,2709235.500000,2706511.500000,2775400.000000,3228743.000000,2774645.000000,2912301.500000,2696003.000000,2709065.500000,2869132.000000,
2725616.500000,2698689.500000,2752582.000000,2798202.000000,2945481.500000,2719921.500000,2852734.000000,2668221.500000,2678941.000000,2814983.000000,
2802163.500000,2703310.000000,2714826.000000,2768181.500000,2668281.000000,2717246.500000,2931730.000000,2651116.000000,2752983.500000,2837447.500000,
2675831.500000,2706074.000000,2711751.000000,2720431.500000,2690588.000000,2730092.500000,2949996.500000,2670852.500000,2661463.500000,2848557.500000,
2671932.000000,2694469.000000,2740404.000000,2701256.500000,2690796.000000,2676303.500000,2849754.500000,2651450.500000,2663894.000000,2795377.000000,
2707271.000000,2686463.500000,2708964.500000,2682669.000000,2615910.500000,2690939.000000,2850783.000000,2627465.500000,2702564.000000,2788062.500000,
2709007.000000,2650927.500000,2771653.500000,2682624.000000,2752549.500000,2711074.000000,2878010.000000,2680075.500000,2668904.000000,2814749.000000,
2784732.500000,2679863.000000,2799717.500000,2658674.500000,2676340.500000,2651045.000000,2868805.500000,2634297.000000,2586565.500000,2857480.000000,
2670472.500000,2639838.500000,2749796.000000,2673551.000000,2627123.500000,2650018.000000,2885987.000000,2646325.000000,2725998.500000,2837314.500000,
2628678.500000,2629111.000000,2701258.500000,2707025.000000,2644707.000000,2757617.500000,2851017.000000,2674750.500000,2682616.500000,2930765.500000,
2671962.000000,2739128.000000,2680036.000000,2727358.000000,2619563.000000,2665953.000000,2886423.000000,2673986.000000,2591550.000000,2880779.500000,
2670395.000000,2736970.000000,2672115.500000,2748581.500000,2624001.000000,2705776.500000,2855360.500000,2622696.500000,2659785.500000,2855116.000000,
2652606.000000,2630818.000000,2670495.500000,2703052.000000,2628026.000000,2696685.500000,2856198.500000,2622446.000000,2613612.000000,2816120.000000,
2595167.000000,2615572.500000,2640835.000000,2765668.000000,2643625.000000,2708874.500000,2829084.500000,2582871.500000,2594962.500000,2788400.500000,
2709326.500000,2673407.000000,2630430.000000,2616026.000000,2607627.500000,2603000.500000,2854884.000000,2656493.000000,2602329.000000,2792265.500000,
2754712.000000,2661125.500000,2629981.000000,2628357.000000,2591531.000000,2701703.000000,2820273.500000,2590510.000000,2610525.000000,2752209.500000,
2727748.500000,2648297.500000,2595934.000000,2608862.000000,2703988.000000,2655353.500000,2807261.000000,2579966.500000,2593281.500000,2780771.000000,
2667294.000000,2682132.000000,2578300.000000,2629398.000000,2608381.500000,2627132.500000,2858040.500000,2630037.500000,2676646.500000,2798338.000000,
2634305.000000,2619740.500000,2569471.000000,2606785.000000,2563777.000000,2570293.500000,2823826.000000,2613863.500000,2603685.000000,2654775.000000,
2701692.500000,2603705.500000,2623975.000000,2635389.500000,2558765.000000,2607203.500000,2756606.500000,2542166.000000,2592416.500000,2592804.500000,
2609425.000000,2670146.000000,2644627.500000,2595429.500000,2558024.500000,2621564.000000,2816554.000000,2580599.000000,2625564.000000,2524652.500000,
2677048.500000,2621633.500000,2612835.500000,2619271.000000,2557445.500000,2628542.000000,2816180.500000,2596252.000000,2595635.000000,2648784.500000,
2671886.500000,2573671.500000,2599939.500000,2645802.000000,2545331.000000,2608737.000000,2740626.500000,2584062.500000,2549062.500000,2607742.000000,
2599483.500000,2585550.000000,2617675.000000,2608141.000000,2550088.500000,2541612.500000,2770179.000000,2678223.000000,2666966.500000,2658798.500000,
2713321.500000,2637184.000000,2629475.000000,2573458.000000,2529794.500000,2595716.500000,2783228.000000,2615621.000000,2607782.500000,2688048.000000,
2645712.500000,2586034.000000,2548388.000000,2567500.500000,2595432.500000,2621916.000000,2753787.500000,2605515.500000,2573508.500000,2612550.500000,
2551601.000000,2588943.500000,2627566.500000,2570513.500000,2591398.000000,2605287.500000,2772284.500000,2612078.000000,2602155.500000,2562585.000000,
2546210.000000,2615973.500000,2614449.000000,2563158.000000,2571357.500000,2598813.500000,2791155.000000,2611847.000000,2656231.500000,2564142.500000,
2568350.000000,2574921.500000,2603564.000000,2650997.000000,2531273.500000,2570657.500000,2868971.000000,2566538.500000,2554343.000000,2532157.500000,
2675764.000000,2803109.000000,2734035.000000,2784442.000000,2690799.500000,2647789.000000,2967866.500000,2737395.000000,2682884.500000,2673299.500000,
2903444.000000,3056918.000000,2963822.000000,2974015.000000,2868685.500000,3012660.500000,3513797.500000,2918222.500000,2931157.000000,2894832.500000,
2889137.000000,2878918.500000,2804278.000000,2886914.000000,2773513.000000,2836173.500000,3151509.000000,2822533.500000,2770642.000000,2797643.000000,
2887536.000000,2827436.000000,3050147.500000,2853452.500000,2825438.500000,2738814.000000,3069739.500000,2798517.000000,2759307.500000,2785129.500000,
2870459.500000,2786574.000000,3023302.000000,2826370.500000,2750163.000000,2787804.000000,3057749.000000,2789176.500000,2765067.500000,2761105.000000,
2930296.500000,2842729.500000,2865757.500000,2823805.500000,2737911.000000,2869111.500000,3049995.000000,2808379.000000,2771305.500000,2784580.500000,
2909377.000000,2758581.000000,2863474.500000,2813008.500000,2754288.500000,2934684.000000,3067723.500000,2889221.500000,2784100.000000,2735792.500000,
2843377.000000,2818434.500000,2793143.000000,2820021.000000,2784909.500000,2864161.500000,3017672.500000,2838364.000000,2779703.000000,2778934.500000,
2756267.500000,2777603.500000,2803393.000000,2815335.500000,2733614.000000,2815932.000000,3038639.000000,2781018.500000,2869235.500000,2781663.000000,
2796145.000000,2770883.500000,2809826.500000,2842020.500000,2855722.500000,2792009.500000,3063235.000000,2820374.000000,2786274.000000,2747796.500000,
2803138.500000,2763011.000000,2784029.000000,2804420.000000,2838111.500000,2804418.500000,2999065.500000,2826980.500000,2832787.000000,2803592.000000,
2821790.500000,2783734.500000,2777937.500000,2821992.500000,2779916.000000,2802402.500000,3043808.500000,2793998.000000,2848925.500000,2820729.000000,
2890194.000000,2742714.500000,2865602.500000,2803515.000000,2779101.000000,2747615.000000,3033156.500000,2772938.000000,2790921.000000,2824165.500000,
2791931.500000,2784633.500000,2909442.000000,2802636.500000,2751304.500000,2792426.500000,3000494.000000,2785566.500000,2853091.000000,2858103.500000,
2758147.000000,2786430.000000,2843686.000000,2853494.500000,2777992.500000,2816878.000000,3211455.000000,2749126.500000,2850854.500000,2789296.500000,
2775323.500000,2864798.000000,2801311.500000,2882165.000000,2789965.500000,2768915.000000,3128032.500000,2732079.500000,2808341.500000,2808083.500000,
2780946.500000,2775504.500000,2765328.000000,2819192.000000,2758735.500000,2776273.000000,3038677.000000,2849122.500000,2838231.500000,2804101.000000,
2704844.000000,2752424.000000,2745816.000000,2836667.000000,2712309.500000,2760922.000000,3057491.000000,2809294.500000,2816678.500000,2796838.500000,
2687349.000000,2874722.000000,2821235.000000,2833961.000000,2722202.500000,2777528.500000,2982958.500000,2806427.500000,2779238.500000,2786731.000000,
2775683.500000,2860286.500000,2811155.000000,2846011.000000,2729848.500000,2765443.000000,3068175.000000,2765425.500000,2776218.500000,2806277.500000,
2827460.500000,2726931.000000,2774908.000000,2811057.500000,2742016.000000,2863580.500000,3021283.000000,2745410.500000,2718349.000000,2753941.500000,
2894217.500000,2753672.000000,2777591.500000,2818626.500000,2770196.500000,2854411.500000,2962052.000000,2718830.000000,2743230.500000,2781548.500000,
2822095.000000,2757376.500000,2784758.000000,2731168.000000,2717453.500000,2699716.500000,3043435.000000,2737453.000000,2796249.500000,2805927.000000,
2713435.000000,2798193.000000,2825706.000000,2709339.000000,2692219.500000,2834769.500000,2955361.000000,2715620.500000,2727000.500000,2695028.500000,
2727084.000000,2730659.500000,2780947.500000,2713203.000000,2874188.000000,2754822.000000,2990246.500000,2719235.000000,2691418.000000,2689198.500000,
2766257.500000,2722181.500000,2752116.000000,2783859.000000,2771113.500000,2736931.500000,3052320.000000,2724246.500000,2758948.000000,2733376.500000,
2858030.000000,2704643.000000,2813166.000000,2748028.500000,2733304.500000,2761228.500000,2983405.500000,2732153.000000,2755016.000000,2731982.000000,
2830935.000000,2721683.500000,2773453.000000,2726193.500000,2740188.000000,2727812.500000,3038225.000000,2693950.000000,2670261.500000,2761093.000000,
2830313.000000,2671428.500000,2771134.500000,2721793.000000,2673282.000000,2736619.500000,3031178.000000,2787188.000000,2782936.000000,2712556.000000,
2861681.000000,2766032.000000,2758251.000000,2713148.000000,2655029.000000,2800785.500000,2719045.500000,2698950.000000,2801025.500000,2699174.500000,
2731707.000000,2753857.500000,2748336.500000,2710327.000000,2688654.000000,2725718.500000,2665223.000000,2728864.000000,2685367.000000,2806523.000000,
2764439.000000,2768825.000000,2773985.500000,2682499.500000,2665796.000000,2751513.500000,2769285.000000,2763808.500000,2742501.500000,2729167.500000,
2761548.000000,2706811.500000,2759171.000000,2686746.500000,2724824.000000,2731504.500000,2748612.500000,2816522.000000,2760865.000000,2804111.500000,
2710545.000000,2773146.500000,2722533.500000,2726405.500000,2693351.500000,2702117.500000,2709425.500000,2711640.500000,2661578.500000,2825525.000000,
2698237.500000,2757580.500000,2707217.000000,2706852.000000,2630713.000000,2698061.500000,2822588.000000,2747630.500000,2792623.000000,2722521.500000,
2778138.500000,2730085.000000,2703688.000000,2824079.500000,2680540.500000,2688401.500000,2831211.000000,2682519.500000,2753486.500000,2716607.500000,
2711216.000000,2783224.500000,2965269.500000,2773995.000000,2679151.000000,2683486.500000,2728051.500000,2801260.000000,2679354.500000,2647502.500000,
2812302.500000,2850247.500000,2819221.500000,2690338.500000,2639203.000000,2749414.500000,2744039.500000,2723269.000000,2795774.500000,2694427.500000,
2804193.000000,2720551.000000,2846382.000000,2782854.000000,2636252.500000,2713061.500000,2660067.000000,2665943.500000,2710359.500000,2688895.000000,
2718445.000000,2723564.000000,2761446.000000,2721954.000000,2664619.000000,2699279.500000,2667204.500000,2701061.500000,2662053.000000,2636932.000000,
2792394.500000,2686044.000000,2715514.000000,2689640.500000,2667961.000000,2680403.500000,2698766.500000,2748329.500000,2681984.500000,2694269.000000,
2644909.000000,2705409.500000,2725773.500000,2731103.500000,2633840.000000,2673684.500000,2613262.500000,2686965.000000,2651208.500000,2651465.500000,
2716156.000000,2707221.000000,2712170.500000,2711931.500000,2646927.500000,2731965.500000,2667243.000000,2681814.000000,2625404.000000,2640539.000000,
2693036.000000,2665716.500000,2696726.500000,2642080.500000,2638432.500000,2684324.500000,2688377.000000,2687402.500000,2632976.500000,2629364.500000,
2809006.500000,2663013.500000,2692798.500000,2703832.000000,2659349.000000,2699314.500000,2727845.500000,2693186.500000,2699882.500000,2660454.500000,
2791529.500000,2696306.500000,2678855.500000,2699942.000000,2604226.000000,2901150.500000,2730537.500000,2724783.500000,2686632.000000,2630078.000000,
2782172.000000,2672536.500000,2740310.000000,2592630.500000,2735733.500000,2797958.000000,2742157.500000,2704426.000000,2659174.000000,2620478.500000,
2683204.000000,2670834.000000,2664714.500000,2681329.500000,2710711.500000,2736497.500000,2636823.500000,2743674.000000,2723790.000000,2649061.000000,
2699591.000000,2809115.000000,2675430.500000,2654362.000000,2624022.000000,2762210.000000,2636385.500000,2700031.500000,2660239.000000,2602321.000000,
2696627.500000,2710442.500000,2673810.000000,2597063.500000,2634699.000000,2729561.000000,2757332.500000,2704438.500000,2692835.500000,2606613.500000,
2620003.000000,2679919.000000,2665428.500000,2694028.500000,2627883.000000,2689444.500000,2708350.500000,2713423.500000,2701406.000000,2646266.500000,
2642994.000000,2754221.000000,2716445.500000,2673616.000000,2606327.500000,2706455.500000,2736905.500000,2712761.500000,2648662.000000,2613312.000000,
2678254.000000,2798983.500000,2666670.000000,2657748.000000,2631615.000000,2722807.000000,2708908.000000,2682625.500000,2616125.000000,2603004.000000,
2686824.000000,2725263.500000,2726312.000000,2743294.000000,2625473.000000,2648794.000000,2621976.500000,2619651.000000,2668411.000000,2688719.000000,
2800002.000000,2685200.500000,2751249.500000,2646457.500000,2734607.000000,2694120.000000,2647383.000000,2643474.000000,2707988.500000,2732880.000000,
2674451.500000,2679165.500000,2762859.000000,2630921.000000,2659381.000000,2715042.500000,2715132.500000,2626250.000000,2719133.500000,2678938.000000,
2649032.500000,2633430.000000,2629752.000000,2689813.500000,2647731.500000,2669052.000000,2593482.000000,2649506.000000,2674823.000000,2664073.000000,
2632011.000000,2680929.000000,2702001.500000,2694772.000000,2649292.500000,2656306.000000,2572173.500000,2679389.000000,2833104.500000,2626559.000000,
2640621.500000,2608758.000000,2656029.000000,2726355.000000,2640726.000000,2617480.500000,2747543.500000,2631160.000000,2647013.500000,2612645.000000,
2619138.000000,2571285.000000,2605563.000000,2636821.000000,2642239.000000,2568176.500000,2835812.000000,2617068.500000,2669416.000000,2646790.500000,
2596643.000000,2645131.500000,2675281.500000,2651383.500000,2611845.000000,2752441.500000,2709896.500000,2609778.500000,2616345.000000,2620034.500000,
2635420.500000,2592269.500000,2662552.500000,2610868.500000,2631026.000000,2696719.000000,2628950.000000,2606889.500000,2618114.500000,2597529.500000,
2737740.000000,2609140.500000,2620810.000000,2604162.500000,2705807.500000,2669664.500000,2723323.500000,2634114.500000,2634402.000000,2607295.000000,
2700590.000000,2630520.500000,2651190.000000,2610328.500000,2652640.000000,2635883.500000,2600426.500000,2642919.500000,2600837.500000,2640137.500000,
2629591.500000,2598816.000000,2677592.500000,2607918.000000,2666687.000000,2640308.000000,2664639.500000,2585689.000000,2631961.000000,2588544.000000,
2625991.500000,2576537.000000,2684435.000000,2542983.000000,2615051.000000,2616382.000000,2665861.000000,2637816.000000,2601834.500000,2575589.000000,
2645884.000000,2598645.500000,2616516.000000,2612889.000000,2600457.000000,2667140.000000,2614861.500000,2628815.500000,2577708.000000,2618095.000000,
2600673.500000,2765088.000000,2642734.500000,2596118.000000,2614695.500000,2688070.000000,2613553.500000,2639097.500000,2578616.000000,2572284.000000,
2642152.500000,2608802.500000,2636150.000000,2550516.500000,2608516.500000,2673943.500000,2636384.500000,2617354.500000,2566424.500000,2601445.500000,
2606797.000000,2628895.000000,2652763.500000,2626321.500000,2598686.000000,2727848.000000,2605052.500000,2631645.000000,2585634.500000,2551430.500000,
2605117.500000,2646959.000000,2710008.000000,2517100.500000,2624282.500000,2687134.000000,2568418.000000,2659370.500000,2567205.500000,2548993.500000,
2671246.500000,2686450.000000,2606776.000000,2572616.000000,2618091.500000,2630968.000000,2604517.000000,2573683.500000,2566563.000000,2542911.000000,
2645858.500000,2642168.500000,2567761.000000,2617787.000000,2624925.500000,2649853.500000,2646307.000000,2650931.000000,2582054.500000,2557251.500000,
2606825.500000,2593438.500000,2658761.500000,2677332.000000,2727363.000000,2682963.000000,2623988.500000,2542776.500000,2548992.500000,2676747.000000,
2599011.000000,2576798.000000,2589534.500000,2572890.000000,2643622.500000,2591962.000000,2554742.000000,2563383.000000,2568931.000000,2667688.500000,
2581605.500000,2557840.500000,2551605.000000,2627404.000000,2601685.500000,2635342.000000,2561950.000000,2677229.500000,2605937.500000,2613006.500000,
2591078.000000,2633559.500000,2683291.000000,2570941.000000,2616847.000000,2606851.000000,2549273.000000,2563582.500000,2606805.000000,2550064.500000,
2604570.000000,2570582.000000,2767628.500000,2528030.500000,2611831.000000,2566311.000000,2584234.000000,2525859.000000,2616959.000000,2580088.500000,
2614089.000000,2545897.500000,2642140.500000,2543290.000000,2574158.500000,2587642.500000,2584222.000000,2630293.500000,2607802.500000,2543258.500000,
2722341.000000,2609879.500000,2678903.500000,2553869.500000,2595557.000000,2596367.000000,2540738.500000,2586434.000000,2595371.000000,2583729.000000,
2629660.000000,2576391.500000,2620635.000000,2592424.500000,2664446.500000,2593895.500000,2528808.000000,2567994.500000,2605568.500000,2508931.000000,
2600767.000000,2530766.000000,2603139.000000,2511779.000000,2564210.000000,2593879.000000,2581145.000000,2538592.500000,2558242.500000,2490081.000000,
2642964.500000,2569447.500000,2585502.000000,2592828.000000,2617548.500000,2638759.000000,2469898.000000,2508326.000000,2567372.500000,2557457.000000,
2599686.500000,2560044.500000,2604695.000000,2541003.000000,2583725.500000,2548338.000000,2525638.500000,2576014.500000,2548893.500000,2530000.000000,
2624535.500000,2520645.000000,2618998.000000,2552742.500000,2530959.000000,2659100.000000,2592562.500000,2573261.000000,2544123.000000,2482443.000000,
2614002.500000,2573154.500000,2619404.000000,2548965.000000,2539250.500000,2627353.000000,2550944.000000,2664446.000000,2613619.500000,2507025.500000,
2558663.500000,2544706.500000,2631132.500000,2516377.500000,2573544.500000,2670604.000000,2568871.000000,2578204.500000,2573692.000000,2538392.500000,
2550368.500000,2554062.000000,2630669.500000,2591159.000000,2629585.500000,2569555.000000,2559647.500000,2583524.500000,2594032.000000,2478617.500000,
2548790.500000,2591060.000000,2539771.500000,2540654.000000,2605548.000000,2599910.000000,2572177.500000,2690332.500000,2596305.000000,2500789.000000,
2567144.000000,2573493.000000,2594412.000000,2639734.000000,2574278.000000,2554196.500000,2573539.000000,2612872.000000,2552375.000000,2511866.000000,
2564451.500000,2609508.500000,2543535.000000,2600443.000000,2536226.000000,2592792.500000,2526873.000000,2584027.500000,2493227.000000,2545716.000000,
2566831.000000,2601101.500000,2563838.000000,2552617.500000,2531633.000000,2607603.000000,2547791.000000,2583928.000000,2640339.500000,2460504.500000,
2551053.000000,2574549.000000,2539065.000000,2696870.000000,2539456.500000,2629256.000000,2484419.500000,2566968.500000,2597405.500000,2561724.500000,
2500521.500000,2527837.500000,2532670.500000,2556338.500000,2504748.000000,2540719.500000,2508336.500000,2549851.000000,2510224.000000,2554489.000000,
2587414.000000,2479331.000000,2518034.500000,2537407.000000,2495605.000000,2588150.000000,2530446.500000,2578349.000000,2544786.000000,2553908.000000,
2534306.000000,2542323.500000,2607909.000000,2534767.000000,2504221.000000,2635903.500000,2502739.000000,2517295.000000,2524477.000000,2525712.500000,
2539385.000000,2519393.500000,2668049.000000,2533036.500000,2498894.500000,2624587.500000,2480370.500000,2503747.500000,2492044.500000,2499385.000000,
2521687.500000,2477886.500000,2561861.500000,2522635.000000,2491526.500000,2568348.500000,2512598.000000,2506053.500000,2532630.500000,2547933.000000,
2505013.500000,2497416.000000,2546756.500000,2510466.500000,2494446.000000,2654324.000000,2472359.500000,2490972.500000,2549033.500000,2505474.500000,
2624522.000000,2507941.000000,2543732.000000,2516300.000000,2479912.500000,2586833.500000,2476394.500000,2477426.000000,2520880.000000,2482143.500000,
2550383.000000,2460685.500000,2516050.000000,2485936.000000,2474777.500000,2649018.000000,2498818.500000,2466416.000000,2465299.500000,2441419.000000,
2499108.500000,2495033.000000,2470515.500000,2709234.500000,2470197.500000,2560275.000000,2498920.500000,2535551.000000,2587143.500000,2434739.000000,
2487525.500000,2474255.500000,2525505.000000,2527927.000000,2458198.500000,2487237.500000,2440946.500000,2549736.500000,2664097.000000,2533260.500000,
2492897.500000,2488263.500000,2472350.500000,2532409.000000,2517383.500000,2523136.500000,2454944.500000,2602669.000000,2551571.000000,2513623.500000,
2607603.500000,2451468.000000,2508645.000000,2508498.500000,2571649.000000,2492571.000000,2558383.500000,2556733.000000,2562997.500000,2434306.000000,
2543980.000000,2492446.000000,2508250.000000,2513312.500000,2474661.500000,2509914.500000,2572675.500000,2559704.000000,2540572.000000,2453533.000000,
2459954.500000,2528362.500000,2470751.000000,2496948.000000,2472943.500000,2487476.500000,2466450.000000,2488175.000000,2496409.000000,2469273.500000,
2526244.000000,2483320.000000,2472000.500000,2495986.500000,2458578.500000,2535914.000000,2508476.500000,2538515.500000,2523223.000000,2433822.500000,
2560346.000000,2481129.000000,2471477.500000,2498197.000000,2450341.500000,2527817.000000,2458002.000000,2517948.500000,2454889.000000,2408403.000000,
2531644.000000,2572870.500000,2472921.500000,2459078.000000,2436817.500000,2456951.000000,2469357.000000,2490689.500000,2464687.500000,2460162.500000,
2548475.000000,2562202.000000,2472087.000000,2467043.000000,2439336.500000,2495518.500000,2508697.000000,2491879.000000,2461416.000000,2498362.500000,
2443478.000000,2483080.000000,2506205.500000,2464881.500000,2449570.500000,2459017.000000,2474184.000000,2570728.000000,2558195.500000,2444220.000000,
2439262.500000,2478333.500000,2612708.500000,2438225.000000,2442787.000000,2438843.500000,2460841.000000,2473251.500000,2430749.000000,2438365.500000,
2449880.500000,2467000.000000,2581278.000000,2455641.500000,2432258.500000,2506269.000000,2490047.500000,2504342.000000,2443326.000000,2432356.000000,
2478629.000000,2433059.000000,2548493.000000,2439382.500000,2417161.500000,2442746.500000,2560749.000000,2504410.000000,2507781.500000,2400366.500000,
2453917.000000,2449803.000000,2522206.000000,2502546.500000,2427612.000000,2459931.000000,2398150.500000,2510890.000000,2590470.500000,2391788.500000,
2449095.500000,2476855.500000,2515519.500000,2607303.000000,2420187.500000,2408637.500000,2514946.000000,2482516.500000,2516673.000000,2529955.500000,
2491127.500000,2407324.000000,2461030.500000,2465874.000000,2490099.000000,2404447.500000,2472411.500000,2468536.500000,2450284.500000,2528233.500000,
2538233.500000,2457473.000000,2463127.000000,2491829.500000,2501126.500000,2599403.500000,2431407.000000,2473976.000000,2515621.000000,2470212.500000,
2474740.500000,2436365.000000,2444316.500000,2456545.000000,2439406.000000,2481436.000000,2448684.500000,2417555.500000,2437012.000000,2484546.000000,
2478840.000000,2417416.500000,2433016.500000,2442817.500000,2446001.500000,2437821.500000,2514476.000000,2426944.000000,2417700.000000,2399616.000000,
2558825.000000,2402496.500000,2428181.500000,2428409.500000,2419581.000000,2475548.500000,2557201.000000,2451311.500000,2442830.500000,2393790.500000,
2425641.500000,2412772.000000,2438745.500000,2418419.500000,2467055.500000,2477138.500000,2497257.000000,2416160.500000,2388675.500000,2437325.000000,
2484217.000000,2430417.000000,2419774.000000,2423058.500000,2450349.000000,2445365.000000,2454799.000000,2367986.000000,2391066.000000,2429874.500000,
2502248.000000,2416648.500000,2404883.500000,2431325.000000,2487474.500000,2467091.000000,2497108.000000,2438631.500000,2455884.500000,2398048.500000,
2404800.000000,2421338.000000,2417927.500000,2487726.000000,2482420.500000,2420915.500000,2445186.000000,2396687.500000,2433577.000000,2362965.500000,
2445950.500000,2449518.000000,2486648.000000,2421874.500000,2439663.500000,2473358.000000,2493306.000000,2352239.000000,2410938.000000,2432369.500000,
2551202.500000,2413249.000000,2451871.000000,2479050.000000,2438876.500000,2408261.000000,2455780.000000,2391378.500000,2405432.500000,2384275.000000,
2424085.500000,2383559.000000,2436735.500000,2485424.500000,2414559.000000,2457833.000000,2397788.500000,2477879.000000,2447417.500000,2392572.500000,
2438296.000000,2404638.000000,2441154.500000,2440011.500000,2417938.500000,2403552.000000,2410955.500000,2542391.500000,2375349.000000,2455737.000000,
2418401.500000,2403437.000000,2378945.000000,2434690.500000,2393029.000000,2444469.500000,2445780.500000,2442344.000000,2362527.000000,2406123.500000,
2416878.500000,2453912.000000,2469031.500000,2438840.500000,2411190.000000,2424456.000000,2433251.500000,2454683.000000,2361343.500000,2361937.000000,
2365635.500000,2538025.500000,2401538.000000,2557283.000000,2424446.500000,2427289.000000,2388472.500000,2386657.000000,2429908.000000,2358835.500000,
2346474.500000,2429225.000000,2378972.000000,2473801.500000,2511548.500000,2454284.000000,2381972.000000,2361287.000000,2488745.500000,2485136.500000,
2458896.500000,2381688.500000,2452510.000000,2412029.500000,2452069.000000,2453227.000000,2449328.500000,2363480.500000,2401151.000000,2462572.000000,
2420557.000000,2379736.000000,2421922.500000,2419587.000000,2392587.000000,2537917.000000,2392553.000000,2429616.000000,2384219.000000,2424670.500000,
2424848.500000,2425272.500000,2383872.500000,2411625.000000,2401201.000000,2379925.500000,2358973.500000,2354526.000000,2356258.500000,2439152.000000,
2488754.000000,2368835.000000,2391778.000000,2359169.500000,2476974.500000,2379078.000000,2474660.000000,2327596.000000,2335657.000000,2383816.000000,
2443194.500000,2350898.500000,2394489.500000,2378179.500000,2425387.000000,2412874.000000,2466637.500000,2421989.000000,2408205.000000,2356207.500000,
2407265.500000,2359396.000000,2435073.000000,2364611.000000,2393817.500000,2528282.000000,2342249.500000,2336833.000000,2386845.500000,2352839.500000,
2359201.500000,2365076.000000,2475619.000000,2364016.500000,2377266.000000,2414695.500000,2393414.000000,2327737.500000,2388592.500000,2383694.000000,
2523462.000000,2369638.500000,2356412.500000,2404175.500000,2436186.000000,2386494.000000,2410065.000000,2337684.500000,2392921.000000,2330774.000000,
2394359.000000,2329093.500000,2362255.000000,2384581.000000,2445290.500000,2388771.000000,2388525.500000,2516438.500000,2372508.500000,2309427.500000,
2371079.000000,2334002.000000,2341832.000000,2358160.000000,2368780.500000,2357653.000000,2325947.000000,2439217.000000,2341251.000000,2343580.000000,
2377300.500000,2315103.000000,2369993.500000,2348405.000000,2449966.500000,2403366.500000,2384873.000000,2388833.000000,2348900.500000,2344943.000000,
2393480.500000,2325057.500000,2381097.500000,2318818.500000,2440556.500000,2384980.500000,2484403.000000,2401046.000000,2355637.500000,2314052.500000,
2447509.000000,2389133.500000,2367424.500000,2344476.500000,2408109.500000,2369783.500000,2468109.000000,2481408.500000,2388721.500000,2309073.000000,
2415884.500000,2414427.000000,2341633.500000,2413334.000000,2360914.000000,2375136.500000,2358801.500000,2361608.000000,2346895.500000,2348261.500000,
2350325.500000,2447621.500000,2326448.500000,2452700.000000,2381780.000000,2363626.000000,2377792.500000,2379097.000000,2346837.500000,2302242.000000,
2347584.500000,2343346.500000,2383731.000000,2455032.500000,2364892.500000,2365508.500000,2406031.000000,2367378.500000,2362871.000000,2340787.000000,
2339320.000000,2405195.000000,2316966.000000,2460385.500000,2345428.500000,2377553.500000,2438106.000000,2344969.500000,2338002.000000,2345263.000000,
2384266.000000,2391869.000000,2345438.500000,2461135.500000,2394992.000000,2374701.000000,2330180.000000,2309778.500000,2347983.500000,2372301.500000,
2383139.500000,2397898.500000,2433016.500000,2465861.000000,2360272.000000,2329403.000000,2421083.500000,2354037.500000,2330824.500000,2329148.500000,
2346284.500000,2387788.500000,2349322.000000,2471775.000000,2350667.500000,2299219.500000,2283144.500000,2281234.000000,2356677.000000,2301402.000000,
2326718.500000,2386535.000000,2335399.500000,2473695.000000,2354736.500000,2276679.000000,2322160.000000,2324235.000000,2343424.500000,2388882.000000,
2436962.000000,2305022.000000,2333315.000000,2445918.000000,2347725.000000,2340396.500000,2364324.000000,2271500.000000,2289109.500000,2377329.500000,
2420626.500000,2311759.500000,2438414.000000,2493840.000000,2359555.000000,2349979.500000,2296155.500000,2367841.500000,2383676.500000,2313059.500000,
2402743.000000,2354891.000000,2331432.000000,2504061.000000,2346141.500000,2339809.000000,2283182.000000,2312361.500000,2450901.500000,2331696.500000,
2396948.000000,2310696.500000,2285383.500000,2445850.500000,2379322.500000,2313687.500000,2279686.000000,2264740.500000,2424469.000000,2302427.000000,
2399640.000000,2289765.000000,2323885.000000,2447571.500000,2340104.500000,2308809.000000,2338708.500000,2317593.000000,2422986.000000,2298596.000000,
2319961.000000,2320229.500000,2330600.500000,2438150.500000,2321093.500000,2415185.000000,2258918.000000,2318948.500000,2342221.500000,2294530.000000,
2333045.500000,2327611.500000,2489949.000000,2388640.000000,2348989.500000,2388931.500000,2285707.500000,2271469.000000,2331945.500000,2310194.500000,
2324129.500000,2454210.500000,2320718.000000,2330615.500000,2341342.500000,2344936.000000,2302997.000000,2263545.000000,2295274.000000,2275187.500000,
2330737.000000,2295827.500000,2321815.500000,2312058.000000,2371164.000000,2436399.500000,2387580.000000,2315396.500000,2336180.500000,2283304.500000,
2322497.500000,2293419.000000,2330567.500000,2297300.000000,2277672.000000,2304362.500000,2293389.000000,2301671.000000,2332828.500000,2245732.500000,
2401324.000000,2325594.000000,2293980.500000,2282413.000000,2345056.500000,2285846.000000,2278215.500000,2242829.000000,2300886.000000,2313173.500000,
2379264.500000,2300998.500000,2329857.500000,2313790.500000,2450147.500000,2407050.000000,2355184.500000,2250971.000000,2303529.500000,2301904.000000,
2325463.500000,2295822.000000,2301017.000000,2322246.000000,2296074.000000,2298537.500000,2375850.000000,2300969.500000,2296999.000000,2255628.000000,
2298776.000000,2334127.500000,2326892.000000,2294531.000000,2320769.500000,2274628.000000,2306191.500000,2220994.000000,2276870.000000,2251433.500000,
2361568.000000,2344080.500000,2280575.500000,2315892.000000,2317984.000000,2273669.000000,2297680.000000,2238379.500000,2265770.500000,2249360.000000,
2251950.500000,2265639.500000,2248732.000000,2303000.000000,2406747.000000,2326886.500000,2316398.500000,2295017.000000,2267795.500000,2238719.000000,
2261895.500000,2284469.500000,2303272.000000,2280599.000000,2287244.500000,2309959.000000,2259018.500000,2445637.000000,2272219.500000,2267099.000000,
2305450.000000,2339070.500000,2311810.500000,2342943.000000,2302714.500000,2305660.500000,2286155.500000,2409676.000000,2272053.500000,2292758.500000,
2254335.500000,2422469.000000,2293918.500000,2262184.000000,2331027.000000,2408793.000000,2269998.000000,2244940.000000,2245755.000000,2353371.000000,
2315834.000000,2416884.000000,2327752.000000,2372641.500000,2318101.000000,2359306.000000,2263837.000000,2333751.000000,2285477.000000,2267142.500000,
2389757.500000,2327211.000000,2296485.000000,2282326.000000,2276731.500000,2257510.500000,2217885.500000,2236968.500000,2291260.000000,2246531.500000,
2386787.500000,2302997.000000,2269968.500000,2266209.000000,2278718.000000,2286161.500000,2254726.000000,2238819.000000,2320734.000000,2320462.000000,
2333071.000000,2299722.000000,2299176.500000,2266707.000000,2285297.500000,2322904.500000,2301543.500000,2230863.000000,2297296.000000,2285006.500000,
2371532.000000,2290988.500000,2298594.500000,2259274.000000,2232723.500000,2333797.000000,2262492.500000,2276869.500000,2336920.500000,2262122.000000,
2333847.000000,2260289.500000,2264189.500000,2264075.000000,2330765.500000,2276699.000000,2219561.000000,2245790.500000,2261450.000000,2253345.000000,
2323951.000000,2327903.000000,2248224.500000,2215784.000000,2307798.500000,2263740.000000,2229823.500000,2201070.500000,2244580.500000,2256492.000000,
2246353.000000,2230710.000000,2233500.500000,2263365.000000,2319077.500000,2281385.000000,2292200.500000,2245151.500000,2267323.000000,2249586.500000,
2247281.000000,2252045.000000,2282892.500000,2248436.500000,2236567.000000,2247070.500000,2221628.500000,2221757.500000,2300481.500000,2247517.000000,
2324425.000000,2278723.000000,2221130.500000,2254857.000000,2247382.500000,2258081.000000,2212240.000000,2177508.000000,2237679.000000,2261062.000000,
2423549.000000,2268939.500000,2225141.500000,2185670.500000,2264191.500000,2274967.000000,2261220.500000,2182584.500000,2223657.500000,2270358.000000,
2314560.000000,2247485.000000,2252667.000000,2243145.500000,2221320.000000,2264476.000000,2209212.500000,2253614.500000,2240864.000000,2177316.000000,
2393469.000000,2246432.500000,2227883.000000,2263920.000000,2199593.500000,2204215.500000,2177008.500000,2271506.000000,2295290.000000,2211668.500000,
2247005.000000,2238178.500000,2324643.000000,2232927.000000,2270904.500000,2233557.500000,2180304.000000,2205086.000000,2224888.500000,2281723.500000,
2230558.500000,2251591.000000,2226589.000000,2220254.500000,2229004.000000,2202094.500000,2257338.500000,2191138.500000,2212327.500000,2246797.500000,
2204556.500000,2261607.000000,2277193.500000,2265998.500000,2192816.000000,2269647.500000,2319054.000000,2275513.000000,2263188.000000,2179037.500000,
2270238.500000,2253508.500000,2219283.500000,2216517.000000,2231501.500000,2249875.500000,2230685.500000,2309196.500000,2258267.500000,2192978.000000,
2215060.500000,2254169.500000,2229207.000000,2206194.000000,2246425.000000,2218327.000000,2208139.000000,2200480.000000,2216777.000000,2207788.500000,
2195955.000000,2260085.000000,2185102.000000,2235516.500000,2174331.500000,2269309.000000,2266155.000000,2245398.500000,2248740.500000,2186069.500000,
2203495.000000,2228727.500000,2203277.000000,2260711.000000,2181620.000000,2214086.000000,2289787.000000,2225931.000000,2263463.500000,2241073.000000,
2247821.000000,2361750.500000,2214993.500000,2222410.500000,2198500.500000,2190990.000000,2240215.500000,2213329.000000,2200915.500000,2199404.000000,
2273866.500000,2357319.000000,2167129.500000,2193311.500000,2250820.000000,2217877.000000,2306340.500000,2178258.000000,2183362.000000,2280547.500000,
2351440.500000,2285240.000000,2193573.500000,2274817.500000,2165540.500000,2232829.500000,2261975.500000,2217228.500000,2319313.000000,2235815.000000,
2198634.500000,2279793.000000,2189719.000000,2309615.000000,2168615.000000,2179631.000000,2192095.500000,2206477.000000,2273580.500000,2166580.000000,
2240160.000000,2214490.500000,2187813.500000,2262352.500000,2216238.000000,2178187.000000,2228300.500000,2292684.500000,2232185.000000,2220452.500000,
2286655.000000,2177491.000000,2193646.000000,2224060.500000,2220727.000000,2200440.500000,2227214.000000,2372125.500000,2277427.500000,2247608.500000,
2236498.500000,2249894.000000,2205888.000000,2256398.500000,2155366.000000,2199076.000000,2206027.500000,2316275.500000,2247680.000000,2175045.000000,
2228922.500000,2230392.000000,2251787.000000,2209838.500000,2168193.500000,2173554.000000,2179898.500000,2242983.500000,2230995.500000,2175382.000000,
2332878.500000,2179737.000000,2200065.000000,2206649.000000,2245969.000000,2184938.500000,2164559.000000,2252482.500000,2236374.000000,2192560.500000,
2238263.500000,2145656.500000,2177411.000000,2222670.500000,2210883.000000,2222602.500000,2207548.000000,2198654.500000,2216358.500000,2167801.000000,
2263957.000000,2142290.500000,2234829.000000,2203739.500000,2157936.000000,2160979.500000,2181362.000000,2231314.000000,2269925.500000,2152152.500000,
2207687.000000,2230631.500000,2227925.500000,2160969.000000,2170171.500000,2139799.500000,2137577.500000,2212972.500000,2201228.500000,2153955.000000,
2273090.000000,2171730.000000,2174764.500000,2152868.500000,2241955.000000,2146647.000000,2155525.500000,2183304.000000,2185102.000000,2206958.500000,
2187397.000000,2181395.500000,2162133.000000,2166993.000000,2143389.500000,2214969.500000,2191303.000000,2153772.000000,2245263.500000,2178831.500000,
2178092.500000,2143881.000000,2164210.500000,2161677.000000,2146008.000000,2323052.000000,2210175.500000,2158531.000000,2180098.500000,2158419.500000,
2216836.500000,2237266.500000,2192376.500000,2189429.000000,2189770.500000,2197479.500000,2266372.500000,2134643.000000,2194494.000000,2172090.500000,
2176017.000000,2218777.000000,2119250.500000,2108353.000000,2241627.500000,2219885.000000,2183210.500000,2092780.000000,2156326.500000,2215665.000000,
2164973.000000,2119156.500000,2159259.500000,2147791.500000,2233157.000000,2234745.500000,2304451.500000,2141277.500000,2224452.000000,2219590.500000,
2129590.000000,2137627.000000,2186913.000000,2156126.500000,2172618.500000,2178761.000000,2233390.500000,2170176.000000,2237031.500000,2170014.500000,
2179822.000000,2194911.000000,2227678.000000,2192486.500000,2221273.000000,2143446.500000,2167632.000000,2104900.500000,2208901.000000,2144921.500000,
2130485.000000,2133169.000000,2172922.500000,2116613.500000,2180162.500000,2152171.500000,2181090.500000,2171714.500000,2218553.000000,2297217.500000,
2176918.000000,2205646.000000,2158053.000000,2249490.500000,2136437.000000,2168603.000000,2148428.000000,2211915.500000,2188205.000000,2170309.000000,
2211208.500000,2271352.500000,2138391.500000,2212650.500000,2157450.500000,2165376.000000,2113876.500000,2133816.000000,2236004.000000,2167760.000000,
2237527.000000,2262008.000000,2167411.500000,2149948.000000,2144573.500000,2152912.500000,2103864.500000,2125641.000000,2197246.500000,2138877.000000,
2147627.000000,2287221.500000,2184440.500000,2126354.000000,2147846.000000,2186830.000000,2198332.500000,2089578.000000,2151355.000000,2191172.000000,
2126288.000000,2179090.500000,2135727.500000,2154959.000000,2098803.000000,2143788.000000,2159546.000000,2140279.000000,2232331.000000,2177334.000000,
2116215.500000,2172664.500000,2211966.000000,2128660.000000,2112471.000000,2160423.500000,2094810.000000,2279719.500000,2205707.000000,2114012.000000,
2174814.500000,2156074.000000,2161358.500000,2126064.000000,2186431.500000,2140321.500000,2175230.500000,2190938.500000,2116021.000000,2127442.500000,
2138589.500000,2117582.500000,2179891.500000,2106346.500000,2112069.000000,2185040.500000,2147792.000000,2132197.500000,2143376.500000,2140304.500000,
2113125.500000,2142933.500000,2138161.000000,2174202.000000,2116306.500000,2231986.000000,2121649.500000,2162507.500000,2144106.500000,2099561.000000,
2146210.500000,2178890.000000,2230715.500000,2086206.500000,2083052.000000,2244022.000000,2130868.500000,2081600.000000,2159894.500000,2134655.500000,
2231551.000000,2158452.000000,2164606.500000,2134226.500000,2241845.000000,2213233.000000,2214009.500000,2122726.000000,2152182.000000,2171576.500000,
2166667.500000,2137222.000000,2117275.000000,2112325.500000,2143920.500000,2179226.500000,2195863.000000,2095360.500000,2180718.500000,2116558.500000,
2232827.000000,2122701.500000,2096477.000000,2162285.500000,2135766.000000,2163018.000000,2145156.500000,2174621.500000,2204918.500000,2122469.500000,
2205538.500000,2157042.500000,2095307.500000,2086102.000000,2090539.500000,2097332.500000,2127696.000000,2083054.000000,2126124.000000,2142029.000000,
2145233.500000,2145418.500000,2078981.000000,2105161.500000,2202553.000000,2090703.500000,2137535.000000,2088679.000000,2097852.000000,2134495.500000,
2175520.000000,2080799.000000,2075778.500000,2106038.000000,2215398.000000,2181643.500000,2194409.000000,2100790.000000,2156734.500000,2069598.000000,
2141761.500000,2096758.000000,2087443.000000,2082684.500000,2103487.500000,2133918.500000,2116117.500000,2207620.000000,2126509.500000,2044836.500000,
2139617.000000,2128936.500000,2097037.500000,2079478.000000,2075524.500000,2099769.000000,2090068.000000,2167266.000000,2093898.500000,2091813.500000,
2117894.500000,2137561.500000,2076186.000000,2068288.000000,2103572.500000,2112595.000000,2093890.000000,2069245.500000,2102741.500000,2100876.000000,
2106532.500000,2089941.500000,2105944.500000,2063838.500000,2101128.000000,2118452.000000,2158907.000000,2112636.000000,2118026.500000,2081326.000000,
2152758.000000,2180567.000000,2140925.000000,2122759.500000,2063581.000000,2081077.000000,2187961.000000,2168918.500000,2153147.000000,2081564.500000,
2110571.000000,2169104.000000,2163310.500000,2043688.000000,2049041.000000,2091375.500000,2121873.000000,2152136.000000,2131921.500000,2106134.500000,
2109428.500000,2154811.000000,2178910.000000,2096751.500000,2111628.500000,2106981.500000,2095279.000000,2071003.500000,2130679.000000,2075720.500000,
2197458.000000,2092797.500000,2113546.500000,2068850.000000,2063844.500000,2154071.000000,2154592.000000,2137836.000000,2155515.500000,2074870.500000,
2223497.500000,2153225.500000,2119323.000000,2090544.500000,2045763.500000,2094547.500000,2167183.000000,2120385.000000,2087173.000000,2094353.000000,
2149062.500000,2223120.000000,2133065.500000,2039272.500000,2051961.000000,2043675.500000,2157379.000000,2065385.000000,2057239.500000,2029235.000000,
2097822.500000,2143193.000000,2076748.500000,2043567.000000,2074200.000000,2073268.000000,2062690.500000,2039250.500000,2072893.000000,2101202.500000,
2050926.500000,2155618.000000,2085557.500000,2043274.000000,2065577.000000,2081597.500000,2138804.500000,2030523.500000,2186833.500000,2178407.000000,
2078260.500000,2095727.000000,2089706.000000,2144132.000000,2029142.000000,2109945.500000,2066793.500000,2114639.500000,2179507.500000,2110381.500000,
2125611.500000,2086498.500000,2217859.500000,2110619.000000,2048474.500000,2048081.000000,2077281.000000,2016604.000000,2108966.000000,2063061.000000,
2072147.000000,2087858.500000,2105992.000000,2073233.000000,2061802.000000,2048461.000000,2122195.500000,2070693.000000,2094453.000000,2146674.000000,
2058356.500000,2087606.000000,2121794.500000,2046970.500000,2020380.500000,2069665.500000,2110981.500000,2020564.500000,2136316.000000,2123770.000000,
2092136.000000,2069101.000000,2189457.000000,2119921.000000,2028872.500000,2073801.000000,2006727.000000,2105574.500000,2079860.000000,2078395.500000,
2098957.000000,2138707.000000,2100302.000000,2052121.500000,2033928.000000,2049729.000000,2044398.000000,2039652.000000,2083296.000000,2053549.000000,
2135594.500000,2101440.000000,2066155.000000,2032159.000000,2039077.500000,2080681.500000,1996647.000000,2030032.500000,2061794.000000,2077183.000000,
2179896.000000,2079467.000000,2049905.500000,2016598.500000,2062867.000000,2100375.500000,2075131.500000,2009219.500000,2084590.000000,2044972.500000,
2078107.500000,2096198.500000,2059721.000000,2151441.000000,2025020.000000,2059860.500000,2017056.000000,2077150.500000,2109550.000000,2050318.500000,
2076175.000000,2132078.000000,2125768.000000,2048704.000000,2012312.500000,1998071.500000,1995919.500000,2014896.000000,2077130.000000,2044490.500000,
2034372.500000,2031258.500000,2013663.500000,2027566.000000,2023227.000000,2077616.000000,2037316.000000,2015962.500000,2050343.000000,2069163.000000,
2029713.000000,2041415.500000,2047559.500000,2009726.000000,2036277.500000,2074958.000000,2116122.000000,2005547.500000,2052906.500000,1997169.500000,
2043799.000000,2036569.000000,2110156.000000,2060089.000000,2008382.000000,2047173.000000,2104879.000000,2066085.500000,2033817.000000,1971090.000000,
2024130.500000,2132854.000000,2106934.000000,2012560.000000,2024853.500000,2022359.000000,2107237.500000,2048153.000000,2015849.000000,2018372.000000,
2088769.000000,2065369.500000,2060792.500000,2005400.000000,2018660.500000,2049159.000000,2077330.500000,2043886.500000,2011549.000000,2032615.500000,
2044757.000000,2045675.000000,2031590.500000,1997402.500000,2059220.000000,2062841.500000,2144362.500000,2026819.000000,2074825.000000,2049950.500000,
2071375.500000,2073686.500000,2042650.000000,2109976.000000,2119826.500000,2146038.000000,2090921.000000,2107981.000000,2071022.000000,1999927.500000,
2163837.500000,2117620.000000,2089437.500000,1991386.000000,2029147.000000,2129127.500000,2078716.500000,2092845.500000,2040268.000000,2002507.000000,
2042378.500000,2064136.000000,2019630.000000,2019713.500000,2006965.000000,2067090.500000,2018379.500000,2004922.500000,2002846.000000,1999465.000000,
2073531.500000,1994662.000000,1991341.000000,1966334.000000,2036610.500000,2109954.000000,2028832.500000,2007843.500000,2053372.500000,2004678.000000,
2030142.000000,2067450.000000,2016857.000000,2130735.000000,1997707.000000,2055603.500000,2042097.000000,2075160.000000,2006846.000000,1970458.500000,
2063659.500000,2164448.000000,2145018.500000,2081131.000000,1991430.000000,1992921.500000,1964162.500000,2092842.500000,2005721.000000,1996517.500000,
2033276.500000,2105114.000000,2068830.000000,2044426.000000,1992523.500000,2017747.000000,1972106.500000,2061392.500000,2014182.500000,2007647.000000,
1993380.000000,2187441.000000,2055643.500000,2006572.500000,2002329.000000,1967813.000000,2012670.500000,1983553.500000,2110801.500000,2118857.000000,
1970506.500000,2078804.000000,2074273.500000,2051039.500000,1996983.000000,2024093.500000,1999865.500000,2061231.500000,2074337.500000,2080433.500000,
2002016.000000,2081232.500000,2087908.500000,2008865.500000,1957061.500000,1998897.500000,1962402.500000,2020726.000000,2045091.000000,2048603.000000,
1978666.000000,2030169.500000,2005892.500000,1997259.500000,2011334.000000,1957877.000000,2008331.500000,1946805.500000,1987221.000000,2012503.500000,
2031876.500000,1984389.500000,1993635.500000,1987332.000000,1974535.500000,1989876.500000,2041737.500000,1976205.500000,2105015.000000,2000642.500000,
1995023.000000,2035123.000000,2050204.000000,2006304.500000,1978140.000000,1992862.000000,1960232.000000,1985522.000000,2048038.500000,1975735.500000,
2170188.500000,2028840.500000,1980349.000000,1967596.000000,1963398.000000,1966465.000000,1943681.500000,1994677.000000,2049227.000000,1988703.000000,
2029565.000000,2000757.000000,1961511.500000,1945056.000000,1998038.000000,1995391.000000,1977724.500000,1960044.000000,2066336.000000,1956749.500000,
1974542.500000,1971881.000000,1982532.500000,1945197.500000,2010397.500000,1986496.000000,2018731.500000,1967595.000000,2095769.000000,2012540.500000,
1944404.000000,1970862.000000,2052160.500000,2003036.500000,2031319.000000,2094374.500000,2048514.500000,2012210.500000,2106951.000000,1955651.000000,
2027944.500000,2055421.500000,1965558.000000,1966415.000000,1961816.000000,2092838.000000,1994667.000000,2014010.000000,2173919.000000,1979329.000000,
2090640.000000,1984797.500000,1940325.500000,1957267.500000,1957480.000000,1992908.500000,1947059.500000,1955983.500000,2052764.500000,1944608.000000,
2032051.500000,1979414.000000,1950216.000000,1967919.500000,1914185.000000,1984273.500000,1978063.500000,1920502.500000,2125425.000000,1978520.500000,
1964418.500000,2006150.000000,1920921.500000,1945324.500000,2118470.500000,2033749.000000,1993884.500000,1964486.000000,2066421.000000,1928619.000000,
2018411.500000,1990593.500000,1985172.000000,1964343.500000,2034213.500000,1979705.500000,2012604.500000,2095113.500000,2011447.500000,1940490.000000,
1989275.500000,2031463.000000,1932995.000000,1951091.500000,1988143.000000,1956752.500000,1965650.500000,1962869.500000,2004551.000000,1970706.500000,
1972249.500000,1958450.000000,1918827.500000,1927312.000000,1945807.500000,1970919.500000,1937684.000000,1955048.000000,2063008.000000,1967353.000000,
2014772.500000,1993617.000000,1922885.000000,1912952.500000,1984535.000000,2036250.000000,2042565.000000,1934288.500000,2081517.500000,1964647.000000,
2023026.500000,2041146.000000,1962282.000000,1981389.500000,1926803.500000,1997163.500000,1936746.500000,1961419.000000,2029122.500000,1940296.500000,
1991011.500000,2035487.000000,1937601.500000,1955769.000000,1971505.500000,1999553.000000,1954393.000000,2020165.000000,2014293.000000,1913755.000000,
1940426.000000,1992190.500000,1922589.500000,1938735.500000,1937281.500000,2016974.000000,1910128.000000,2008639.500000,2075373.500000,1920944.000000,
1945602.000000,1996674.000000,1962959.500000,1951956.000000,1952025.000000,2027946.500000,2033289.000000,2047186.500000,2061108.500000,1932986.000000,
1919011.000000,2018285.000000,1914758.000000,1948688.500000,1951886.500000,1977882.500000,2104378.000000,1984838.500000,2025794.500000,1911354.500000,
1966652.500000,2083073.000000,1928406.500000,1959494.500000,1944274.500000,1990470.500000,2041038.500000,1956980.500000,1995916.000000,1959780.000000,
1963052.000000,1994438.000000,1918695.500000,1965977.000000,1948594.500000,1962872.000000,2009447.000000,1928062.000000,2007126.000000,1923713.500000,
1907358.500000,1983638.500000,1895826.500000,1920427.000000,1929223.000000,1964757.500000,2004481.000000,1893472.000000,2058086.000000,1954076.500000,
1892978.500000,1954808.000000,1892874.500000,1932580.500000,1965435.000000,2038027.000000,1947080.500000,1924452.000000,2018567.500000,1893962.000000,
1943946.500000,1998938.500000,1909473.500000,2028867.000000,1920531.500000,1940833.000000,1949810.000000,1961464.000000,1975163.500000,1918771.500000,
1967663.500000,1957367.500000,1899015.000000,1972303.500000,1955951.500000,1951933.000000,1964680.500000,1914355.500000,1967332.500000,1872958.000000,
2012725.000000,1926652.500000,1864268.000000,1963879.000000,2017017.500000,1973442.000000,1958165.000000,1905136.500000,1989941.500000,1928716.500000,
2002185.500000,1971250.000000,1891289.500000,1916707.500000,1924474.000000,1934470.500000,1962864.000000,1913458.500000,2010779.500000,2045085.000000,
1991991.000000,2003238.500000,1924220.500000,1969039.500000,1912516.500000,1961880.000000,1934688.500000,2007095.500000,1995970.500000,2020983.500000,
2068750.500000,1943856.000000,2056895.500000,1927300.000000,1904569.500000,1949742.500000,1929459.000000,1933149.500000,1973415.500000,1970433.500000,
1999717.000000,1961034.000000,2008213.500000,1926281.500000,1859521.500000,1941632.000000,1932710.500000,1948603.500000,1974561.000000,1919655.000000,
1938905.500000,1958707.500000,1941769.500000,1912282.000000,1940942.000000,1971307.000000,1960433.000000,1892177.000000,1977330.500000,1908387.500000,
1939181.500000,2011585.500000,1973761.000000,1944001.000000,1904293.500000,1958324.000000,1916840.000000,2020166.000000,1963225.000000,1906569.000000,
1938530.000000,1952617.000000,1928766.500000,1917835.500000,1894732.500000,1927424.000000,1937130.000000,1929275.000000,1957739.500000,1891642.000000,
1887095.000000,1907413.500000,1881291.000000,1901783.000000,1899798.500000,1869253.000000,1875449.500000,1867879.000000,1985675.000000,1859860.000000,
1897525.000000,1938964.000000,1901545.000000,1884145.500000,1942025.000000,1939975.000000,2000546.500000,1869470.500000,1973782.500000,1931599.500000,
1874023.000000,1956740.500000,1921458.000000,1903878.500000,1886981.500000,1954528.500000,1911327.500000,1901081.000000,1912035.000000,1870986.500000,
1955147.000000,1897147.000000,1914232.000000,1911349.500000,1941447.500000,1923377.000000,1934610.000000,1958637.500000,1900871.000000,1846677.000000,
1974344.500000,1912205.500000,1897951.000000,1881061.000000,1895191.000000,1917610.000000,1895893.000000,1881933.500000,1877314.500000,1851320.000000,
1929045.500000,1911193.000000,1863971.000000,1859905.500000,1893278.500000,1905933.500000,1901970.500000,1843248.000000,1887190.500000,1898423.000000,
1910367.000000,1944778.000000,1867788.000000,1859038.500000,1927072.500000,1900771.500000,1977522.000000,1872842.000000,1919182.500000,1877513.500000,
1922921.500000,1895373.000000,1929923.500000,1888277.000000,1856620.000000,1888542.500000,1971103.000000,1960646.500000,1916938.000000,1877291.000000,
1885127.000000,1871063.000000,1888601.000000,1891556.500000,1853461.500000,1863434.500000,1919002.500000,1974849.500000,1911877.000000,1829943.000000,
1834242.000000,1858695.000000,1855394.000000,1907777.500000,1880037.000000,1870005.500000,1883819.000000,1902793.500000,1886378.500000,1832284.000000,
1857485.000000,1873148.500000,1870226.500000,1852877.000000,1929704.000000,1918381.500000,1874884.500000,1893682.500000,1875350.500000,1906252.500000,
1915520.500000,1929819.500000,1877769.000000,1868536.500000,1921281.500000,1938838.000000,1891318.000000,1954638.000000,1936693.500000,1850974.500000,
1917812.500000,1992953.000000,1902727.500000,1876098.500000,1903312.500000,1987611.000000,1839178.000000,1950141.500000,1852421.000000,1817417.000000,
1870415.000000,1957693.000000,1881810.500000,1890834.500000,1865912.500000,1914660.500000,1838878.500000,1998505.500000,1907967.000000,1808957.500000,
1864126.500000,1890361.500000,1876046.500000,1859615.500000,1866435.500000,1940438.500000,1888683.500000,1883394.000000,1926147.000000,1877887.000000,
1864997.000000,1911801.000000,1932040.500000,1863458.000000,1838995.500000,1975742.500000,1887975.000000,1951207.000000,1936774.500000,1988738.500000,
1937456.000000,1866183.500000,1877295.500000,2024851.500000,1812217.500000,1900125.000000,1840610.500000,1872885.000000,1869883.500000,1969649.500000,
1916643.000000,1859260.500000,1947729.500000,1927316.000000,1820939.500000,1888738.000000,1855063.500000,1883910.500000,1896833.500000,1912691.000000,
1883815.500000,1830959.000000,1904528.500000,1881576.000000,1814532.000000,1936785.500000,1896623.000000,1824171.500000,1899246.000000,1854950.000000,
1877468.000000,1933154.000000,1890183.500000,1874139.000000,1843115.500000,1953872.500000,1946159.500000,1880323.000000,1905802.500000,1879821.500000,
1881898.500000,1868346.000000,1910705.000000,1872312.500000,1851588.500000,1936883.500000,1842792.500000,1911740.500000,1852844.500000,1855320.500000,
1879614.000000,1863881.500000,1945542.500000,1872780.500000,1824244.500000,1868978.000000,1837036.500000,1838950.000000,1861140.000000,1854934.000000,
1849402.000000,1883497.000000,1918357.000000,1881858.500000,1845340.000000,1891884.500000,1857586.000000,1847404.500000,1871726.500000,1810096.000000,
1827554.000000,1841165.500000,1849502.000000,1841741.000000,1822611.000000,1910266.500000,1962714.000000,1846067.500000,1899882.500000,1856881.500000,
1785683.500000,1856443.000000,1887221.500000,1841553.500000,1886081.000000,1903058.500000,1871602.500000,1831787.000000,1856583.500000,1847739.000000,
1850304.000000,1882293.000000,1895208.000000,1868048.000000,1853968.000000,1879291.500000,1806900.000000,1882200.000000,1852753.500000,1866211.500000,
1826976.000000,1817477.500000,1866977.500000,1843388.500000,1861952.500000,1826382.500000,1855544.000000,1848694.500000,1848671.500000,1806613.500000,
1888381.500000,1816320.000000,1843469.500000,1824328.500000,1823643.000000,1875853.500000,1935264.000000,1792969.500000,1879517.000000,1817258.000000,
1922400.500000,1866242.500000,1882628.500000,1825095.000000,1825147.000000,1958274.500000,1877790.500000,1802072.000000,1868795.500000,1810640.500000,
1900968.500000,1859120.500000,1907264.000000,1839169.500000,1871966.500000,1979878.000000,1828349.500000,1899605.500000,1846970.500000,1807098.500000,
1896470.000000,1841046.500000,1934045.500000,1853936.500000,1802719.500000,1872376.000000,1817176.500000,1941412.500000,1841512.000000,1809141.500000,
1911484.000000,1780008.500000,1900098.500000,1891249.000000,1846291.500000,1868521.000000,1820564.000000,1900554.500000,1820955.500000,1783806.000000,
1822498.000000,1824243.000000,1887383.500000,1815956.500000,1802038.500000,1865305.000000,1867968.000000,1866519.000000,1869311.000000,1835457.500000,
1814078.000000,1860377.500000,1893564.500000,1837556.500000,1907597.000000,1852110.500000,1946131.500000,1935002.500000,1825334.000000,1850474.500000,
1853465.000000,1845236.000000,1866631.000000,1845738.500000,1858806.000000,1830386.500000,1836966.500000,1821788.500000,1857692.000000,1806558.500000,
1800662.500000,1789960.000000,1839561.500000,1820940.000000,1791178.000000,1888315.000000,1833389.500000,1834421.000000,1858867.000000,1778157.500000,
1806365.500000,1802898.500000,1814798.000000,1838480.500000,1774093.500000,1857143.000000,1803500.500000,1802108.500000,1845950.500000,1772069.500000,
1800649.500000,1792030.000000,1803767.500000,1806847.500000,1778549.500000,1845669.000000,1859068.000000,1852553.000000,1795471.000000,1815363.000000,
1817128.000000,1873510.000000,1807828.000000,1813766.500000,1766367.500000,1811739.500000,1854890.000000,1851993.500000,1813227.500000,1813343.500000,
1833317.000000,1924132.000000,1796107.000000,1794298.500000,1766678.000000,1798117.000000,1822558.500000,1795858.000000,1792998.500000,1777163.000000,
1839398.000000,1891834.500000,1810741.000000,1801203.500000,1790792.000000,1817755.000000,1765019.000000,1812534.500000,1852113.000000,1752269.500000,
1934361.000000,1838649.000000,1802934.500000,1837337.500000,1751793.500000,1807140.000000,1833450.000000,1813408.000000,1855486.500000,1814547.000000,
1794625.000000,1856472.000000,1797182.000000,1814183.000000,1766212.500000,1850220.500000,1801866.000000,1821676.000000,1770862.000000,1804239.500000,
1817290.500000,1813197.000000,1794936.500000,1837500.500000,1810232.000000,1812501.500000,1799120.000000,1816045.500000,1814821.000000,1759972.000000,
1790360.000000,1779221.000000,1795238.500000,1807603.000000,1770355.000000,1828867.500000,1764358.500000,1840519.500000,1804971.000000,1809615.000000,
1772303.000000,1822972.000000,1792558.500000,1815809.000000,1806936.500000,1823737.500000,1792398.000000,1798202.500000,1857253.000000,1886552.500000,
1831013.500000,1791336.500000,1773014.000000,1770272.000000,1807355.500000,1811901.500000,1830338.500000,1781096.500000,1940920.000000,1818860.500000,
1761939.500000,1827381.000000,1786096.500000,1794066.500000,1803408.500000,1761283.000000,1742590.500000,1834904.000000,1818385.000000,1831177.000000,
1844055.000000,1784191.000000,1784661.500000,1899763.000000,1763478.000000,1760047.000000,1758776.500000,1753210.500000,1778969.500000,1776836.000000,
1898446.500000,1760838.500000,1790126.000000,1863734.000000,1785481.500000,1784115.500000,1788392.500000,1803344.500000,1817708.000000,1775526.000000,
1819462.500000,1796453.500000,1770535.000000,1838796.500000,1761580.000000,1821553.000000,1813251.000000,1737430.500000,1791785.000000,1758835.500000,
1787257.000000,1779173.500000,1754515.000000,1766708.500000,1788112.000000,1900625.500000,1762247.000000,1749371.000000,1779413.500000,1889076.500000,
1783209.500000,1819217.000000,1762279.000000,1825872.000000,1787123.500000,1786210.500000,1850963.500000,1801316.000000,1809805.500000,1927409.000000,
1805733.500000,1740536.500000,1842338.000000,1756526.500000,1775381.000000,1787886.500000,1775361.500000,1730861.500000,1752910.000000,1906023.000000,
1851193.000000,1756143.500000,1835731.000000,1783545.000000,1758339.500000,1744918.500000,1785296.000000,1771184.000000,1796188.500000,1807589.500000,
1805766.000000,1754332.500000,1793106.000000,1744685.500000,1735666.000000,1902313.000000,1839718.500000,1721264.000000,1748359.500000,1756483.000000,
1810559.000000,1804301.500000,1787287.500000,1746969.500000,1751377.000000,1846059.500000,1836906.500000,1799374.000000,1743552.500000,1737116.000000,
1832757.000000,1774502.500000,1798607.000000,1774720.000000,1717522.000000,1821155.500000,1760117.500000,1749098.500000,1731953.500000,1728489.500000,
1777080.500000,1772868.500000,1766538.500000,1722606.500000,1737073.000000,1794750.500000,1724904.000000,1724515.500000,1788896.500000,1728013.500000,
1753529.500000,1733713.000000,1776876.500000,1789288.500000,1761862.000000,1816791.500000,1716105.500000,1719330.000000,1761270.500000,1715914.500000,
1742981.000000,1779869.000000,1770396.000000,1704982.000000,1740266.000000,1780724.000000,1827765.500000,1691569.500000,1764892.500000,1795308.000000,
1798073.500000,1752902.500000,1772018.000000,1759552.000000,1799207.500000,1725181.500000,1857301.000000,1771461.000000,1751926.500000,1778259.500000,
1819744.000000,1771526.500000,1741967.500000,1741600.500000,1759172.000000,1734898.500000,1769616.500000,1868879.500000,1735101.000000,1732200.500000,
1715433.000000,1746172.000000,1744542.000000,1746431.500000,1738556.500000,1742558.000000,1763465.500000,1743608.500000,1791882.500000,1696186.000000,
1698037.500000,1710600.000000,1764398.000000,1748827.000000,1732275.000000,1844018.000000,1782464.500000,1723143.500000,1769880.500000,1690310.000000,
1764185.500000,1771334.500000,1754435.500000,1738263.500000,1724744.500000,1758562.000000,1751856.000000,1728629.000000,1739895.000000,1726249.000000,
1793160.000000,1770079.000000,1745200.000000,1781352.000000,1780329.000000,1708886.500000,1703956.500000,1791321.000000,1720533.500000,1715892.000000,
3783406.500000,3699700.000000,3686288.000000,3705572.500000,3646221.000000,3714026.000000,3606613.000000,3816089.500000,3718986.000000,3661156.500000,
4339346.500000,4322037.000000,4347105.500000,4381799.500000,4323894.000000,4293234.000000,4313755.000000,4381672.000000,4375808.500000,4326655.000000,
3874586.500000,3898638.500000,3877273.500000,3945307.000000,3798376.500000,3843997.000000,3779450.500000,3814940.000000,3839153.500000,3770450.000000,
3759811.500000,3782328.000000,3727546.500000,3799518.500000,3718597.500000,3828754.500000,3755452.500000,3787842.000000,3933996.000000,3817453.000000,
3895084.500000,3754552.000000,3751349.000000,3729997.000000,3668939.500000,3768203.000000,3665208.000000,3758796.500000,3758790.500000,3818315.500000,
3951082.500000,3670446.000000,3738343.000000,3735994.000000,3661465.000000,3771425.000000,3743774.500000,3707442.500000,3763463.000000,3723509.000000,
3895955.500000,3766364.500000,3690331.000000,3752011.000000,3720290.000000,3821475.500000,3620862.000000,3738834.000000,3692693.500000,3699727.000000,
3740935.000000,3704045.000000,3719146.000000,3735690.000000,3613171.500000,3726374.000000,3668869.000000,3688837.000000,3730483.500000,3685735.000000,
3774540.500000,3744124.000000,3676070.000000,3702340.500000,3773613.000000,3725984.000000,3743796.000000,3735539.000000,3641701.500000,3635388.500000,
3734190.000000,3735881.500000,3671935.000000,3644206.000000,3672515.500000,3735190.500000,3677743.500000,3682607.500000,3684459.000000,3610274.500000,
3709319.500000,3773043.000000,3664881.500000,3617889.500000,3812404.000000,3702644.000000,3749908.500000,3784788.500000,3738787.000000,3716597.000000,
3744878.000000,3697006.500000,3673997.000000,3626178.000000,3627253.500000,3782532.500000,3746122.500000,3787711.500000,3714515.500000,3683931.000000,
3862308.500000,3763721.500000,3834401.000000,3628346.500000,3737455.500000,3709931.000000,3773363.500000,3749436.000000,3714123.000000,3660385.000000,
3732155.500000,3669159.000000,3795619.500000,3613230.000000,3602883.000000,3763681.000000,3720202.000000,3669258.500000,3676181.500000,3656754.000000,
3684039.500000,3735178.500000,3713773.000000,3614492.500000,3605397.000000,3689608.000000,3686293.500000,3763173.000000,3733729.500000,3647177.000000,
3768561.500000,3785190.000000,3678988.000000,3670058.500000,3657995.000000,3691187.500000,3562020.500000,3714158.500000,3674613.000000,3740593.000000,
3700723.500000,3761337.500000,3642810.000000,3655606.000000,3644195.000000,3705974.000000,3683510.000000,3730971.500000,3778243.000000,3635841.000000,
3835612.500000,3710978.500000,3660148.500000,3800835.000000,3656852.500000,3642443.000000,3628361.500000,3688506.000000,3686526.000000,3814319.500000,
3764946.500000,3635899.000000,3687821.000000,3764718.000000,3609255.500000,3712623.000000,3588913.000000,3650668.000000,3704405.500000,3636960.000000,
3816820.000000,3723476.500000,3634942.500000,3631879.500000,3594156.500000,3665586.000000,3616536.500000,3629889.000000,3601524.000000,3713915.500000,
3605998.500000,3617973.500000,3715482.000000,3620349.500000,3613223.000000,3665846.000000,3516364.500000,3571844.500000,3646439.000000,3600548.500000,
3579190.000000,3634845.000000,3669507.500000,3619805.500000,3569916.000000,3731706.500000,3707177.500000,3649571.000000,3618746.000000,3600929.500000,
3526998.500000,3629924.000000,3624612.500000,3572156.000000,3678333.500000,3690105.500000,3586596.500000,3622674.500000,3582516.500000,3578933.500000,
3496072.000000,3553933.000000,3604564.500000,3538303.000000,3549813.000000,3604257.500000,3584544.500000,3579588.500000,3566944.500000,3513870.000000,
3575923.000000,3682492.000000,3630981.500000,3574097.000000,3575005.500000,3526637.000000,3673207.500000,3541930.000000,3529661.000000,3560947.500000,
3685945.000000,3523175.500000,3667000.000000,3537452.000000,3502740.500000,3592271.500000,3494289.500000,3522952.500000,3581704.500000,3475141.500000,
3703227.500000,3716364.000000,3713011.000000,3616858.000000,3542621.500000,3554549.000000,3621534.500000,3592887.000000,3590678.500000,3540023.000000,
3832370.500000,4085745.000000,3849365.000000,3776177.000000,3961443.000000,3877828.000000,3670089.000000,3970671.500000,4096542.000000,3687539.500000,
3691330.000000,4564140.500000,3664065.500000,3649118.500000,4302900.000000,3769332.500000,3750455.000000,3694771.000000,4608924.000000,3698249.500000,
3605743.000000,4482348.500000,3593644.000000,3733984.000000,3626844.500000,3704513.500000,3650887.000000,3802339.000000,4666326.500000,3752203.500000,
3633411.000000,4638291.500000,3688895.500000,3636697.000000,3611942.500000,3786266.000000,3627162.500000,3627589.000000,4579547.500000,3653306.500000,
3868742.500000,3876631.500000,3664387.000000,3615411.000000,3583240.500000,3594317.500000,3523151.000000,3640313.000000,4578139.500000,3658860.500000,
3672491.000000,3772412.000000,3618465.000000,3625037.500000,3563860.500000,3623275.500000,3594702.500000,3599620.500000,4487377.500000,3619307.500000,
3845203.500000,3751006.500000,3691113.500000,3607594.500000,3715387.500000,3581972.000000,3691233.000000,3628173.500000,4495148.000000,3635388.000000,
3626208.000000,3663452.000000,3596117.500000,3642382.500000,3587630.000000,3647426.500000,3540333.500000,3544536.500000,4472040.500000,3585559.500000,
3588350.000000,3568690.000000,3566659.500000,3570264.000000,3693432.000000,3506451.000000,3647063.000000,3646796.500000,4303972.500000,3578893.500000,
3586125.000000,3613461.500000,3514607.000000,3573361.000000,3536259.000000,3619787.000000,3497565.000000,3497652.000000,3631231.000000,3501183.000000,
3676711.000000,3596433.500000,3571294.000000,3540637.500000,3544005.000000,3517066.500000,3675265.000000,3568335.000000,3547085.500000,3552561.500000,
3602693.500000,3605715.000000,3556887.000000,3624531.000000,3533076.500000,3545977.500000,3536466.500000,3771953.000000,3593716.000000,3553763.000000,
3536607.500000,3602219.000000,3547176.500000,3560882.000000,3493620.000000,3573051.500000,3488732.000000,3600704.000000,3581235.000000,3468335.500000,
3572445.500000,3564154.000000,3518385.000000,3567211.000000,3508164.000000,3522978.000000,3699565.500000,3626379.500000,3563147.500000,3687685.500000,
3468647.000000,3502420.500000,3501883.000000,3538847.500000,3479177.500000,3582173.500000,3654737.000000,3584170.500000,3559782.000000,3572910.500000,
3494484.500000,3544532.000000,3545241.000000,3558801.000000,3528137.000000,3479829.500000,3590891.000000,3575150.500000,3690478.500000,3633840.500000,
3603938.000000,3540064.500000,3510086.000000,3608666.500000,3503769.500000,3565552.500000,3535648.000000,3511776.000000,3552530.500000,3524420.000000,
3670569.500000,3616810.500000,3504355.500000,3587275.500000,3526293.500000,3492862.500000,3586156.000000,3527863.000000,3602119.000000,3536885.000000,
3704131.500000,3585410.500000,3568242.000000,3629981.000000,3472444.000000,3468363.000000,3464509.000000,3491641.500000,3528385.000000,3586078.000000,
3544085.000000,3595478.000000,3509056.000000,3555316.500000,3515620.000000,3515536.500000,3509631.500000,3520568.500000,3597927.500000,3500424.000000,
3561889.000000,3484921.500000,3569313.500000,3522743.000000,3537338.000000,3466150.000000,3543719.000000,3528063.500000,3641003.500000,3500212.000000,
3476804.000000,3537644.000000,3473031.000000,3535011.500000,3513300.000000,3527134.000000,3678235.000000,3552711.000000,3510037.000000,3478868.000000,
3724990.000000,3438881.500000,3491889.000000,3488849.000000,3475603.000000,3713683.000000,3551101.500000,3505940.000000,3544966.000000,3520963.500000,
3672986.000000,3512244.500000,3527222.000000,3474055.000000,3443926.000000,3611270.500000,3557542.500000,3458459.500000,3531356.500000,3482103.000000,
3516353.500000,3495907.000000,3459337.500000,3429760.500000,3473961.500000,3504279.000000,3590804.500000,3463082.000000,3579046.000000,3442586.000000,
3462140.000000,3449701.500000,3510920.500000,3495402.500000,3549204.500000,3470213.500000,3690202.000000,3575263.500000,3487326.500000,3486086.000000,
3447256.000000,3605578.500000,3409599.500000,3439598.500000,3581125.000000,3477439.000000,3762637.500000,3395800.000000,3559589.000000,3484314.000000,
3622607.500000,3491964.500000,3468214.000000,3481707.000000,3469278.000000,3470962.000000,3568553.000000,3560156.500000,3542488.500000,3557512.500000,
3421457.000000,3532953.500000,3507286.000000,3472970.000000,3426883.500000,3509510.000000,3469063.500000,3680622.500000,3479854.500000,3514230.000000,
3497933.500000,3598697.500000,3493040.000000,3457427.500000,3499726.000000,3441032.500000,3578208.000000,3513371.000000,3439121.000000,3539257.000000,
3621485.000000,3438720.500000,3447645.000000,3529890.500000,3468739.000000,3451312.000000,3489496.500000,3503910.500000,3448496.000000,3555498.500000,
3567720.000000,3523962.500000,3446649.000000,3461995.500000,3504626.000000,3658865.500000,3540560.500000,3424029.000000,3423431.000000,3523114.500000,
3506311.500000,3463016.500000,3562151.000000,3422850.000000,3458066.000000,3508039.500000,3404682.000000,3465866.500000,3436243.000000,3443461.500000,
3436821.000000,3451148.000000,3420767.500000,3397330.500000,3431364.500000,3518452.000000,3484331.000000,3423156.500000,3424471.500000,3424883.000000,
3577246.500000,3405162.000000,3473447.500000,3456340.500000,3469504.000000,3490978.000000,3466761.000000,3404464.500000,3471248.500000,3484656.500000,
3437175.500000,3440505.500000,3425192.500000,3432730.000000,3508606.500000,3468312.500000,3497075.500000,3418489.500000,3455408.000000,3442323.000000,
3632035.000000,3452314.000000,3353212.000000,3499129.000000,3427948.500000,3474220.500000,3503864.000000,3426122.000000,3393238.000000,3450387.000000,
3519919.500000,3395666.500000,3440954.500000,3427958.000000,3565510.000000,3378649.000000,3484130.000000,3428418.500000,3476235.000000,3390236.500000,
3565345.000000,3541758.500000,3431791.500000,3481157.000000,3481543.500000,3562429.500000,3530125.000000,3402663.000000,3469069.000000,3378542.000000,
3563320.000000,3424042.000000,3461902.500000,3459888.500000,3476929.500000,3410212.000000,3403622.500000,3517105.500000,3390002.500000,3422689.000000,
3537065.500000,3479066.000000,3404736.500000,3454335.500000,3396999.500000,3453103.500000,3441652.000000,3593389.000000,3374349.000000,3516286.000000,
3428641.500000,3573844.000000,3423902.500000,3427970.000000,3403631.000000,3484833.500000,3458098.000000,3445956.500000,3464092.500000,3500854.500000,
3441226.000000,3488142.000000,3455918.500000,3428403.000000,3385600.500000,3418260.000000,3512660.000000,3351634.500000,3355961.000000,3466561.500000,
3543118.500000,3578196.000000,3364654.000000,3366476.500000,3412112.000000,3397105.000000,3457221.500000,3377385.000000,3484641.500000,3346846.000000,
3460370.000000,3594594.000000,3385193.000000,3388417.000000,3415052.500000,3343925.500000,3374226.000000,3410341.000000,3525633.500000,3595124.000000,
3433006.000000,3512369.000000,3539715.000000,3494120.000000,3421134.500000,3534706.000000,3489655.500000,3340125.500000,3432067.000000,3550137.500000,
3465152.000000,3406097.000000,3425534.000000,3418407.000000,3411308.500000,3366072.500000,3501086.000000,3370653.000000,3422177.000000,3416605.000000,
3339560.000000,3486675.000000,3407438.000000,3441327.000000,3361999.000000,3386023.000000,3491446.000000,3394432.000000,3309133.500000,3450295.500000,
3426205.500000,3464104.500000,3430969.500000,3432218.000000,3352066.000000,3428604.500000,3452635.000000,3366744.000000,3388220.500000,3452447.500000,
3552529.000000,3462869.500000,3419096.000000,3400447.500000,3453907.500000,3347677.500000,3374425.000000,3393916.500000,3326358.500000,3394697.000000,
3584538.500000,3424725.000000,3381700.500000,3419619.500000,3321405.000000,3451752.500000,3392742.500000,3360055.500000,3336160.500000,3445059.500000,
3460938.500000,3410201.000000,3358354.000000,3445932.000000,3357628.500000,3372250.500000,3506888.500000,3395378.500000,3356396.500000,3369267.000000,
3356079.000000,3465654.500000,3332688.500000,3362136.000000,3319553.000000,3427756.000000,3485204.000000,3341038.500000,3371582.500000,3381401.000000,
3429558.500000,3535423.500000,3363565.000000,3374396.000000,3348206.000000,3520973.500000,3490021.000000,3383395.500000,3549968.500000,3429367.000000,
3328884.000000,3485164.500000,3394964.000000,3411836.500000,3485051.000000,3539397.500000,3493686.000000,3539227.500000,3355793.500000,3422565.000000,
3393382.500000,3554866.500000,3310219.000000,3398162.500000,3384788.000000,3424455.000000,3540127.000000,3324486.000000,3419637.000000,3387871.500000,
3484603.500000,3425066.500000,3342271.500000,3375726.000000,3344538.500000,3394175.500000,3523972.000000,3395805.000000,3465057.000000,3438599.000000,
3372955.000000,3397482.000000,3370652.500000,3359798.000000,3320099.500000,3449227.500000,3401782.500000,3408837.500000,3399474.500000,3451185.000000,
3586293.500000,3415355.000000,3340135.500000,3329476.000000,3368271.500000,3331748.500000,3389802.500000,3357055.000000,3414131.000000,3375544.500000,
3309251.000000,3446643.000000,3423924.500000,3360683.000000,3363310.500000,3344472.000000,3412196.500000,3349997.000000,3314828.500000,3410242.500000,
3328951.500000,3357458.500000,3316311.500000,3340031.000000,3297634.000000,3418632.500000,3418198.500000,3290700.000000,3388826.000000,3413962.000000,
3449119.000000,3325136.500000,3388817.000000,3321626.000000,3365207.500000,3300832.000000,3276978.500000,3355178.500000,3387240.500000,3413416.500000,
3376362.000000,3403559.000000,3339448.500000,3442158.000000,3327014.500000,3369990.000000,3426096.000000,3249676.000000,3295888.000000,3388260.000000,
3532094.000000,3381410.500000,3256880.500000,3348933.000000,3372805.500000,3539548.500000,3437127.500000,3366537.500000,3278673.000000,3452048.000000,
3358003.000000,3314107.500000,3322048.500000,3355677.000000,3502422.000000,3333273.000000,3311479.500000,3316195.500000,3291105.500000,3365995.500000,
3316736.500000,3362365.500000,3257435.000000,3299892.000000,3403479.500000,3404300.500000,3395223.000000,3262103.000000,3318717.500000,3370727.000000,
3353739.000000,3264575.500000,3220126.500000,3315885.500000,3364548.000000,3272565.000000,3416796.500000,3384514.000000,3286428.000000,3338021.000000,
3324102.500000,3371630.500000,3313816.500000,3296314.500000,3416522.000000,3464207.500000,3348249.000000,3397986.000000,3306425.500000,3402176.000000,
3268204.000000,3308364.000000,3279104.500000,3313758.000000,3340984.500000,3351290.000000,3360664.000000,3295160.500000,3272396.000000,3358573.000000,
3397582.000000,3290612.000000,3271969.000000,3326463.000000,3315176.500000,3362034.500000,3303774.500000,3432172.000000,3275036.500000,3308075.500000,
3366557.000000,3396801.000000,3238695.000000,3262117.500000,3331166.500000,3387610.500000,3287571.500000,3375969.500000,3332184.500000,3270812.000000,
3479323.500000,3289155.500000,3236343.000000,3312146.000000,3273973.500000,3329249.500000,3460748.000000,3295022.500000,3279221.500000,3269254.000000,
3282601.000000,3404645.000000,3295118.000000,3313109.000000,3279626.500000,3437535.000000,3350088.500000,3251801.000000,3254401.000000,3376651.000000,
3339687.500000,3422996.500000,3247518.000000,3325624.000000,3283429.000000,3297760.000000,3336836.000000,3283369.000000,3249296.500000,3390269.000000,
3263921.500000,3356231.500000,3242485.500000,3299794.000000,3366021.500000,3342246.500000,3220888.500000,3336892.000000,3215720.500000,3330707.500000,
3324599.500000,3291213.000000,3224739.500000,3426140.000000,3331989.500000,3376039.500000,3305187.000000,3362944.000000,3268537.500000,3351540.000000,
3372983.000000,3279691.000000,3234574.000000,3320870.500000,3385420.500000,3236173.500000,3284232.000000,3367799.000000,3399572.000000,3277257.000000,
3350928.500000,3312404.500000,3308742.500000,3367954.000000,3339297.000000,3328863.000000,3271502.500000,3312373.000000,3325784.500000,3265814.500000,
3412164.000000,3253404.000000,3372992.000000,3312481.500000,3327546.500000,3304234.500000,3303462.000000,3306913.000000,3251735.000000,3268903.000000,
3463955.500000,3290730.000000,3307756.000000,3295885.000000,3264726.000000,3335831.500000,3239489.000000,3332999.500000,3241694.000000,3231364.000000,
3357964.000000,3282580.000000,3312665.500000,3267802.500000,3255835.500000,3340539.000000,3315142.500000,3304127.500000,3233564.000000,3260726.000000,
3258794.500000,3234325.000000,3274659.000000,3205769.500000,3283692.500000,3220828.000000,3283619.000000,3311099.500000,3237102.500000,3260498.000000,
3278683.000000,3417590.000000,3247578.500000,3251680.000000,3272157.000000,3386242.000000,3237080.000000,3317752.500000,3334455.500000,3230478.000000,
3320902.000000,3257329.000000,3289479.000000,3175367.500000,3253431.500000,3239405.500000,3394207.000000,3303723.000000,3271513.500000,3280846.500000,
3433766.500000,3328625.500000,3301675.500000,3193162.000000,3317515.000000,3230713.000000,3288723.000000,3307434.500000,3251425.000000,3223795.000000,
3296547.000000,3368700.500000,3220683.000000,3208776.500000,3361911.000000,3371946.000000,3294309.500000,3283599.000000,3251675.500000,3285258.500000,
3278973.000000,3400046.000000,3231524.500000,3199563.000000,3289643.500000,3479467.000000,3460004.500000,3269494.500000,3264077.500000,3328815.000000,
3194346.500000,3317916.500000,3222236.000000,3204624.500000,3266395.500000,3342036.000000,3264506.500000,3269781.000000,3305000.500000,3256636.500000,
3242493.500000,3253783.000000,3212414.500000,3247805.500000,3329749.500000,3241412.500000,3285241.500000,3311913.000000,3334881.500000,3334519.500000,
3208328.000000,3281584.500000,3244090.500000,3285626.500000,3297757.500000,3335638.000000,3257851.500000,3267527.000000,3287868.000000,3321221.000000,
3370438.500000,3278670.500000,3306268.500000,3268037.000000,3276673.000000,3322169.500000,3289093.500000,3355925.500000,3301784.000000,3354534.500000,
3333566.500000,3332857.500000,3247576.500000,3236759.500000,3258315.000000,3224836.000000,3196179.500000,3386091.000000,3266385.000000,3287714.000000,
3220461.000000,3313598.500000,3273660.500000,3316918.500000,3259747.500000,3265283.500000,3205124.500000,3345156.500000,3275731.000000,3254659.000000,
3289640.500000,3252038.500000,3201236.500000,3360163.000000,3245046.000000,3294387.500000,3321415.000000,3307344.500000,3310329.000000,3247899.000000,
3247219.000000,3251467.000000,3177451.500000,3263367.500000,3305493.500000,3238524.000000,3164819.500000,3229513.000000,3225059.500000,3265517.000000,
3253436.500000,3285077.000000,3248945.000000,3210513.500000,3262670.000000,3362360.000000,3182714.000000,3233080.000000,3244030.000000,3234893.000000,
3358562.500000,3234415.500000,3227383.000000,3246003.500000,3251173.500000,3296373.000000,3233639.500000,3214964.500000,3230240.500000,3336639.500000,
3299901.000000,3313377.500000,3208491.500000,3273122.000000,3395774.500000,3309378.500000,3150610.000000,3275650.500000,3257015.000000,3250883.500000,
3212230.000000,3243227.000000,3201823.500000,3227109.000000,3273746.000000,3271603.000000,3270512.000000,3388281.500000,3301118.000000,3354976.000000,
3183294.500000,3270032.500000,3229518.000000,3202394.000000,3297177.500000,3253230.500000,3285977.000000,3371854.000000,3194164.500000,3288383.500000,
3223342.500000,3382775.000000,3206070.500000,3208647.500000,3221232.000000,3241335.000000,3234072.500000,3418317.500000,3229559.500000,3443587.000000,
3255279.500000,3247280.000000,3126964.500000,3162713.500000,3223392.500000,3238991.000000,3347476.500000,3244595.000000,3215754.000000,3237200.500000,
3168745.000000,4181706.000000,3172423.000000,3221690.000000,3242558.000000,3294588.500000,3207293.500000,3236341.000000,3218026.500000,3232527.000000,
3181465.000000,3782222.000000,3186975.000000,3197819.500000,3254369.000000,3218454.500000,3255598.000000,3218078.500000,3220954.500000,3217340.000000,
3197107.000000,3338902.000000,3343024.000000,3160544.000000,3169025.000000,3114017.500000,3161347.500000,3212707.000000,3204171.000000,3255110.500000,
3340524.500000,3226471.500000,3298508.500000,3243401.000000,3242644.000000,3334319.500000,3147167.500000,3196903.500000,3195052.000000,3231382.000000,
3304852.000000,3311055.500000,3299768.500000,3230818.500000,3231713.500000,3252748.500000,3266261.500000,3260433.500000,3328628.500000,3217763.000000,
3221634.500000,3400894.000000,3276216.000000,3189305.500000,3277634.000000,3231385.000000,3118863.500000,3216732.000000,3346190.500000,3170617.500000,
3258604.000000,3266913.500000,3344554.000000,3190423.000000,3214004.000000,3285259.000000,3189485.500000,3187053.500000,3230877.000000,3174981.000000,
3242511.500000,3289382.500000,3193498.000000,3137697.000000,3177815.500000,3172183.500000,3165252.000000,3235778.500000,3196095.000000,3175760.500000,
3180649.500000,3220637.000000,3212462.000000,3206115.500000,3185357.000000,3238066.500000,3187289.000000,3200996.000000,3167564.000000,3145091.500000,
3225985.500000,3777866.500000,3314885.000000,3138318.500000,3202911.000000,3200047.000000,3235537.000000,3159540.000000,3203651.000000,3137218.500000,
3307124.000000,4074721.500000,3324079.500000,3126935.000000,3211317.000000,3179913.500000,3180584.000000,3218814.500000,3186209.000000,3141811.000000,
3257956.000000,4010208.000000,3279131.000000,3129790.500000,3173275.000000,3264496.500000,3182618.000000,3215450.000000,3254822.000000,3157352.500000,
3155901.000000,4044262.500000,3238910.000000,3148117.000000,3206838.000000,3205490.500000,3285256.500000,3222295.000000,3202856.000000,3188001.500000,
3159888.500000,3976800.000000,3214562.500000,3180468.500000,3324668.500000,3181254.000000,3193694.500000,3152096.500000,3190777.000000,3138707.000000,
3150826.000000,4070669.000000,3195226.000000,3145109.000000,3213850.500000,3173698.500000,3238556.000000,3233832.000000,3409597.500000,3156540.500000,
3171489.000000,4119467.000000,3209412.000000,3197547.500000,3164512.500000,3181724.000000,3241729.500000,3162985.000000,3323837.500000,3224461.000000,
3136658.000000,4029672.500000,3233552.000000,3169672.500000,3190105.000000,3201273.500000,3129206.000000,3131373.500000,3186132.000000,3176536.000000,
3260418.500000,3567906.000000,3185738.000000,3170640.500000,3107783.000000,3112891.000000,3183853.000000,3135664.500000,3188914.000000,3158517.000000,
3163779.000000,3268639.500000,3158050.000000,3172978.000000,3168230.500000,3126633.500000,3092253.500000,3160256.500000,3105342.000000,3135442.500000,
3224671.500000,3233245.500000,3159814.500000,3151084.500000,3058408.500000,3272081.000000,3134882.000000,3097188.500000,3198637.000000,3110755.500000,
3224183.000000,3195584.500000,3141268.500000,3151663.000000,3146532.500000,3164546.000000,3180873.500000,3088729.500000,3164026.500000,3120241.000000,
3093477.500000,3191463.500000,3189199.000000,3119801.500000,3089179.000000,3232426.500000,3090243.000000,3135675.000000,3304417.000000,3105852.500000,
3264214.500000,3168599.000000,3197654.000000,3100833.000000,3085322.000000,3233124.000000,3142886.500000,3090214.000000,3134827.500000,3099391.000000,
3125838.000000,3264889.500000,3224342.500000,3092996.500000,3085046.000000,3156289.500000,3180243.500000,3161054.500000,3114679.500000,3150852.000000,
3134334.000000,3202895.500000,3217942.000000,3190575.000000,3144717.500000,3161405.500000,3040818.500000,3085618.000000,3140877.000000,3130899.000000,
3107546.500000,3208898.500000,3156635.500000,3159460.000000,3090398.500000,3085684.500000,3162853.500000,3079257.500000,3106034.500000,3080152.000000,
3105490.500000,3170607.500000,3116624.000000,3108888.500000,3356381.000000,3078457.500000,3029717.500000,3270900.500000,3163772.500000,3135001.000000,
3104692.500000,3156634.500000,3116189.500000,3166582.500000,3154057.500000,3142588.500000,3152488.000000,3150599.000000,3168259.500000,3102447.500000,
3112301.500000,3172246.500000,3094089.500000,3119135.500000,3144706.000000,3102403.000000,3216436.500000,3186148.000000,3307936.000000,3126431.000000,
3094789.500000,3264289.500000,3073881.000000,3126733.000000,4033300.500000,3178070.000000,3056526.500000,3125351.000000,3104058.000000,3122267.000000,
3137347.500000,3249562.500000,3082364.500000,3127448.000000,3146036.500000,3127370.000000,3175279.500000,3197256.000000,3338495.500000,3119610.500000,
3102314.500000,3141535.000000,3080944.000000,3073658.000000,3113019.000000,3161824.000000,3266801.000000,3152536.500000,3130730.500000,3118846.500000,
3216517.500000,3144453.000000,3068440.500000,3117399.500000,3079270.500000,3149323.500000,3157549.500000,3141947.000000,3116603.000000,3167503.000000,
3132224.000000,3137554.000000,3060209.000000,3133929.500000,3119505.000000,3095182.500000,3187525.000000,3110812.500000,3198096.000000,3243887.000000,
3128318.500000,3224622.000000,3049742.000000,3102806.500000,3085727.000000,3130786.500000,3050201.500000,3084764.000000,3137296.500000,3247030.500000,
3186706.500000,3113311.500000,3043398.500000,3097169.000000,3094044.000000,3116927.000000,3106618.000000,3085910.500000,3227065.000000,3128640.000000,
3226888.500000,3090884.500000,3065745.000000,3068369.000000,3077155.000000,3087315.500000,3051898.000000,3077682.000000,3175489.000000,3177967.000000,
3068089.500000,3169656.500000,3162719.500000,3059919.500000,3076682.000000,3148205.000000,3017672.500000,3114446.000000,3098505.000000,3192595.500000,
3226407.000000,3075187.500000,3129720.000000,3327660.500000,3066676.000000,3165084.000000,3056413.000000,3057409.500000,3113008.500000,3143519.500000,
3145660.000000,3094581.000000,3105857.000000,3105190.500000,3093112.000000,3095903.000000,3008587.500000,3109336.500000,3147660.000000,3175057.500000,
3131561.000000,3103854.000000,3133999.500000,3147820.500000,3067675.000000,3243737.500000,2992476.500000,3019031.500000,3193055.000000,3118610.500000,
3058485.000000,3071898.500000,3236693.500000,3119816.500000,3021397.500000,3059492.500000,3096589.000000,3009314.000000,3199373.500000,3129985.000000,
3053070.500000,3083760.000000,3103048.000000,3047661.500000,3158034.000000,3131537.500000,3016345.000000,3174394.500000,3149652.000000,3088826.500000,
3081538.000000,3117040.000000,3096847.000000,3077519.000000,3081115.000000,3074247.000000,3044683.500000,3029436.000000,3326519.500000,3077308.500000,
3008887.000000,3029024.000000,3109706.000000,2978972.500000,3076088.000000,3028332.000000,3032298.000000,3129082.500000,3191691.500000,3087348.500000,
3047996.500000,3160498.500000,3115720.500000,3042037.000000,3105937.000000,3125623.500000,3016928.500000,3210746.500000,3172951.500000,3071902.500000,
3046739.000000,3245607.000000,3118997.500000,3038257.500000,3024953.500000,3018700.500000,3038470.500000,3181211.000000,3227915.500000,3053474.500000,
3210902.500000,3188149.000000,3027837.500000,3029628.000000,3055344.500000,3055904.000000,3194517.000000,3124334.500000,3187176.500000,3033703.500000,
3085775.000000,3155102.500000,3080323.000000,3053313.500000,3051044.000000,3141037.500000,3103683.000000,3063686.500000,3410120.500000,3021964.500000,
3097406.500000,3072126.000000,3041900.500000,3062022.500000,3017128.500000,2973647.000000,3082438.500000,3025941.500000,3169883.500000,3140804.000000,
3058724.500000,3076416.000000,3015699.000000,3049615.000000,3102643.500000,3020321.000000,3124824.500000,3062415.000000,3111097.000000,3159950.000000,
3146007.500000,3070887.000000,3048807.500000,3117944.500000,3077144.000000,3193140.000000,2978289.000000,2988020.000000,3166636.000000,3078799.000000,
3154051.500000,3056457.000000,3034598.000000,3030526.000000,3144248.500000,3053026.000000,3023506.500000,3018374.500000,3090033.000000,3080015.500000,
3090671.500000,3072894.000000,3044723.500000,3001518.000000,3002765.000000,3048441.000000,2982538.000000,3072283.000000,3078227.500000,2989919.500000,
3102976.000000,3077950.500000,3103648.500000,3173958.500000,3044487.500000,3097207.000000,2977921.500000,3053083.500000,3144924.000000,3000088.000000,
3066259.500000,3029754.000000,3010700.000000,3037203.500000,2974755.500000,2979684.500000,2981317.000000,3038217.000000,3038636.000000,3004918.500000,
3004066.000000,3086692.000000,3042186.000000,3020782.500000,3104041.000000,3095042.000000,2934610.000000,2987189.000000,3044614.000000,2983875.500000,
2999689.500000,3036908.000000,3046605.000000,3025635.000000,2986675.000000,2951385.000000,2973769.000000,2978686.000000,3051206.500000,3071476.500000,
2966670.500000,3032730.500000,2981796.500000,3019196.000000,3128101.000000,2988562.000000,2968762.500000,3027443.500000,3041666.500000,3031972.000000,
2962661.500000,3073178.500000,3057948.000000,2996304.500000,2969604.500000,3026399.000000,3058654.500000,2989122.000000,3067541.000000,2981270.000000,
2958063.500000,2942484.500000,3007543.000000,2963908.000000,2961290.000000,2952865.000000,3026399.000000,2993783.500000,3029645.000000,3218697.000000,
3002514.000000,3115943.000000,3011496.500000,2961713.500000,3000920.500000,3011984.500000,3026270.500000,3224154.000000,3026306.000000,3014588.000000,
3075369.000000,3043596.000000,3024547.000000,3006286.000000,2916621.000000,3041457.500000,3115748.500000,3119262.500000,3170496.000000,3022410.000000,
3037603.500000,2989731.500000,2989069.000000,2972342.500000,2919429.500000,2930289.500000,3096235.500000,3024487.000000,3056883.000000,3027111.000000,
2988663.000000,3145468.000000,3015410.000000,2981325.500000,2949272.000000,3040370.000000,3002297.500000,3030788.000000,3121227.500000,3069067.000000,
3064938.500000,3184193.000000,2970768.000000,2976916.000000,2914024.500000,2984262.000000,2972175.000000,3002036.000000,3100595.500000,3056712.500000,
2998562.500000,3033769.000000,3015360.500000,2937837.500000,2955080.500000,2943955.500000,3026185.000000,3081128.000000,3020580.000000,3140560.500000,
2972126.000000,3062428.000000,3067281.500000,2990895.000000,2942553.500000,2970656.500000,2994541.500000,2998651.500000,2987063.000000,3185406.500000,
3051172.500000,2961973.500000,2965886.500000,3142540.500000,2913261.000000,2984339.500000,2964385.500000,2926334.000000,2967736.000000,3118229.500000,
3033761.500000,3022291.500000,3001796.500000,3029235.500000,2991722.000000,2917498.500000,2942291.500000,3005385.000000,2956649.500000,3076950.500000,
3034611.500000,2947265.000000,3147096.000000,3024626.500000,2944549.500000,3039463.500000,2963526.000000,2930726.500000,2991743.500000,3071550.500000,
3085640.500000,2942007.000000,3038656.000000,2993195.000000,2903428.500000,2897812.500000,3019078.000000,2937963.500000,2953496.000000,2989337.000000,
3049276.500000,2968925.000000,2962469.500000,2964963.500000,2947737.000000,2914417.000000,2981783.000000,2970881.500000,2958758.000000,2941964.500000,
3000249.000000,2976333.500000,3034448.000000,2994999.500000,2927688.500000,3031624.000000,2937769.500000,2954468.000000,2948827.000000,2992661.000000,
3014795.500000,2958823.000000,2962343.500000,2986916.500000,2901501.500000,3092807.000000,3073765.500000,2878464.500000,2931486.500000,2993953.000000,
2987611.000000,3054765.500000,2991276.500000,2938754.000000,2913532.500000,2985071.500000,3010319.000000,2956516.000000,2958293.500000,2935164.000000,
2913828.500000,2967860.500000,2957078.500000,2979350.500000,2986436.000000,3004384.500000,2959825.500000,2864925.500000,2996703.000000,2883381.500000,
2896799.000000,2965694.000000,3006151.500000,2926412.000000,2929040.500000,2917912.500000,3020751.000000,2925651.500000,2932842.000000,2936967.000000,
2994296.500000,3053944.000000,3011133.500000,2921117.000000,3062449.000000,2971790.500000,2963746.500000,2914247.500000,2960889.500000,2944571.500000,
2949686.000000,2957654.000000,3044376.500000,2957716.000000,2917008.500000,2906240.500000,2972619.000000,2859687.000000,2930974.000000,2948645.500000,
2962663.500000,2936863.000000,2974286.000000,2890702.000000,2954723.500000,2854909.000000,3003951.500000,2902989.500000,2929381.000000,3011328.500000,
2956173.500000,2979669.500000,3007610.500000,2952721.500000,2937534.000000,2967393.500000,2942402.500000,3139534.500000,2921032.500000,2958858.500000,
2976504.500000,2919433.000000,2945854.000000,2980328.500000,2873637.000000,2926081.500000,2924310.500000,2963322.500000,2905955.500000,2972119.500000,
2938502.000000,2943176.000000,3082939.000000,2953149.000000,2956914.500000,2878465.500000,2919275.000000,2945004.500000,2905497.500000,3048692.000000,
2985547.500000,2947182.000000,3087272.000000,2965064.500000,2946482.000000,2951736.000000,2913663.500000,2863205.000000,2913132.000000,2973707.000000,
3040857.500000,2899534.000000,2961276.500000,3033711.000000,2893016.500000,2907107.500000,2963501.500000,2818115.000000,2892279.500000,2977423.000000,
2982816.500000,2964567.500000,2984562.000000,2961643.000000,2888445.500000,2913058.500000,2966805.500000,2944234.500000,2913520.500000,2925441.000000,
2965617.500000,2934295.000000,2982127.000000,2978183.500000,2876403.500000,3057287.000000,2968330.000000,2833498.500000,2903388.000000,3001427.000000,
2928810.000000,2910916.000000,2940861.000000,2900921.000000,2922635.500000,3086797.500000,2968416.500000,2848564.500000,2878048.000000,2909950.000000,
2916621.500000,2994589.500000,2967233.500000,2891577.000000,2895476.500000,2931069.000000,2961672.500000,2933071.500000,2875290.500000,3019849.500000,
2976203.000000,2922213.500000,2911723.000000,2952750.000000,2930736.000000,2978847.000000,3052168.500000,2853918.000000,2878059.000000,2923861.000000,
2937445.000000,2875122.000000,2901534.500000,2901722.000000,2878020.000000,2907720.000000,3037334.000000,2850119.000000,2887555.500000,3008772.000000,
2913971.500000,3051988.000000,3077116.000000,2838820.000000,2901434.500000,2895250.500000,2968121.500000,2886591.500000,2868550.000000,2906597.000000,
2897957.500000,2914550.000000,3039964.000000,2885208.000000,2963538.000000,2989539.500000,2935556.500000,2865368.000000,2889339.500000,2882579.500000,
2863581.500000,2936577.500000,2951680.000000,2873907.000000,2906004.000000,2882255.000000,3161772.500000,2815099.000000,2889272.000000,2931425.000000,
2895780.000000,3035212.500000,2894136.000000,2847948.500000,2942453.500000,2934211.000000,2939400.000000,2991132.000000,2878944.500000,2951297.500000,
2894167.500000,2992591.500000,2837241.000000,2912240.000000,2894660.000000,2881733.500000,3035297.500000,2958013.000000,2856206.500000,2934751.000000,
2858777.000000,2882288.500000,2836817.500000,2850333.500000,2844924.000000,2813596.000000,2908549.500000,2866417.500000,2859387.500000,3008350.500000,
2851907.500000,2912886.500000,2897652.500000,2854095.500000,2881003.000000,2874386.000000,2875062.000000,2890408.000000,2851912.500000,3028537.500000,
2862233.500000,2894127.000000,2870487.000000,2864535.500000,2811373.000000,2916331.000000,2880353.500000,2831726.000000,2912408.500000,2887135.000000,
2847012.500000,2899664.000000,2876901.000000,2851728.000000,2866873.000000,2823005.500000,2899667.500000,2833508.000000,2987217.500000,3102686.500000,
2848022.000000,2929973.500000,2936645.500000,2838791.500000,2851953.500000,2889191.000000,2870522.000000,2862134.500000,2863699.000000,2907841.000000,
2832857.000000,2838815.000000,2961662.500000,3002758.000000,2796759.500000,2912622.500000,2895937.000000,2821852.000000,2852046.500000,2935641.000000,
2829018.500000,2932213.000000,2927999.500000,2891910.000000,2852819.500000,2821181.500000,2902883.500000,2849395.500000,2868697.000000,2905778.500000,
2832263.500000,2885033.500000,2935941.000000,2878098.000000,2798249.000000,2912308.000000,2891051.500000,2838362.000000,2831157.000000,2951424.500000,
2875241.500000,2883004.000000,2871848.500000,2963118.500000,2797130.000000,2807203.000000,2834948.000000,2780858.000000,2829646.000000,2883440.000000,
2812836.500000,2905771.500000,2864032.000000,2874712.000000,2801572.000000,2788380.000000,2841571.500000,2868600.000000,2931337.000000,2877584.000000,
2875453.500000,2916318.500000,2937587.500000,2833655.500000,2808856.000000,2892899.000000,2848225.000000,2841446.000000,2838163.500000,2852930.000000,
2928314.500000,2812525.000000,2900398.500000,2869207.000000,2782504.000000,2841716.000000,2952360.500000,2782022.000000,2808711.000000,2862472.500000,
2907949.000000,2962984.500000,2917558.000000,2843154.000000,2765593.500000,2825075.000000,2892263.000000,2935331.000000,2806732.000000,2839549.500000,
2930623.000000,2856398.500000,2900165.000000,2924156.000000,2786874.000000,2883262.500000,2894230.500000,2870504.000000,2822409.500000,2933665.000000,
2841746.500000,2847602.000000,2908138.000000,2802477.500000,2762968.500000,2989176.000000,2891367.000000,2824766.500000,2808011.000000,2862211.000000,
2852653.000000,3014460.000000,2825362.000000,2821529.000000,2772118.500000,2915769.500000,2837486.000000,2867281.000000,2813977.000000,2847110.500000,
2893971.000000,2867787.000000,2818300.000000,2848418.500000,2895373.000000,2913700.500000,2821403.500000,2969788.000000,2850001.000000,2836203.000000,
2831104.500000,2876039.500000,2820089.000000,2851908.000000,2835292.500000,2924964.500000,2980797.500000,2827836.500000,2857901.500000,2903425.000000,
2846498.000000,2893441.000000,2975775.500000,2787850.500000,2790493.500000,2847107.000000,2889772.000000,2965605.500000,2825218.000000,2840698.000000,
2819879.500000,2843109.000000,2886393.000000,2806684.500000,2857434.000000,2831242.000000,2935157.000000,2832078.000000,2845819.500000,2851216.000000,
2781506.500000,2797037.000000,2890022.500000,2905268.000000,2834458.500000,2792811.000000,2871040.000000,2801940.000000,2816645.500000,2859854.000000,
2850668.500000,2862608.500000,2885820.500000,2821161.500000,2810117.500000,2810464.500000,2801799.000000,2824961.000000,2803208.500000,2886072.000000,
2881256.000000,2802386.500000,2838670.500000,2988355.000000,2781082.000000,2806342.000000,2755059.000000,2768609.000000,2781664.500000,2882133.500000,
2930765.500000,2772771.000000,2809411.000000,2796239.500000,2768777.500000,2884892.500000,2883899.500000,2731268.000000,2784715.500000,2856411.500000,
2835789.500000,2862936.000000,2801996.500000,2800705.500000,2731765.500000,2775509.500000,2840806.000000,2805382.500000,2800996.000000,2800904.500000,
2846120.000000,2772742.500000,2789392.000000,2813850.000000,2746771.000000,2980845.500000,2864165.500000,2754620.500000,2779238.000000,2797678.000000,
2798285.000000,2813401.500000,2797787.500000,2767985.500000,2767287.000000,2861542.500000,3041427.000000,2810229.500000,2768201.500000,2817355.000000,
2786991.500000,2937506.000000,2889312.500000,2755351.000000,2807069.000000,2788376.500000,2854469.500000,2828005.500000,2762657.500000,2796400.000000,
2849655.500000,2803652.000000,2833133.500000,2871173.000000,2802036.500000,2850475.500000,2815761.500000,2725612.500000,2783960.500000,2800966.500000,
2797865.000000,2867632.500000,2768010.000000,2921207.500000,2799143.500000,2817840.500000,2813391.500000,2744441.000000,2755850.000000,2863703.000000,
2868312.500000,2943446.500000,2844106.000000,2857926.500000,2780734.500000,2809788.500000,2806062.000000,2939037.000000,2784249.500000,2835073.500000,
2813474.500000,2797004.000000,2811934.500000,2800654.500000,2802304.000000,2897676.500000,2818040.500000,2834576.500000,2764068.000000,2800700.000000,
2798006.000000,2755842.000000,2734548.000000,2878028.500000,2698278.000000,2790387.500000,2825734.000000,2758992.500000,2736314.000000,2770876.500000,
2833511.000000,2805834.000000,2809906.500000,2703800.500000,2693657.000000,2829052.000000,2760931.500000,2876706.500000,2767216.500000,2789625.000000,
2807774.000000,2778536.000000,2765223.000000,2787819.500000,2824626.500000,2854779.500000,2784444.000000,2813157.500000,2751925.000000,2774292.000000,
2845974.000000,2776699.000000,2753153.500000,2761051.500000,2809185.500000,2730187.500000,2917369.500000,2758687.000000,2741382.500000,2713108.000000,
2820531.500000,2830664.000000,2780488.500000,2725268.500000,2837092.000000,2768969.500000,2773197.000000,2825468.500000,2744798.000000,2794344.000000,
2772568.500000,2711928.000000,2770948.500000,2805792.500000,2787557.500000,2803215.000000,2812331.000000,2795696.500000,2769245.500000,2768001.500000,
2900160.500000,2762780.000000,2754156.500000,2745205.500000,2793880.500000,2781807.500000,2844489.500000,2704399.000000,2833713.000000,2904841.500000,
2784578.000000,2819794.000000,2810134.500000,2711478.500000,2772278.500000,2755573.500000,2779395.500000,2794352.500000,2786054.500000,2756351.500000,
2841524.000000,2716790.000000,2725819.000000,2753779.000000,2768540.000000,2806750.000000,2817975.500000,2792098.500000,2808954.500000,2739949.000000,
2726606.000000,2971803.000000,2698699.500000,2766447.000000,2790687.000000,2726839.000000,2827962.000000,2771741.500000,2766755.500000,2760944.000000,
2745688.000000,2827703.000000,2803229.500000,2694064.000000,2877844.000000,2751008.000000,2770698.500000,2780640.500000,2746928.000000,2780148.000000,
2827170.500000,2763283.500000,2834428.000000,2862430.000000,2772888.000000,2731534.500000,2777980.000000,2871398.500000,2737419.000000,2773768.000000,
2738204.500000,2819339.500000,2722843.000000,2917771.000000,2762611.000000,2730336.000000,2816982.500000,2847119.000000,2682753.000000,2725924.000000,
2739718.500000,2789959.000000,2786365.000000,2784001.500000,2734686.000000,2726652.500000,2750655.000000,2832276.500000,2676137.500000,2729642.000000,
2751071.500000,2780596.000000,2708446.500000,2790926.000000,2758527.500000,2764480.000000,2707832.000000,2761321.000000,2682476.500000,2749722.000000,
2711295.000000,2806761.500000,2693124.500000,2762577.500000,2713829.000000,2747071.000000,2740956.500000,2723056.000000,2662741.000000,2714775.000000,
2737321.500000,2755127.000000,2801924.000000,2715218.000000,2728861.000000,2761672.500000,2699096.500000,2793273.500000,2686976.000000,2672326.500000,
2820032.500000,2725813.500000,2738167.000000,2768472.000000,2704487.500000,2721690.500000,2729123.500000,2816570.500000,2686636.000000,2707820.000000,
2842689.000000,2704203.000000,2721825.000000,2760648.500000,2718477.500000,2694826.500000,2782373.500000,2737876.000000,2664806.000000,2692329.500000,
2797046.500000,2833097.000000,2731381.000000,2718363.500000,2662054.000000,2699002.000000,2764794.500000,2855034.000000,2654763.000000,2666949.500000,
2759295.000000,2860398.500000,2717615.500000,2731325.500000,2756433.500000,2812885.000000,2715255.500000,2768965.000000,2682466.500000,2736028.000000,
2754173.500000,2749274.000000,2720706.000000,2726535.000000,2766086.000000,2806929.500000,2852752.500000,2723188.000000,2812983.500000,2688865.500000,
2704595.500000,2753701.500000,2727942.500000,2713833.500000,2675149.000000,2750942.000000,2686082.000000,2830793.500000,2751489.000000,2641718.500000,
2723579.000000,2688306.500000,2698457.500000,2731961.500000,2692019.500000,2768044.000000,2769406.500000,2802080.000000,2718273.500000,2654040.500000,
2700667.500000,2709015.500000,2693139.000000,2751331.000000,2694001.500000,2685412.500000,2719213.000000,2729495.000000,2661370.500000,2828737.500000,
2732107.500000,2807872.000000,2747144.500000,2720457.000000,2714700.000000,2684311.500000,2688407.000000,2766619.000000,2638655.500000,2827748.500000,
2771839.000000,2749077.500000,2741713.500000,2827101.500000,2704778.000000,2749589.500000,2702993.500000,2704550.000000,2771765.000000,2749528.500000,
2722483.000000,2747030.000000,2679140.000000,2889476.000000,2646111.500000,2657321.000000,2691870.000000,2777947.000000,2671495.500000,2750121.000000,
2640433.000000,2670648.000000,2723702.000000,2773852.000000,2633103.000000,2660922.500000,2660129.000000,2683967.000000,2653036.500000,2741312.500000,
2754825.000000,2649472.000000,2727020.000000,2762887.000000,2663548.500000,2683553.500000,2661858.500000,2670891.000000,2703901.500000,2658331.000000,
2740246.000000,2673035.000000,2666137.500000,2755966.500000,2608581.000000,2711163.000000,2720856.000000,2705783.500000,2684556.500000,2715905.500000,
2684074.000000,2639108.500000,2690791.500000,2714076.000000,2664450.500000,2658646.500000,2655652.000000,2721001.500000,2661175.500000,2771364.500000,
2712338.000000,2618573.500000,2680383.000000,2723872.500000,2691565.500000,2685668.000000,2649105.500000,2701116.500000,2615048.500000,2652344.500000,
2703755.000000,2662697.500000,2656433.500000,2731723.000000,2684234.000000,2733132.000000,2700689.500000,2689064.500000,2645659.500000,2686783.500000,
2676877.500000,2767951.500000,2672521.500000,2711024.500000,2643612.500000,2660371.000000,2637420.500000,2734899.000000,2590889.000000,2723441.000000,
2722086.000000,2808236.000000,2707773.500000,2728881.500000,2638352.500000,2693111.500000,2643480.500000,2652080.000000,2670409.500000,2628802.500000,
2668631.000000,2646826.000000,2657266.500000,2800397.500000,2595235.500000,2686645.500000,2752061.500000,2680072.500000,2651544.500000,2843384.500000,
2632770.000000,2680087.000000,2617719.500000,2696770.000000,2685456.000000,2669918.000000,2695077.500000,2737816.000000,2607032.500000,2717378.000000,
2723298.500000,2634615.500000,2677214.500000,2704043.500000,2624458.500000,2612094.000000,2614244.500000,2639666.000000,2632730.500000,2670380.500000,
2641707.500000,2688713.000000,2629953.500000,2683370.000000,2581294.000000,2668388.000000,2700141.000000,2669917.000000,2615070.500000,2724644.500000,
2615219.000000,2682774.000000,2627347.000000,2671217.500000,2599076.000000,2654783.000000,2714074.000000,2671306.500000,2590852.500000,2615875.500000,
2682222.500000,2598293.500000,2689011.500000,2749433.500000,2590026.000000,2694684.000000,2649664.000000,2634304.500000,2608722.500000,2594861.500000,
2624492.500000,2634955.500000,2628112.000000,2733762.000000,2702449.500000,2656265.500000,2670142.500000,2642766.500000,2604356.000000,2658662.000000,
2606513.500000,2659345.000000,2633760.000000,2694619.000000,2720171.000000,2590739.500000,2638016.000000,2695921.500000,2596626.000000,2821708.500000,
2691963.000000,2639542.500000,2632738.000000,2743362.000000,2639880.500000,2677958.500000,2599226.000000,2594469.500000,2564113.500000,2657399.500000,
2673615.500000,2587106.500000,2645318.000000,2721825.500000,2620760.000000,2658741.000000,2732428.500000,2685068.000000,2591321.500000,2694991.000000,
2656629.500000,2662703.500000,2621658.500000,2659570.500000,2560693.000000,2629299.500000,2646862.000000,2634061.500000,2687390.000000,2608212.000000,
2632884.000000,2592686.500000,2612971.000000,2679988.000000,2654183.500000,2612641.500000,2583696.000000,2615258.000000,2684533.000000,2610111.000000,
2685594.500000,2588046.000000,2643890.500000,2811022.500000,2608195.000000,2656136.500000,2716760.500000,2633490.500000,2629607.000000,2625696.500000,
2620507.500000,2707616.000000,2657181.500000,2691895.500000,2542565.500000,2621641.500000,2704764.000000,2612576.000000,2638488.500000,2593183.000000,
2605174.500000,2632047.500000,2655077.500000,2697435.000000,2591694.000000,2604172.500000,2599762.500000,2618727.000000,2553876.500000,2582598.000000,
2631933.500000,2606552.000000,2700287.500000,2658735.500000,2578319.500000,2609515.000000,2598095.000000,2628160.500000,2528615.000000,2577681.000000,
2591650.500000,2602734.500000,2658936.500000,2604224.000000,2594373.000000,2646027.000000,2695355.000000,2574922.500000,2585982.000000,2616010.000000,
2602471.000000,2629572.500000,2605261.000000,2709822.500000,2557302.500000,2606509.000000,2654375.000000,2580985.500000,2537944.000000,2551637.000000,
2661249.500000,2568312.000000,2572904.000000,2663452.000000,2570770.500000,2642517.000000,2634570.000000,2673141.500000,2611277.500000,2546716.500000,
2572629.500000,2615723.000000,2569345.000000,2663870.000000,2550134.500000,2619102.500000,2669278.500000,2625885.000000,2591617.000000,2598886.000000,
2554901.000000,2574550.500000,2573165.000000,2606968.500000,2533739.000000,2538152.000000,2660977.500000,2732853.500000,2576279.500000,2598412.500000,
2575910.000000,2565507.000000,2624374.500000,2677267.500000,2536887.000000,2617365.500000,2569580.500000,2643572.500000,2523286.500000,2568581.500000,
2551811.500000,2561237.500000,2573970.500000,2618222.500000,2585514.500000,2607861.000000,2596255.500000,2577616.500000,2598181.000000,2588420.000000,
2542091.000000,2653777.500000,2605681.000000,2601484.000000,2684244.500000,2536601.000000,2693368.000000,2570822.000000,2569400.000000,2547741.500000,
2511892.500000,2660512.000000,2592185.500000,2687679.500000,2566485.500000,2611451.500000,2640499.000000,2576304.000000,2599069.000000,2500916.000000,
2652464.000000,2604574.000000,2588357.000000,2632369.000000,2572516.500000,2616599.000000,2701863.000000,2564200.000000,2616499.000000,2575728.000000,
2559629.500000,2610888.000000,2593025.000000,2635014.500000,2516095.000000,2576898.000000,2523659.000000,2573812.500000,2636448.000000,2766869.500000,
2538395.000000,2579779.500000,2555416.000000,2642386.500000,2568686.500000,2570448.500000,2505093.500000,2554410.500000,2672951.000000,2637583.500000,
2639705.500000,2574588.000000,2545363.000000,2629014.000000,2535684.000000,2621362.500000,2591528.500000,2486381.000000,2559159.000000,2588532.000000,
2712634.000000,2596199.500000,2551677.000000,2592369.000000,2538268.000000,2611048.500000,2566133.500000,2531815.000000,2562490.000000,2571597.000000,
2548146.000000,2562904.500000,2572055.500000,2630940.500000,2554027.500000,2541661.000000,2575795.500000,2569435.500000,2542991.000000,2537714.000000,
2692884.000000,2550052.000000,2632386.000000,2817000.000000,2543450.500000,2614923.500000,2542638.000000,2516371.000000,2518672.500000,2511372.500000,
2532323.000000,2585028.500000,2559166.500000,2605462.500000,2518635.000000,2559119.000000,2516096.500000,2519398.500000,2552410.000000,2541210.500000,
2502294.500000,2562428.500000,2562828.000000,2592250.000000,2497329.500000,2606800.500000,2506359.500000,2566445.000000,2549617.500000,2516846.000000,
2539857.000000,2556303.500000,2548184.500000,2577937.500000,2515056.000000,2552059.000000,2512171.500000,2507847.000000,2499582.500000,2490141.000000,
2548513.000000,2591420.000000,2536722.500000,2593779.000000,2608065.000000,2555925.500000,2540762.000000,2496134.000000,2490557.000000,2504002.500000,
2509282.500000,2633366.500000,2526756.000000,2522385.500000,2546365.500000,2536271.500000,2511318.000000,2513710.500000,2518330.500000,2488332.000000,
2487171.500000,2580140.500000,2595763.000000,2642140.500000,2526414.000000,2538898.500000,2494523.500000,2676678.500000,2450544.000000,2471976.500000,
2521950.500000,2601209.500000,2546571.000000,2616185.500000,2553449.500000,2531467.000000,2597495.500000,2590174.000000,2518887.000000,2525801.000000,
2525818.000000,2584183.500000,2590781.500000,2524635.500000,2508287.500000,2602555.500000,2597046.500000,2543554.000000,2501829.500000,2500285.500000,
2467172.500000,2557782.500000,2524961.500000,2604849.000000,2519268.000000,2592745.500000,2533280.000000,2573465.500000,2493692.500000,2530729.000000,
2522262.000000,2511261.000000,2572261.000000,2587388.000000,2577610.000000,2537086.500000,2577460.500000,2498949.000000,2435846.000000,2513743.500000,
2547947.500000,2567054.500000,2515597.000000,2499878.500000,2621672.500000,2571623.500000,2606291.000000,2504471.000000,2532784.500000,2546535.000000,
2550439.000000,2540170.000000,2514141.500000,2582725.500000,2552322.500000,2563451.000000,2478034.500000,2524390.500000,2634225.500000,2507481.000000,
2547069.500000,2487000.500000,2567638.500000,2577380.500000,2478372.500000,2609721.000000,2528750.000000,2475336.500000,2531615.500000,2504042.500000,
2526683.500000,2527778.500000,2562278.000000,2522537.000000,2517060.000000,2523714.000000,2497902.000000,2449603.000000,2561770.000000,2524032.000000,
2529883.500000,2647822.500000,2489604.500000,2526254.500000,2440642.500000,2469786.000000,2491853.000000,2473726.000000,2612167.500000,2627944.500000,
2536868.000000,2508169.000000,2550557.000000,2526552.500000,2526243.000000,2526044.000000,2453614.500000,2444405.000000,2495809.500000,2548889.000000,
2665662.000000,2499228.000000,2511175.500000,2541073.000000,2497877.000000,2502555.000000,2490797.000000,2502120.500000,2497222.500000,2571059.500000,
2590245.500000,2581285.500000,2477501.500000,2504344.500000,2457722.000000,2506119.000000,2507749.000000,2433258.000000,2467721.500000,2536188.000000,
2535280.500000,2556891.000000,2487038.500000,2678077.500000,2476851.500000,2494942.500000,2514237.500000,2504051.000000,2429030.000000,2520054.000000,
2616324.000000,2488901.000000,2483102.000000,2646522.500000,2465381.500000,2596780.000000,2462775.000000,2430629.000000,2453230.500000,2467104.500000,
2530529.000000,2554760.500000,2457327.000000,2508855.500000,2483435.500000,2451549.000000,2483619.000000,2449081.000000,2472681.500000,2474270.500000,
2572039.500000,2552849.000000,2457162.500000,2534389.000000,2439371.000000,2470772.000000,2446191.500000,2480751.500000,2445205.500000,2490545.000000,
2507400.500000,2458855.000000,2469549.500000,2531898.500000,2477843.500000,2634937.500000,2477091.000000,2467541.000000,2490328.500000,2479585.500000,
2487200.500000,2507921.000000,2494607.000000,2511333.000000,2465467.500000,2504468.500000,2490473.500000,2416664.000000,2463712.500000,2464061.000000,
2578771.000000,2652457.500000,2406667.000000,2582812.500000,2506210.500000,2463736.000000,2428011.000000,2454249.500000,2461373.500000,2500400.500000,
2685356.000000,2521477.000000,2544479.500000,2555599.000000,2443602.000000,2475228.000000,2508405.500000,2467329.500000,2397935.500000,2554426.000000,
2490102.000000,2550764.500000,2509940.500000,2547731.500000,2457658.500000,2461358.500000,2585337.500000,2451487.500000,2465668.500000,2515132.000000,
2514961.500000,2544420.000000,2470485.500000,2540751.500000,2445732.500000,2433755.500000,2612448.000000,2470643.000000,2431716.000000,2472887.000000,
2471817.500000,2556592.000000,2456478.000000,2469919.500000,2458785.500000,2511573.000000,2511219.000000,2430785.000000,2471227.500000,2468446.000000,
2536496.500000,2569500.000000,2412919.000000,2514265.500000,2434091.000000,2505846.000000,2492538.500000,2591989.500000,2405045.000000,2418140.500000,
2566269.500000,2535561.500000,2393977.000000,2514577.000000,2512421.000000,2402770.500000,2490931.500000,2535233.000000,2461733.000000,2475095.000000,
2470312.500000,2462924.500000,2387365.000000,2527467.500000,2501279.500000,2475006.500000,2444929.500000,2470070.000000,2502718.500000,2430895.500000,
2723146.000000,2437908.000000,2394371.000000,2516151.500000,2442326.000000,2516317.500000,2465392.000000,2448777.500000,2452335.500000,2428908.000000,
2451296.000000,2504329.000000,2415572.000000,2518519.000000,2411621.000000,2433531.500000,2463050.000000,2420719.500000,2462719.500000,2495411.500000,
2431457.500000,2588934.500000,2413558.500000,2554095.500000,2388758.000000,2399719.000000,2456392.500000,2449267.500000,2572602.000000,2608509.000000,
2412722.000000,2565767.000000,2470481.500000,2595262.500000,2377364.500000,2494275.000000,2374371.000000,2447427.000000,2499539.500000,2504811.500000,
2459228.000000,2526982.500000,2474671.000000,2513975.500000,2387279.000000,2543906.500000,2450456.000000,2385865.500000,2380491.500000,2511357.000000,
2485122.000000,2500824.000000,2425373.000000,2562660.500000,2385864.500000,2430679.500000,2423624.000000,2396236.500000,2512958.500000,2429928.000000,
2433273.500000,2533705.500000,2447884.500000,2572331.000000,2388309.500000,2440330.000000,2440416.000000,2403631.500000,2416052.000000,2439752.500000,
2409227.000000,2415351.500000,2442628.000000,2465952.500000,2415181.500000,2533070.000000,2450135.500000,2486774.000000,2452796.000000,2394623.000000,
2433080.500000,2498363.500000,2391513.500000,2479568.000000,2474155.000000,2422140.000000,2438716.000000,2386963.500000,2509870.000000,2414966.500000,
2403925.500000,2479709.500000,2399828.000000,2517742.000000,2396219.000000,2401114.000000,2381975.500000,2435431.000000,2452179.500000,2420770.000000,
2404478.500000,2428714.000000,2499280.000000,2457446.500000,2453012.000000,2404078.500000,2348293.000000,2453496.500000,2388242.500000,2422790.500000,
2401134.500000,2470577.500000,2454660.000000,2435197.500000,2438289.500000,2446375.500000,2450411.000000,2364401.500000,2369528.000000,2438017.000000,
2401302.500000,2459567.500000,2364950.500000,2438389.000000,2427524.500000,2402280.000000,2434027.500000,2342413.000000,2367978.000000,2473723.000000,
2393458.500000,2447475.500000,2366059.000000,2523125.000000,2381261.000000,2398565.000000,2502679.000000,2404183.500000,2393483.500000,2438812.000000,
2387585.500000,2372369.000000,2356464.500000,2473739.500000,2364346.500000,2423929.000000,2415839.500000,2546696.000000,2426750.500000,2475695.000000,
2525996.500000,2480865.500000,2344692.000000,2442579.000000,2504945.000000,2445482.500000,2371168.000000,2422236.000000,2453578.500000,2387190.000000,
2377277.500000,2492411.500000,2357121.500000,2543045.500000,2362988.500000,2423709.500000,2394123.000000,2400558.500000,2484128.000000,2378757.000000,
2519200.500000,2474601.500000,2374244.000000,2475167.500000,2381178.000000,2469678.500000,2316452.000000,2381356.000000,2474779.000000,2403724.500000,
2423971.000000,2435222.500000,2396654.000000,2427749.000000,2474817.000000,2381461.500000,2453289.500000,2413007.500000,2422513.000000,2420728.500000,
2404268.500000,2396993.500000,2339442.000000,2447217.000000,2441590.500000,2330638.500000,2472437.500000,2333851.500000,2484578.000000,2498282.500000,
2374905.000000,2364675.000000,2354271.500000,2459891.000000,2443355.000000,2374616.500000,2391549.000000,2428425.500000,2397452.500000,2425691.000000,
2409835.000000,2338851.000000,2428008.500000,2452593.500000,2343876.000000,2415387.000000,2390359.500000,2428923.000000,2421804.000000,2377335.500000,
2441236.000000,2423771.500000,2368935.000000,2465722.500000,2374107.000000,2408705.000000,2371611.000000,2379165.000000,2398143.000000,2404861.500000,
2430548.000000,2382628.000000,2365384.500000,2485958.500000,2305249.000000,2373472.500000,2462140.000000,2405739.000000,2366101.500000,2445250.000000,
2531677.500000,2313275.500000,2389624.500000,2423412.000000,2333663.500000,2428891.500000,2311544.500000,2342186.500000,2432800.500000,2423993.500000,
2374837.500000,2377368.000000,2398731.000000,2483111.500000,2378441.500000,2350121.500000,2367145.500000,2388377.500000,2327917.500000,2408654.000000,
2400965.500000,2349061.000000,2364104.000000,2438064.000000,2339995.000000,2317579.000000,2326628.000000,2357339.000000,2367665.000000,2399600.000000,
2392574.000000,2307955.000000,2353840.000000,2669710.000000,2422322.000000,2455976.500000,2330491.000000,2374463.000000,2370494.000000,2527248.500000,
2623734.000000,2382746.000000,2548653.500000,2455247.500000,2314914.000000,2368541.000000,2317772.500000,2364199.500000,2330791.000000,2429996.000000,
2375171.500000,2330423.500000,2387854.000000,2472817.500000,2364330.500000,2439176.000000,2327872.500000,2314069.500000,2447695.500000,2382427.500000,
2361278.500000,2349554.500000,2318451.000000,2439513.000000,2321193.000000,2315684.000000,2325180.500000,2354413.500000,2417587.500000,2353873.500000,
2351988.500000,2301309.500000,2405444.500000,2431951.500000,2356584.500000,2395465.500000,2303166.500000,2370181.000000,2394475.000000,2335945.500000,
2408411.000000,2423656.000000,2333352.500000,2458523.000000,2383513.500000,2503842.000000,2328705.000000,2377109.000000,2382489.000000,2335833.000000,
2349680.500000,2439058.500000,2300124.000000,2412933.500000,2346930.500000,2434800.000000,2309326.500000,2317170.000000,2340132.000000,2327107.500000,
2390803.000000,2324049.500000,2366801.000000,2385628.000000,2309824.000000,2455962.000000,2397173.500000,2335463.500000,2348108.500000,2316521.500000,
2309632.000000,2445885.000000,2374106.500000,2395973.000000,2312393.500000,2366515.000000,2289246.500000,2348930.500000,2328806.000000,2395577.500000,
2287284.500000,2416620.000000,2327550.500000,2418890.500000,2343452.500000,2312647.500000,2324941.500000,2328302.500000,2481667.500000,2427777.500000,
2273225.000000,2388110.000000,2268153.000000,2393339.500000,2284741.500000,2339900.500000,2473269.000000,2323072.000000,2386379.000000,2412640.000000,
2357692.500000,2319937.500000,2399926.000000,2359948.500000,2266382.500000,2356853.000000,2316794.500000,2331357.000000,2326857.000000,2374135.000000,
2287110.000000,2331976.500000,2360085.000000,2440150.500000,2295910.500000,2337307.000000,2375610.500000,2512903.500000,2328060.500000,2428504.000000,
2296087.500000,2395380.500000,2279748.500000,2465459.000000,2409263.000000,2263498.000000,2328966.000000,2374851.000000,2408775.500000,2377875.500000,
2297557.000000,2281920.000000,2352645.500000,2393330.000000,2374666.500000,2342740.500000,2311413.500000,2363752.000000,2347895.500000,2402396.500000,
2450362.000000,2289237.500000,2372054.500000,2386841.000000,2293745.000000,2424837.000000,2299100.500000,2328836.000000,2318796.000000,2333995.500000,
2379743.500000,2327271.000000,2384549.000000,2481042.000000,2300883.500000,2327773.000000,2308401.500000,2314181.500000,2373844.500000,2364402.500000,
2353074.500000,2265233.500000,2284430.500000,2399587.000000,2258345.000000,2306256.000000,2333060.500000,2303722.000000,2315057.500000,2350470.000000,
2346958.000000,2284601.500000,2361936.500000,2366127.500000,2288321.500000,2346762.000000,2287310.500000,2335484.500000,2293364.000000,2308371.000000,
2305659.500000,2265959.000000,2371348.500000,2402461.000000,2282979.000000,2291495.000000,2289665.000000,2243202.500000,2293770.500000,2323885.000000,
2278998.000000,2300265.000000,2302226.500000,2366318.000000,2321730.000000,2238986.000000,2283967.500000,2224105.500000,2336953.000000,2342072.000000,
2316401.500000,2268490.500000,2244811.500000,2338855.500000,2257771.000000,2281443.000000,2290011.000000,2324345.000000,2244396.500000,2304903.500000,
2311699.000000,2249228.000000,2321943.000000,2320200.000000,2296195.000000,2495665.500000,2276561.500000,2285930.000000,2253680.500000,2301448.500000,
2286633.000000,2287506.000000,2288188.000000,2354375.500000,2295726.000000,2382323.000000,2325029.500000,2246099.000000,2329615.000000,2283277.500000,
2237955.500000,2311326.000000,2262063.500000,2382461.000000,2264238.500000,2303094.500000,2282727.500000,2237428.500000,2263708.500000,2268372.500000,
2318474.000000,2306059.000000,2248260.000000,2393507.000000,2220596.000000,2308982.500000,2260720.500000,2334468.000000,2256043.000000,2293803.000000,
2239569.500000,2236278.500000,2305633.500000,2393950.000000,2282172.500000,2356902.500000,2267713.500000,2283403.500000,2251969.000000,2282892.000000,
2273183.500000,2394818.500000,2263286.500000,2343215.500000,2266116.000000,2363901.500000,2278422.500000,2225949.000000,2286074.500000,2264691.500000,
2276549.500000,2329176.000000,2219923.500000,2312756.000000,2283833.500000,2300800.000000,2290986.500000,2263644.500000,2236851.500000,2238675.500000,
2255069.500000,2253345.000000,2314636.000000,2318506.000000,2251673.000000,2317753.000000,2238037.000000,2324463.000000,2248609.500000,2240374.500000,
2280787.000000,2274498.000000,2336016.500000,2354935.000000,2218711.000000,2264258.000000,2315654.000000,2216102.000000,2313916.000000,2267738.500000,
2266566.000000,2282739.000000,2209425.500000,2299681.500000,2331412.000000,2282199.500000,2245019.000000,2232835.000000,2268953.500000,2290952.000000,
2293936.500000,2235071.000000,2250811.000000,2321946.000000,2231277.500000,2318365.000000,2286921.000000,2296881.000000,2289683.500000,2262726.000000,
2226276.000000,2306054.500000,2285544.500000,2337922.500000,2224286.500000,2260061.000000,2215799.500000,2434312.500000,2211641.000000,2227905.000000,
2231481.500000,2282720.500000,2246302.000000,2339303.500000,2303594.000000,2250387.500000,2249502.000000,2281574.500000,2226636.000000,2293659.500000,
2272600.000000,2250936.500000,2215384.000000,2361392.000000,2415025.000000,2237489.000000,2259050.000000,2238435.000000,2393721.000000,2306811.500000,
2282664.000000,2230134.000000,2228575.500000,2325102.000000,2294359.000000,2260015.500000,2187001.500000,2321267.000000,2347520.000000,2292491.000000,
2245353.500000,2206135.000000,2284533.500000,2301389.000000,2244936.500000,2246252.000000,2232268.000000,2225706.000000,2328786.500000,2265852.000000,
2205175.000000,2265294.000000,2250591.000000,2303295.500000,2316804.000000,2242960.500000,2345590.500000,2225611.000000,2305265.500000,2258019.000000,
2260058.500000,2199616.500000,2226359.000000,2275128.000000,2201076.000000,2229812.500000,2323983.000000,2239525.000000,2258830.000000,2240155.500000,
2256173.500000,2315097.500000,2264309.500000,2293835.500000,2204803.000000,2299044.500000,2285409.000000,2260931.000000,2181788.500000,2230737.000000,
2238623.000000,2207742.500000,2391980.000000,2288922.500000,2250188.500000,2251514.000000,2262153.000000,2198419.000000,2235498.000000,2306784.000000,
2253873.000000,2238447.500000,2252921.000000,2483886.000000,2269413.000000,2201131.500000,2275514.500000,2169357.500000,2257490.500000,2285905.000000,
2324947.500000,2204481.500000,2210498.500000,2306237.000000,2174942.500000,2249305.000000,2274523.000000,2195792.000000,2197512.500000,2258312.500000,
2374510.500000,2234456.000000,2285628.000000,2408031.500000,2206002.000000,2398310.500000,2210072.000000,2221838.500000,2278677.000000,2243145.000000,
2406932.000000,2219832.000000,2188775.000000,2302585.000000,2190261.000000,2187861.500000,2226900.000000,2224538.500000,2225404.000000,2225342.500000,
2273691.000000,2259075.500000,2174279.000000,2287788.500000,2242605.500000,2171307.500000,2188789.000000,2158315.000000,2241893.000000,2247610.000000,
2326923.500000,2209148.000000,2201560.000000,2280114.500000,2157035.000000,2222541.000000,2157933.500000,2197626.000000,2242379.000000,2242910.000000,
2182411.000000,2203220.500000,2200671.500000,2297889.000000,2182324.000000,2213425.500000,2193438.000000,2188844.000000,2186479.000000,2257241.500000,
2227514.000000,2349758.500000,2176310.000000,2246708.500000,2224780.000000,2247104.000000,2263420.000000,2151731.500000,2207519.500000,2261785.000000,
2197717.500000,2252004.000000,2135441.500000,2233186.000000,2207963.500000,2203272.500000,2307327.000000,2176448.500000,2207947.000000,2214687.500000,
2218645.500000,2216579.500000,2177085.500000,2290738.500000,2187452.500000,2285002.500000,2275436.000000,2315148.500000,2192906.500000,2189535.000000,
2182499.500000,2218377.000000,2219345.500000,2290727.500000,2159720.000000,2310598.500000,2222338.500000,2202964.500000,2215498.500000,2208555.000000,
2197629.500000,2340332.000000,2151755.000000,2269830.500000,2178666.000000,2252591.500000,2208837.000000,2258860.000000,2283876.000000,2205961.000000,
2188747.500000,2202951.000000,2138063.500000,2308029.500000,2199113.500000,2252660.500000,2209239.000000,2254302.000000,2231002.000000,2190967.000000,
2226488.000000,2200337.500000,2158340.000000,2349708.000000,2159540.500000,2228475.500000,2169051.500000,2299143.500000,2185522.500000,2184923.500000,
2192328.500000,2170049.000000,2194057.000000,2285888.000000,2187923.000000,2243425.500000,2251639.000000,2361736.000000,2177553.000000,2221307.500000,
2180047.500000,2199287.000000,2295406.500000,2289127.500000,2211790.500000,2150261.000000,2315171.500000,2214004.500000,2315656.500000,2213516.500000,
2173937.000000,2155494.500000,2241392.000000,2223546.500000,2159389.000000,2196655.500000,2312788.500000,2198559.000000,2312174.500000,2192118.000000,
2190499.500000,2133195.500000,2220464.500000,2363827.000000,2153606.500000,2183929.000000,2176068.500000,2189167.000000,2177461.000000,2151791.000000,
2165005.000000,2160143.500000,2169605.000000,2275610.500000,2143037.000000,2183292.500000,2176194.000000,2138984.000000,2257438.000000,2280623.500000,
2130116.000000,2182410.500000,2199562.000000,2218290.000000,2211286.000000,2142741.000000,2153609.500000,2169428.500000,2268894.500000,2329275.500000,
2160489.500000,2155983.000000,2284922.500000,2286424.500000,2330952.500000,2212813.500000,2144920.500000,2178272.000000,2188249.000000,2254111.000000,
2301981.000000,2116453.500000,2269711.000000,2250384.000000,2191024.500000,2172277.500000,2124222.000000,2213940.000000,2140314.500000,2205921.000000,
2295754.000000,2145449.500000,2278454.500000,2188988.000000,2170084.000000,2154586.000000,2203393.000000,2188526.500000,2294335.500000,2168314.000000,
2198782.000000,2197888.500000,2222173.000000,2190032.500000,2149250.000000,2134219.000000,2238887.500000,2178712.500000,2221540.000000,2147322.500000,
2294991.000000,2156571.000000,2222095.000000,2222282.500000,2128829.500000,2242379.000000,2266535.000000,2172022.000000,2155509.500000,2158918.500000,
2184260.500000,2153272.000000,2203675.000000,2246587.000000,2126761.000000,2245674.000000,2306203.500000,2130260.500000,2133524.000000,2199750.000000,
2140812.000000,2232379.500000,2175234.500000,2218259.500000,2136264.500000,2200256.000000,2310276.000000,2155635.500000,2214319.500000,2257296.000000,
2231479.500000,2199629.500000,2155052.000000,2222232.500000,2176669.500000,2192448.000000,2290226.500000,2127229.000000,2172689.000000,2205056.500000,
2178765.000000,2157354.500000,2171144.500000,2195294.500000,2168024.000000,2190230.000000,2274143.000000,2154724.000000,2227548.500000,2143788.000000,
2161279.000000,2130950.000000,2160285.000000,2234353.000000,2144704.000000,2183271.500000,2284684.000000,2119356.500000,2235280.000000,2174288.000000,
2131919.500000,2258564.000000,2135535.000000,2180162.000000,2123550.500000,2155648.000000,2286659.500000,2077182.500000,2152218.000000,2131299.500000,
2178475.000000,2213266.000000,2125540.000000,2176777.500000,2126816.500000,2138651.500000,2271387.500000,2091320.000000,2238556.500000,2137045.500000,
2137040.000000,2114349.000000,2149932.000000,2204708.000000,2115199.500000,2218515.500000,2269901.500000,2099438.000000,2164895.500000,2191064.500000,
2124802.500000,2109712.500000,2143516.000000,2221884.000000,2111826.000000,2167950.500000,2302776.500000,2159397.000000,2271564.000000,2157155.500000,
2108829.500000,2128546.000000,2113491.500000,2159002.000000,2104098.500000,2146636.000000,2310660.500000,2133957.500000,2137600.500000,2121183.500000,
2258582.500000,2076434.000000,2096308.000000,2212847.500000,2106199.500000,2237972.500000,2272469.500000,2072701.000000,2098620.000000,2143523.000000,
2160123.500000,2146618.000000,2122146.500000,2176224.000000,2098870.000000,2200570.000000,2275541.500000,2249272.000000,2147673.500000,2161256.500000,
2146444.000000,2141786.000000,2102757.500000,2202086.500000,2087116.000000,2156372.000000,2266603.500000,2144988.500000,2179662.500000,2192716.000000,
2134705.500000,2125256.500000,2082610.000000,2300297.000000,2106909.500000,2107637.500000,2239295.000000,2216621.000000,2192871.500000,2133046.500000,
2129533.500000,2082006.000000,2073449.500000,2201189.500000,2187504.500000,2117889.000000,2163705.000000,2080645.000000,2248158.500000,2138033.500000,
2140259.500000,2101641.500000,2111332.500000,2157175.500000,2187849.500000,2210913.500000,2117959.000000,2141767.000000,2234263.500000,2094049.000000,
2101524.000000,2126025.000000,2108984.000000,2250380.500000,2147230.500000,2153685.500000,2102231.000000,2070686.000000,2198369.500000,2185476.500000,
2078484.500000,2114789.500000,2087097.500000,2132925.500000,2138470.500000,2248044.000000,2090365.000000,2054317.000000,2122255.500000,2304283.000000,
2111656.000000,2063752.000000,2100190.000000,2257984.500000,2084864.000000,2238826.000000,2087092.000000,2044808.000000,2086885.000000,2208902.000000,
2128585.500000,2131852.500000,2140740.000000,2177015.000000,2121620.500000,2191416.500000,2108824.000000,2100123.000000,2057363.500000,2132197.000000,
2095287.000000,2083835.000000,2194392.500000,2162647.000000,2124079.000000,2182793.000000,2132061.500000,2043733.500000,2135943.500000,2108684.500000,
2073021.500000,2145441.000000,2125670.000000,2219240.000000,2168415.000000,2110727.500000,2100971.500000,2027679.000000,2096810.500000,2077670.000000,
2087653.500000,2078475.500000,2108538.000000,2151730.500000,2089993.000000,2193290.000000,2060142.000000,2066350.500000,2179925.000000,2136192.500000,
2081494.500000,2075777.500000,2120821.000000,2328170.000000,2098025.500000,2124789.500000,2095380.500000,2137435.000000,2050395.500000,2192631.500000,
2066942.500000,2137264.000000,2170727.000000,2336313.500000,2112096.000000,2065557.500000,2108606.000000,2062666.500000,2168648.000000,2143120.500000,
2029891.000000,2087015.500000,2102492.000000,2194293.000000,2102960.000000,2083955.500000,2058027.500000,2075662.500000,2116248.500000,2124454.500000,
2037554.500000,2046872.500000,2089391.500000,2192746.000000,2079986.500000,2113252.500000,2045456.000000,2022849.000000,2071358.000000,2060198.500000,
2232842.000000,2069950.500000,2104220.500000,2124705.000000,2075515.500000,2066681.000000,2070146.500000,2195935.000000,2066195.500000,2103960.000000,
2202424.500000,2080881.000000,2069037.500000,2038472.500000,2103382.500000,2122295.000000,2074424.500000,2134554.000000,2189055.500000,2091792.000000,
2150552.500000,2078415.500000,2042070.500000,2072683.000000,2041092.000000,2133783.000000,2056235.000000,2087346.000000,2052070.000000,2077485.500000,
2123369.000000,2028035.500000,2036388.500000,2097185.000000,2054219.000000,2107577.000000,2025155.500000,2022116.000000,2029697.000000,2040592.500000,
2086296.500000,2020239.000000,2066650.500000,2105068.000000,2071824.000000,2060576.500000,2110342.500000,2061495.000000,2102315.000000,2057929.000000,
2099892.000000,2045500.500000,2047318.000000,2051500.500000,2069659.000000,2006382.500000,2127139.500000,2012139.500000,2155668.000000,2036518.500000,
2099224.500000,2142288.500000,2028864.000000,2075748.500000,2108585.500000,2042822.500000,2102916.000000,2014930.000000,2074260.000000,2075124.500000,
2040400.500000,2166722.500000,2018384.000000,2153799.000000,2038320.000000,2132447.000000,2009475.500000,2037856.500000,2033159.000000,2234546.000000,
2047973.000000,2147084.500000,2070755.000000,2133036.000000,2031885.500000,2133750.500000,2087844.500000,2115233.500000,2024770.000000,2124650.500000,
2025723.500000,2069108.500000,2043927.000000,2162345.500000,2019431.000000,2213415.000000,2119511.000000,2280247.500000,2100031.000000,2077885.000000,
2013368.500000,2095201.000000,2019447.000000,2118802.500000,2059908.000000,2116153.500000,2117844.500000,2088961.000000,2188440.500000,2055198.000000,
2031697.000000,2034000.500000,2014113.000000,2195408.000000,2066420.000000,2260445.000000,2034221.000000,2054475.000000,2155817.500000,2025810.000000,
2057848.500000,2024582.500000,2047072.500000,2109308.500000,2038352.500000,2187003.000000,2036489.000000,2114834.500000,2106107.000000,2036209.500000,
2020143.000000,2005797.500000,2044133.000000,2069214.500000,2032380.000000,2094842.000000,2024910.500000,2093911.000000,2142720.500000,2027173.500000,
1988889.500000,2041374.000000,2055139.500000,2100293.500000,2057101.000000,2190819.500000,2013152.000000,2034263.500000,2039224.500000,2065282.500000,
2015815.000000,2008856.000000,2022346.000000,2080507.500000,2150039.500000,2122658.500000,2018027.500000,2109476.500000,2000725.000000,1996659.000000,
2141348.000000,2003893.000000,2096669.000000,2049429.500000,2148616.000000,2082859.000000,2026215.500000,2033507.500000,2045423.500000,2020573.000000,
2215638.500000,2015886.000000,2165901.000000,2098367.000000,2060845.000000,2023813.500000,1991058.500000,2004513.500000,2054966.500000,2247060.500000,
2065496.500000,2043252.000000,2058976.000000,2083947.500000,2053588.500000,2059504.000000,2030768.500000,2020257.000000,2123740.000000,2164590.000000,
2056410.000000,2016057.500000,2021193.000000,2050878.000000,2050262.000000,2043483.000000,1991655.500000,2064459.500000,2016167.500000,2084264.500000,
2035904.500000,2007972.000000,2042425.500000,2060924.500000,2007053.500000,2014526.500000,2035180.500000,2030994.500000,2056860.500000,2032530.500000,
1992408.500000,1995069.000000,2032465.500000,2045541.000000,2024096.000000,2035910.500000,2031919.000000,1983970.000000,2063106.500000,2051038.000000,
1978134.000000,2041187.500000,2017247.000000,2129677.500000,2054020.000000,2024268.000000,1992279.500000,1990875.000000,2017725.000000,2050601.500000,
2003960.500000,1993530.000000,2003186.500000,2178896.000000,2231473.000000,2055718.500000,1963859.000000,1971047.000000,1992312.500000,2003147.000000,
2008619.000000,1988794.500000,2064305.500000,2038144.500000,2147582.000000,2049689.500000,1972827.000000,2022892.500000,1986711.500000,2019546.000000,
1967089.500000,1964805.500000,2089967.000000,2026541.000000,2062026.000000,2027480.000000,2040596.500000,2090007.500000,2011205.500000,1978610.500000,
2015045.000000,2115419.500000,2120289.500000,2188602.000000,2072054.500000,2033381.000000,2110759.000000,1978727.000000,1987824.000000,1972706.000000,
1966019.500000,2082895.500000,2081834.000000,2081993.000000,2065601.000000,2050784.000000,2075745.500000,1935344.000000,1990641.000000,1947256.500000,
1977723.500000,2124036.500000,2084263.500000,2098591.000000,2027708.000000,2009872.500000,2109285.000000,2019280.500000,1994918.000000,1954367.500000,
1952946.000000,2022303.000000,2043276.500000,2029727.000000,1991293.000000,1993529.500000,2103395.000000,2020067.000000,2055883.500000,2084474.500000,
1970258.500000,2035180.000000,2041434.500000,2074569.500000,2059020.000000,2013023.000000,2087432.000000,2072118.000000,2010120.500000,2108202.500000,
1924914.500000,1966873.000000,1993567.000000,2066631.500000,1998219.000000,2013592.000000,2000622.000000,2012214.500000,1960393.500000,2013503.500000,
2051873.500000,2002048.500000,2006179.500000,2002568.000000,1985416.000000,2056700.500000,2036725.500000,1989966.500000,1934697.000000,1985056.000000,
1944888.000000,1976043.500000,1996072.500000,2114326.500000,1970518.500000,1998917.500000,2003919.500000,1991652.500000,1933198.500000,1976057.500000,
1955574.500000,1964425.000000,1999889.500000,2052086.500000,1981307.500000,2015203.000000,1976515.000000,2011800.000000,1996451.000000,1989422.500000,
1936271.500000,1978817.500000,2037712.000000,2033820.000000,2130495.500000,2028569.500000,1926847.500000,1957987.000000,1929381.000000,1961338.000000,
1934158.000000,2011976.500000,2004618.000000,2103739.000000,2093574.000000,2017727.000000,1946367.000000,2003275.000000,1925203.000000,1959167.000000,
1949765.500000,1953670.500000,1975192.500000,2049858.500000,2024695.500000,2015483.500000,2034335.000000,1999727.500000,1943948.000000,1979368.500000,
1938875.500000,1958188.000000,1963097.000000,2122589.000000,1967307.500000,2026834.500000,1934807.500000,1995640.500000,2076446.000000,2106417.000000,
1897753.500000,1984554.500000,2001236.500000,2023743.000000,1972826.500000,2016320.000000,1957705.500000,1922298.500000,2099870.500000,2098183.500000,
1917148.500000,1929964.000000,1989419.500000,2042396.000000,1944519.500000,1996110.000000,1952218.000000,1947303.000000,2076815.000000,2016879.000000,
1927847.000000,1948756.000000,2019961.500000,1999730.500000,1998799.500000,1960046.500000,2000986.000000,1960645.000000,2001822.500000,2102042.500000,
2015363.000000,1924208.500000,1996045.500000,2093356.000000,2137217.000000,1919210.000000,1964430.500000,1958547.000000,2006863.000000,2001503.000000,
1997557.500000,1984197.000000,1963309.000000,2093732.000000,2150044.500000,1955236.500000,1945257.500000,1988036.000000,1950434.000000,1999013.000000,
1902634.000000,1947405.000000,1942990.500000,2140019.500000,2011069.500000,1985656.500000,1919843.500000,1984986.000000,2052377.500000,1954349.000000,
2106851.000000,1900798.500000,1998381.500000,2072269.500000,1988024.000000,2023166.500000,1964915.500000,1954721.500000,1951799.000000,1989854.500000,
1975975.500000,1977490.000000,2097719.500000,2086404.000000,1968762.000000,1925635.500000,1962869.500000,1946698.000000,1967660.000000,1928606.000000,
1922134.500000,1937554.000000,1979329.500000,1972613.500000,1972868.000000,1953710.000000,1916881.500000,1962815.000000,1936836.500000,1945424.000000,
1947258.500000,1920732.000000,1942261.000000,1976050.500000,1953692.000000,2011850.500000,1962251.500000,1937447.000000,1959406.500000,1928440.500000,
1974138.500000,1910913.500000,1950925.500000,1952627.500000,1926545.500000,1992932.000000,1899752.500000,1932033.000000,1968401.500000,1911261.500000,
1894521.000000,1887371.000000,1938720.500000,1955494.000000,1909307.000000,1967715.000000,1940681.000000,1954548.500000,1984778.000000,1925140.000000,
3350110.500000,3321525.000000,3306135.500000,3347122.000000,3330201.500000,3212719.500000,3366363.500000,3268548.500000,3283228.500000,3234296.000000,
3055253.000000,2948628.500000,2950264.000000,2938719.500000,2973042.500000,2989665.500000,2979187.500000,2977794.000000,2950114.000000,3085550.500000,
2889326.000000,2886524.000000,2923070.000000,2890733.500000,2913289.000000,2914943.000000,3080104.500000,2928274.000000,3004337.500000,3003328.500000,
2931698.000000,2912977.500000,2890971.000000,2903427.500000,2880050.500000,2965843.000000,2966753.000000,2906816.000000,2914958.000000,2963315.500000,
2863960.000000,2854089.000000,2964920.000000,2899280.500000,2880798.000000,2968345.500000,2932199.500000,2926353.000000,2898438.500000,2908322.500000,
2851001.000000,2880449.500000,2860079.500000,2943913.500000,2886266.000000,2880061.000000,2971942.000000,2924291.000000,2895734.000000,2893084.500000,
2831138.000000,3004209.500000,2869157.500000,3072621.000000,3068142.000000,2956675.000000,2868049.000000,2877988.000000,2913889.500000,2845445.500000,
2982306.000000,3050393.000000,2875287.000000,2900198.000000,2884186.500000,2887991.000000,2898441.500000,2940988.000000,2854812.500000,2873531.000000,
2919255.500000,2917221.500000,2830472.500000,2878835.500000,2957267.000000,2904545.500000,2865659.500000,3061571.500000,2950610.000000,2881901.000000,
2878993.000000,2894972.500000,2846993.500000,2949518.000000,2898408.000000,2970061.000000,2863662.000000,2972580.000000,2968113.000000,2982259.000000,
3017416.500000,2913647.500000,2880663.000000,2857862.000000,2856175.000000,2893947.000000,2852432.000000,2935924.000000,2908001.500000,2967634.000000,
3001535.500000,2837462.500000,2928190.500000,2860957.500000,2867711.500000,2834516.000000,2881805.500000,2871116.000000,2910133.000000,2880208.000000,
2855898.000000,2863441.000000,2824341.000000,2859541.500000,2829438.000000,2969987.500000,2876113.500000,2852627.000000,2879672.000000,2914091.000000,
2939012.500000,2894970.500000,2940886.000000,2792461.500000,2844554.500000,2982272.500000,2933399.000000,2894208.000000,2863137.500000,2980802.000000,
2845197.000000,2855858.500000,2848995.000000,2862604.000000,2840621.000000,2903805.000000,2863746.500000,2881400.000000,2860251.000000,2996094.000000,
2813159.500000,2836675.500000,2834087.000000,2840299.000000,2827753.500000,2895540.000000,2788556.500000,2795123.000000,2827420.500000,2824156.500000,
2853330.000000,2949854.000000,2863471.000000,2792451.000000,2829227.500000,2854846.000000,2871421.000000,2892926.000000,2811817.500000,2911253.500000,
2824082.000000,2943232.000000,2831369.500000,2811596.500000,2817187.000000,2929280.500000,2879975.500000,2844201.000000,2847083.000000,2935856.000000,
2851869.000000,2999533.500000,2828442.500000,2815621.000000,2798156.000000,2861595.500000,2825554.500000,2812236.500000,2804368.500000,2868152.500000,
2892276.000000,2879193.000000,2854996.000000,2774234.000000,2804095.000000,2848154.000000,2939325.500000,3059253.000000,2840943.000000,2849819.500000,
2790046.000000,2855773.000000,2897816.000000,2819639.000000,2881329.500000,2869522.500000,3024606.000000,2963042.500000,2824173.500000,2843581.000000,
2804315.000000,2821033.500000,2859098.000000,2802337.000000,2820740.500000,2905899.500000,2825452.500000,2924921.500000,2868260.500000,2794127.500000,
2795200.500000,2847443.500000,2841366.500000,2758913.500000,2809141.500000,2878031.000000,2876074.000000,2834617.500000,2801141.000000,2832718.000000,
2829352.000000,2888875.000000,2836066.500000,2834887.500000,2957180.500000,2926014.000000,2842565.500000,2852793.500000,2927181.500000,2871054.500000,
2823102.500000,2793333.000000,2805226.500000,2786259.000000,2814824.500000,2810176.500000,2784341.000000,2844077.000000,2880731.500000,2777581.000000,
2842463.500000,2792934.000000,2865608.000000,2781194.000000,2807248.500000,2867110.500000,2860563.500000,2882892.500000,2862433.500000,3010818.000000,
2825980.500000,2975379.500000,2839719.500000,2848876.500000,2834291.500000,2905587.500000,2791420.000000,2813734.500000,2838106.500000,2884300.000000,
2875777.000000,2815586.000000,2816070.500000,2784006.000000,2783003.000000,2929344.500000,2743342.000000,2840721.000000,2882995.000000,2834328.000000,
2939713.000000,2833529.500000,2831522.500000,2792036.500000,2801422.500000,2865686.500000,2852228.500000,2811352.500000,2845328.000000,2844155.500000,
3014919.500000,2899891.500000,2802346.000000,2950986.500000,2812921.500000,2902189.000000,2790411.500000,2797801.000000,2798744.000000,2837034.000000,
2808450.000000,2781024.500000,2744146.500000,2811925.500000,2813707.000000,2883563.500000,2766051.500000,2821079.000000,2797558.000000,2845351.500000,
2771253.000000,2848741.500000,2779440.500000,2826734.000000,2857652.000000,2827628.500000,2797331.500000,2799057.500000,2813614.500000,2813918.000000,
2785213.500000,2845286.000000,2794889.500000,2755878.500000,2834325.500000,2906160.500000,2797834.500000,2831260.000000,2777838.500000,2818502.500000,
2824361.000000,2812171.500000,2761628.500000,2767863.500000,2786990.500000,2785346.500000,2720295.500000,2828122.000000,2777097.500000,2905322.000000,
2828297.000000,2831838.000000,2971723.500000,2736097.500000,2791536.000000,2897767.500000,2796366.000000,2838111.000000,2778214.000000,2879596.000000,
2826666.500000,2860434.500000,2825901.000000,2767035.500000,2811777.500000,2823171.000000,2785219.500000,2839927.500000,2766407.500000,2842596.500000,
2786368.000000,2782583.500000,2885933.500000,2768129.000000,2785555.500000,2794190.000000,2722067.000000,2778944.000000,2743891.000000,2804384.500000,
2772080.000000,2830126.000000,2833395.000000,2767976.500000,2786962.000000,2806972.000000,2809488.000000,2799158.000000,2792281.500000,2828750.000000,
2767392.000000,2847627.500000,2783518.000000,2764502.500000,2797545.500000,2817495.500000,2823267.500000,2777285.500000,2779772.000000,2759533.000000,
2748562.000000,2799172.000000,2822098.000000,2795723.500000,2690725.500000,2856987.500000,2726184.500000,2849242.000000,2806256.000000,2787041.500000,
2740921.500000,2785051.000000,2805920.000000,2715156.000000,2741421.500000,2829096.000000,2924368.500000,2832568.000000,2762259.000000,2756949.500000,
2728553.500000,2818368.500000,2735006.000000,2989422.000000,2927314.000000,2802274.000000,2863342.500000,2815320.500000,2868715.000000,2887449.500000,
2755703.500000,2747054.000000,2794549.000000,2791180.500000,2786849.500000,2755621.500000,2802542.500000,2849640.000000,2749397.000000,2793941.000000,
2792141.500000,2771586.500000,2794220.000000,2767889.500000,2749766.000000,2876997.500000,2792223.500000,2816083.000000,2809569.000000,2820001.000000,
2752982.000000,2841266.000000,2750450.500000,2777357.500000,2888154.000000,2889959.500000,2771371.000000,2751130.500000,2777346.500000,2824957.000000,
2754057.500000,2979194.000000,2718331.500000,2690947.000000,2753758.000000,2755124.500000,2713799.500000,2827804.500000,2746395.000000,2857351.000000,
2740546.000000,2806692.500000,2778341.000000,2712625.000000,2712497.000000,2734223.500000,2769691.500000,2921535.000000,2770476.000000,2749054.500000,
2797170.500000,2790299.500000,2720803.000000,2719465.500000,2824387.000000,2902412.500000,2719757.500000,2807641.500000,2738862.000000,2794874.000000,
2774794.500000,2798272.000000,2716873.500000,2768037.000000,2675752.000000,2789673.500000,2701783.000000,2800429.500000,2762064.500000,2716670.000000,
2762993.500000,2731030.000000,2859891.500000,2688818.000000,2759245.500000,2789903.000000,2752199.000000,2748204.000000,2776909.000000,2762386.500000,
2759763.500000,2748586.500000,2743526.500000,2729081.000000,2792468.000000,2736131.000000,2688237.000000,2712254.000000,2761769.500000,2875699.000000,
2741079.000000,2768134.000000,2783836.500000,2683487.000000,2727534.500000,2703011.000000,2668517.500000,2727603.500000,2761071.500000,2762111.500000,
2767999.500000,2717794.500000,2741842.500000,2667510.000000,2739839.000000,2764101.500000,2759282.500000,2714357.000000,2750370.000000,2748426.500000,
2942012.500000,2762595.000000,2673523.500000,2712957.000000,2811770.500000,2770175.500000,2714847.500000,2682652.000000,2739162.500000,2709447.000000,
2800828.500000,2741325.500000,2697866.500000,2668126.500000,2768543.000000,2685482.000000,2709876.500000,2736600.500000,2733296.500000,2754632.500000,
2728801.500000,2728695.500000,2706281.500000,2671460.500000,2730783.500000,2730407.000000,2841376.500000,2677008.500000,2727597.500000,2706421.000000,
2718458.000000,2936810.000000,2681865.500000,2707213.000000,2841041.500000,2741713.000000,2858211.000000,2672414.000000,2777309.000000,2707198.000000,
2726526.000000,2830798.000000,2696974.500000,2697387.500000,2699787.500000,2747889.500000,2700299.500000,2656099.500000,2768197.500000,2736284.000000,
2771172.500000,2811204.000000,2738193.500000,2671922.000000,2696456.000000,2713537.000000,2738148.000000,2765358.500000,2743123.500000,2865819.000000,
2749031.500000,2723769.000000,2676577.000000,2709140.500000,2723713.000000,2755808.500000,2707689.000000,2782694.500000,2796825.000000,2832571.000000,
2765706.000000,2675181.500000,2652719.000000,2736376.000000,2661020.500000,2681596.500000,2650995.500000,2674090.000000,2753307.500000,2706596.000000,
2751791.000000,2701720.000000,2685751.000000,2731176.000000,2708336.000000,2689736.500000,2708397.500000,2712149.500000,2722868.500000,2845158.500000,
2692183.000000,2692927.500000,2653122.000000,2807108.500000,2674499.500000,2757944.500000,2693478.500000,2653720.000000,2701841.500000,2752731.500000,
2773801.000000,2727212.500000,2668345.000000,2689554.500000,2638386.000000,2702117.000000,2666834.000000,2669523.500000,2707408.000000,2723668.500000,
2830495.500000,2817527.000000,2675085.000000,2678981.500000,2643641.500000,2665130.500000,2707065.500000,2659249.000000,2677394.000000,2734535.000000,
2793737.000000,2831747.000000,2638163.000000,2658012.000000,2688851.000000,2756381.000000,2658640.000000,2674550.000000,2724448.500000,2729627.000000,
2812109.000000,2845318.500000,2656683.000000,2653535.500000,2644702.500000,2922838.500000,2659755.000000,2621690.000000,2699271.500000,2733863.500000,
2750996.500000,2854809.000000,2707769.000000,2668139.500000,2696796.500000,2767911.000000,2709935.500000,2721234.000000,2769766.500000,2816696.000000,
2733853.000000,2843824.500000,2718639.000000,2645135.500000,2635551.500000,2809692.000000,2640551.000000,2630253.000000,2698507.000000,2738296.500000,
2718991.000000,2839641.500000,2620232.000000,2624956.500000,2647353.500000,2696801.000000,2637739.500000,2614514.500000,2663553.000000,2728604.000000,
2686546.000000,2860394.500000,2748413.500000,2619957.000000,2654900.000000,2646753.000000,2654308.500000,2682065.000000,2646175.000000,2747282.000000,
2732477.000000,2885742.000000,2651679.500000,2653456.000000,2671446.000000,2743491.500000,2627137.500000,2693675.500000,2653903.000000,2714872.000000,
2704403.500000,2844144.500000,2637894.000000,2628779.000000,2661328.500000,2648476.500000,2654110.000000,2635634.500000,2644510.000000,2675472.500000,
2658839.500000,2840810.000000,2718321.000000,2615973.500000,2657547.500000,2626049.000000,2647444.000000,2634706.500000,2624753.500000,2708309.000000,
2693351.000000,2869083.000000,2665696.000000,2640745.000000,2620618.500000,2702281.000000,2657391.000000,2592924.500000,2648237.000000,2732241.000000,
2670495.500000,2829735.500000,2635416.500000,2748876.500000,2616744.000000,2703204.500000,2663369.000000,2607300.000000,2631960.000000,2852685.000000,
2614425.500000,2830932.500000,2663519.500000,2686965.000000,2592383.000000,2621875.000000,2662051.500000,2653804.000000,2629399.500000,2774995.000000,
2699844.500000,2796005.500000,2667666.500000,2642988.000000,2647088.500000,2705421.500000,2745108.000000,2688547.000000,2736840.500000,2709259.500000,
2750737.000000,2778668.500000,2648276.500000,2803556.500000,2787051.000000,2640031.500000,2707542.500000,2646283.000000,2724520.000000,2714312.500000,
2637568.500000,2690669.000000,2687812.500000,2646515.500000,2659781.000000,2594434.000000,2658334.000000,2672604.500000,2685395.500000,2747570.500000,
2711551.000000,2657305.500000,2646178.000000,2584889.000000,2646882.500000,2714428.500000,2639674.000000,2591778.500000,2738315.000000,2666709.000000,
2604764.500000,2678661.500000,2656186.500000,2664402.500000,2798243.000000,2641379.000000,2658056.000000,2657748.500000,2676643.000000,2647228.000000,
2814222.500000,2675358.500000,2617265.500000,2620617.500000,2657419.000000,2642849.000000,2613924.000000,2640403.000000,2684941.500000,2728462.000000,
2799611.000000,2676988.000000,2698244.000000,2569038.000000,2628405.000000,2625197.000000,2697985.500000,2624051.000000,2729686.500000,2665856.500000,
2679290.500000,2662629.000000,2631063.500000,2722951.500000,2661562.000000,2778042.000000,2689562.000000,2616109.500000,2633820.500000,2689016.500000,
2673956.500000,2716073.500000,2583198.500000,2653129.500000,2604100.500000,2737860.500000,2656060.500000,2599389.500000,2644866.500000,2651386.000000,
2645340.000000,2696374.500000,2717273.500000,2665340.500000,2672559.500000,2679175.000000,2681026.500000,2786961.500000,2681085.500000,2674539.500000,
2640031.000000,2684703.500000,2628171.000000,2679674.000000,2615272.500000,2628345.000000,2627589.000000,2747362.500000,2639471.000000,2726391.000000,
2647642.500000,2650367.500000,2609576.000000,2647959.000000,2608766.000000,2615889.500000,2604032.000000,2650564.000000,2648028.000000,2689635.500000,
2623519.000000,2722797.500000,2645623.000000,2612021.000000,2592580.500000,2589596.000000,2721725.500000,2671608.500000,2676480.500000,2611300.500000,
2737787.500000,2724982.500000,2580762.000000,2602602.500000,2578753.500000,2664673.500000,2602739.500000,2620750.500000,2618947.500000,2646340.500000,
2616965.500000,2640533.500000,2562086.000000,2590980.500000,2631738.000000,2610383.000000,2601553.500000,2627866.500000,2678740.000000,2612575.500000,
2621459.000000,2623983.500000,2626983.000000,2630786.500000,2629862.500000,2642588.000000,2642925.000000,2608925.500000,2683184.500000,2644756.500000,
2650937.500000,2603054.500000,2572298.000000,2663081.500000,2621301.000000,2607829.500000,2628553.500000,2563617.500000,2716924.500000,2636442.500000,
2658333.000000,2596950.500000,2556455.000000,2607712.000000,2790140.500000,2559659.500000,2593433.500000,2627411.500000,2713239.500000,2640515.000000,
2607348.500000,2637817.000000,2578158.500000,2615132.000000,2725329.500000,2637360.500000,2656585.500000,2611008.000000,2653889.000000,2694846.000000,
2591274.000000,2656414.000000,2571860.500000,2615078.500000,2611218.500000,2642530.000000,2761624.500000,2570549.500000,2631973.000000,2615131.500000,
2662781.500000,2586468.500000,2560904.000000,2617327.500000,2589638.500000,2605301.000000,2696027.000000,2531414.500000,2701399.500000,2603082.000000,
2630241.500000,2604293.500000,2567170.500000,2661569.500000,2579441.000000,2552098.500000,2639230.000000,2542152.500000,2655683.000000,2815566.000000,
2591985.500000,2585760.000000,2618365.000000,2578384.500000,2625801.000000,2619891.500000,2586226.000000,2653556.500000,2617971.500000,2688019.000000,
2638328.000000,2582944.000000,2541279.500000,2620390.000000,2550290.500000,2651538.000000,2566475.500000,2697732.500000,2579742.000000,2646320.000000,
2577837.500000,2565416.500000,2539689.000000,2752074.000000,2580274.000000,2562901.500000,2577876.500000,2635835.000000,2602289.000000,2701659.500000,
2598147.000000,2613008.500000,2644594.500000,2603082.000000,2562965.000000,2567716.500000,2640158.000000,2589307.500000,2632687.500000,2636557.000000,
2531244.000000,2599113.500000,2644730.500000,2592410.500000,2573175.000000,2600169.500000,2583813.000000,2525650.000000,2533228.000000,2619609.000000,
2690336.000000,2609336.000000,2574704.000000,2612164.000000,2550579.000000,2569952.500000,2557843.500000,2584000.000000,2560176.000000,2567605.500000,
2744285.000000,2597669.500000,2655598.500000,2607456.000000,2584170.000000,2585099.500000,2570200.500000,2610040.000000,2632695.500000,2610121.000000,
2584966.500000,2569333.000000,2561270.500000,2580539.500000,2518885.000000,2708923.500000,2541982.500000,2531281.000000,2564123.000000,2639096.000000,
2729800.000000,2569230.500000,2518297.500000,2645991.000000,2547456.500000,2759805.500000,2545025.500000,2582847.500000,2534032.000000,2614871.000000,
2563280.000000,2656669.000000,2550426.000000,2571022.000000,2518353.500000,2631203.500000,2626433.500000,2562005.000000,2541655.500000,2551297.500000,
2613131.500000,2598014.500000,2575696.000000,2561706.000000,2576338.000000,2615586.000000,2677293.000000,2571962.000000,2566384.000000,2516670.500000,
2607608.000000,2543621.000000,2495469.500000,2587476.000000,2535137.000000,2584974.500000,2637955.000000,2591658.500000,2578325.500000,2643350.500000,
2549770.500000,2679236.500000,2548843.000000,2576981.500000,2545290.000000,2530137.500000,2581102.000000,2595398.500000,2560790.500000,2580032.500000,
2544403.500000,2597288.500000,2505530.500000,2559230.000000,2529778.500000,2575748.500000,2554491.500000,2563129.000000,2580484.500000,2563863.000000,
2537666.000000,2589115.000000,2535184.000000,2561546.500000,2524121.500000,2577572.000000,2553495.000000,2572162.000000,2516430.500000,2575932.000000,
2535199.000000,2584453.000000,2481458.000000,2550841.000000,2595526.000000,2564092.500000,2560776.000000,2549533.000000,2481184.000000,2662423.000000,
2582591.000000,2548251.000000,2505340.000000,2529956.000000,2537234.500000,2524543.500000,2596829.500000,2721684.500000,2568208.000000,2592302.000000,
2515425.000000,2528855.500000,2510921.500000,2602465.500000,2689092.000000,2549981.000000,2523144.500000,2519197.500000,2686907.500000,2633104.500000,
2578614.500000,2533893.500000,2525863.500000,2634753.000000,2502420.500000,2528457.000000,2468684.500000,2562022.500000,2647710.500000,2680224.000000,
2542226.000000,2515597.500000,2524304.500000,2556807.500000,2528782.500000,2542566.500000,2642489.000000,2659859.500000,2698730.500000,2600980.000000,
2511167.500000,2480859.000000,2501947.000000,2569247.000000,2610549.000000,2591581.000000,2639142.500000,2541807.500000,2615270.500000,2608032.000000,
2554472.000000,2546408.000000,2530868.500000,2524844.500000,2655858.000000,2542332.000000,2570956.500000,2509872.000000,2576863.000000,2551270.000000,
2532904.500000,2537016.500000,2490470.000000,2526397.000000,2597377.500000,2568350.500000,2590674.500000,2559598.000000,2587562.500000,2545860.000000,
2528302.500000,2526517.500000,2570657.500000,2554087.000000,2569237.000000,2598934.000000,2537327.000000,2508485.000000,2498418.000000,2535859.500000,
2657634.500000,2485809.000000,2518871.000000,2538368.000000,2515394.500000,2663293.500000,2604932.000000,2535696.000000,2514504.500000,2568021.000000,
2612656.000000,2599011.000000,2493727.500000,2576696.500000,2480462.500000,2515875.000000,2651064.000000,2528697.000000,2481345.500000,2687820.500000,
2545639.000000,2579797.500000,2579253.000000,2528720.000000,2516215.000000,2508650.000000,2632969.000000,2515021.000000,2509097.500000,2498152.000000,
2540890.000000,2564822.500000,2492684.000000,2572431.000000,2529183.500000,2529861.500000,2580451.000000,2548434.500000,2522212.500000,2568482.500000,
2481782.500000,2596545.500000,2477994.000000,2510581.000000,2534113.000000,2508894.500000,2573752.000000,2570918.500000,2540440.500000,2509187.000000,
2482962.000000,2603229.000000,2512771.500000,2498732.000000,2524800.000000,2497763.000000,2551658.500000,2561387.500000,2509259.000000,2634962.500000,
2511423.500000,2524038.500000,2465345.500000,2506327.500000,2493905.500000,2509795.500000,2509817.000000,2469179.500000,2509563.500000,2557962.000000,
2596854.500000,2496248.000000,2442587.500000,2491315.000000,2485785.500000,2508900.500000,2489398.500000,2489372.000000,2466486.000000,2493599.500000,
2488753.500000,2513445.000000,2429499.500000,2476696.000000,2508012.500000,2495715.000000,2560930.000000,2545441.000000,2503853.000000,2502675.500000,
2519558.500000,2481854.500000,2522658.500000,2515492.500000,2457172.500000,2551214.000000,2544375.000000,2467533.500000,2555804.500000,2546492.500000,
2499584.000000,2478183.000000,2488889.500000,2498997.000000,2632510.000000,2496081.000000,2502949.000000,2543212.500000,2532311.000000,2488683.500000,
2481063.000000,2501361.000000,2429458.500000,2451009.500000,2590787.500000,2488499.500000,2507193.000000,2538164.000000,2500731.500000,2529836.000000,
2476070.500000,2495397.500000,2450166.500000,2470457.000000,2493220.000000,2509318.000000,2530296.000000,2584079.500000,2510791.500000,2504968.500000,
2476483.000000,2436324.500000,2453046.500000,2473014.500000,2496131.500000,2531354.000000,2549946.500000,2524772.000000,2491687.000000,2511100.000000,
2553914.500000,2461617.000000,2438664.000000,2468862.000000,2466111.500000,2503819.000000,2504715.000000,2524348.500000,2470725.500000,2659139.500000,
2451574.500000,2477678.000000,2457262.500000,2416401.000000,2474391.000000,2586493.000000,2482275.500000,2508157.000000,2466898.500000,2524086.500000,
2517871.000000,2435799.500000,2451952.000000,2492616.000000,2460167.000000,2534446.000000,2476267.000000,2466233.000000,2470134.000000,2521367.500000,
2495201.000000,2464965.500000,2452124.000000,2659622.500000,2444836.000000,2471881.500000,2453725.000000,2497746.000000,2445110.500000,2489905.500000,
2446152.000000,2459777.500000,2405091.000000,2494988.500000,2472665.500000,2466642.000000,2533236.500000,2532392.500000,2446664.500000,2516126.500000,
2540169.000000,2498026.500000,2573231.000000,2481110.500000,2489621.000000,2537796.000000,2519975.000000,2452060.500000,2472002.500000,2474176.000000,
2473352.000000,2439742.500000,2459809.000000,2455373.500000,2437180.500000,2470172.000000,2468763.500000,2470659.000000,2442172.000000,2540896.000000,
2448359.000000,2501852.500000,2456190.500000,2462396.000000,2509727.500000,2441569.500000,2551699.000000,2527094.500000,2492851.500000,2448784.500000,
2450097.500000,2444462.000000,2481508.000000,2422602.000000,2463686.000000,2555362.500000,2493451.000000,2484178.500000,2522123.500000,2424682.000000,
2446048.000000,2433927.000000,2641993.500000,2500213.000000,2490654.000000,2632410.000000,2468709.000000,2445442.500000,2452703.000000,2618426.500000,
2653198.500000,2445523.500000,2453721.000000,2448948.500000,2472980.500000,2509646.500000,2490017.000000,2447318.000000,2465672.000000,2511202.500000,
2545635.500000,2476948.500000,2535623.500000,2399293.500000,2446928.500000,2520633.500000,2488632.000000,2463670.000000,2474097.000000,2462534.500000,
2520902.000000,2410603.000000,2432306.000000,2510279.000000,2475188.000000,2481598.500000,2568177.000000,2424784.500000,2456952.000000,2468012.500000,
2503490.500000,2404232.000000,2444133.500000,2518501.000000,2495522.500000,2464848.000000,2571609.000000,2411797.500000,2432385.000000,2430248.000000,
2447706.500000,2510134.500000,2370447.000000,2440201.500000,2450294.000000,2428580.000000,2538787.500000,2452036.000000,2485914.500000,2416888.500000,
2525199.000000,2580408.000000,2460851.000000,2450004.500000,2432298.500000,2461511.500000,2547457.500000,2395806.500000,2475415.500000,2440191.500000,
2473525.500000,2527463.000000,2400791.500000,2483334.000000,2413899.500000,2427966.500000,2523844.000000,2418330.000000,2411796.500000,2559922.500000,
2422638.500000,2479956.000000,2400349.500000,2436885.000000,2415445.500000,2484457.500000,2752622.500000,2505751.500000,2436702.500000,2461141.000000,
2414760.000000,2439691.000000,2429348.000000,2414640.500000,2420620.500000,2463524.000000,2895817.500000,2608420.000000,2422588.500000,2426052.500000,
2427145.500000,2449314.500000,2400627.500000,2453608.500000,2405521.500000,2474201.500000,2927334.500000,2490271.500000,2400101.000000,2580803.000000,
2457898.000000,2396509.500000,2361919.000000,2417569.500000,2387340.500000,2431804.000000,2962188.500000,2501623.500000,2437227.000000,2472249.500000,
2432746.500000,2418953.500000,2375090.500000,2441343.000000,2384006.500000,2454123.000000,2774979.000000,2575452.000000,2436493.000000,2456005.500000,
2421838.500000,2387740.500000,2417133.000000,2408356.000000,2391095.000000,2462771.500000,2811176.000000,2424741.500000,2510799.500000,2430313.000000,
2448349.000000,2393426.500000,2374038.000000,2603262.000000,2397886.000000,2424222.500000,2936655.500000,2456797.500000,2506480.500000,2487628.000000,
2440752.000000,2410136.500000,2392710.000000,2453007.000000,2398670.000000,2439664.000000,2902831.500000,2410377.500000,2437507.500000,2411692.500000,
2424583.000000,2428841.000000,2381574.000000,2400740.000000,2406592.500000,2467224.500000,2907391.500000,2390461.000000,2428277.000000,2407106.500000,
2475567.000000,2399807.500000,2536568.500000,2426102.000000,2444571.500000,2418359.500000,2827101.000000,2389080.500000,2423541.500000,2416352.500000,
2454128.500000,2393295.500000,2408033.000000,2416986.000000,2555818.500000,2446452.000000,2844779.000000,2445020.000000,2436961.000000,2407750.500000,
2377282.000000,2393854.500000,2371804.500000,2402078.000000,2486404.500000,2442134.500000,2857574.000000,2392860.500000,2432548.500000,2499195.500000,
2423759.500000,2383204.000000,2515234.500000,2519577.000000,2454985.000000,2511260.000000,2928279.500000,2385213.000000,2437183.000000,2459464.000000,
2579765.000000,2371483.500000,2422804.000000,2429661.500000,2440563.500000,2608002.500000,2877619.500000,2423775.000000,2421503.500000,2426557.000000,
2533079.500000,2438137.000000,2382456.000000,2421439.500000,2386849.500000,2429541.000000,2832738.500000,2412211.500000,2381233.500000,2377564.000000,
2484565.500000,2590053.000000,2389293.000000,2522318.000000,2395568.000000,2469293.500000,2927078.500000,2433956.000000,2402771.500000,2404890.500000,
2404540.000000,2464340.500000,2345917.000000,2445381.000000,2448660.500000,2405427.000000,3028934.500000,2355969.500000,2389984.000000,2421896.500000,
2402808.500000,2406601.500000,2316755.000000,2422416.000000,2376448.000000,2440081.500000,2850537.500000,2405612.000000,2362600.000000,2415711.000000,
2367786.500000,2373960.000000,2381495.000000,2388152.500000,2390252.500000,2424230.000000,2926180.000000,2476822.500000,2426195.000000,2385287.500000,
2393178.000000,2359274.500000,2387738.500000,2438981.500000,2408537.500000,2395901.000000,2914576.500000,2435844.500000,2390528.500000,2405947.000000,
2399157.500000,2358549.500000,2581135.000000,2399963.000000,2551603.500000,2408952.500000,2842501.500000,2431590.000000,2389667.000000,2393198.000000,
2356040.500000,2367799.500000,2458364.500000,2383223.500000,2456226.000000,2388792.500000,2762865.500000,2502380.000000,2361920.500000,2425438.500000,
2413545.500000,2409228.500000,2459975.500000,2386191.000000,2397765.500000,2377410.500000,2573617.500000,2469789.000000,2481493.000000,2409286.000000,
2399970.000000,2329276.500000,2427444.500000,2430164.000000,2368128.000000,2367576.500000,2497098.000000,2365478.500000,2453372.000000,2377318.000000,
2386409.000000,2323008.000000,2448278.500000,2394169.000000,2338411.000000,2327103.500000,2435347.500000,2480954.500000,2391104.000000,2491195.500000,
2435007.500000,2445719.000000,2428373.000000,2346005.500000,2420915.000000,2425500.500000,2420994.500000,2405651.000000,2351595.500000,2372635.500000,
2381077.000000,2350071.500000,2405271.500000,2400652.000000,2403739.500000,2361046.000000,2410061.000000,2320138.000000,2374018.500000,2410486.500000,
2415910.500000,2397766.500000,2374238.000000,2421333.500000,2409221.000000,2370394.500000,2380087.500000,2416120.500000,2332687.500000,2444595.500000,
2360734.500000,2347153.000000,2358191.500000,2358689.000000,2394095.500000,2357012.500000,2369709.500000,2329285.000000,2369450.500000,2389426.500000,
2397044.000000,2393529.500000,2394502.500000,2465310.000000,2363578.500000,2410870.000000,2346975.500000,2349341.000000,2426785.000000,2377715.000000,
2484433.000000,2346972.000000,2410283.500000,2531414.500000,2430086.500000,2446629.000000,2345447.000000,2369481.000000,2370763.500000,2352803.000000,
2409636.000000,2427788.500000,2412969.000000,2426995.500000,2317498.500000,2334920.500000,2374600.500000,2338696.000000,2347234.000000,2460317.500000,
2436407.000000,2338969.500000,2408025.000000,2432128.500000,2307527.500000,2377870.000000,2387994.000000,2365404.500000,2367874.000000,2360951.500000,
2372433.000000,2316732.000000,2426622.500000,2411669.000000,2309542.000000,2403508.500000,2349308.500000,2349873.000000,2342715.000000,2382351.000000,
2315905.000000,2326195.500000,2413553.000000,2366830.000000,2318471.000000,2358013.500000,2396752.500000,2358137.000000,2323786.000000,2354030.000000,
2318737.500000,2328351.000000,2389313.000000,2328093.500000,2312111.000000,2294222.500000,2400163.500000,2377065.500000,2370048.500000,2309268.500000,
2382976.000000,2315768.500000,2444230.500000,2314821.000000,2302622.500000,2324385.000000,2397963.000000,2359029.000000,2329772.500000,2331502.000000,
2365934.500000,2278923.000000,2459571.500000,2363157.000000,2346220.000000,2351489.000000,2323075.000000,2312310.500000,2301957.500000,2329143.500000,
2336939.000000,2305306.500000,2427044.000000,2367037.000000,2287416.000000,2279851.500000,2314254.000000,2314446.000000,2313924.000000,2352338.000000,
2297631.500000,2304812.000000,2426256.000000,2312173.500000,2322667.500000,2364486.500000,2382323.500000,2348616.500000,2415230.000000,2323385.500000,
2370087.000000,2280757.000000,2408935.500000,2322241.000000,2333711.000000,2309530.000000,2305836.500000,2318118.000000,2335106.500000,2415230.500000,
2312920.500000,2288305.000000,2479519.000000,2311143.500000,2279652.000000,2279146.500000,2330323.000000,2320408.500000,2295045.000000,2430692.000000,
2289761.000000,2308312.500000,2348315.000000,2370843.500000,2325276.500000,2333486.000000,2353178.500000,2341226.000000,2329239.000000,2350912.000000,
2325027.500000,2400056.000000,2345141.000000,2361290.500000,2287789.500000,2334454.500000,2309177.500000,2319397.000000,2296545.000000,2330251.000000,
2425590.500000,2402840.000000,2340686.000000,2285568.000000,2335290.000000,2346032.000000,2305134.500000,2292110.500000,2294446.500000,2386521.500000,
2389312.500000,2333522.500000,2340588.500000,2310894.500000,2431456.000000,2277804.500000,2316784.500000,2320483.000000,2264424.000000,2466763.500000,
2299743.000000,2285849.000000,2313735.500000,2265421.500000,2325266.000000,2332373.000000,2338399.500000,2457546.000000,2303938.000000,2366923.000000,
2445781.000000,2369660.500000,2344267.500000,2389189.000000,2288820.000000,2507962.500000,2290728.500000,2456294.500000,2323395.000000,2370880.000000,
2368624.500000,2323911.000000,2395320.000000,2491427.000000,2347146.500000,2336353.500000,2314507.500000,2355488.500000,2248443.500000,2300122.000000,
2333551.000000,2291420.000000,2387070.500000,2362984.000000,2295450.500000,2379004.500000,2291359.500000,2360982.000000,2230920.000000,2315372.000000,
2312982.000000,2265811.000000,2360030.500000,2373252.500000,2285305.500000,2383120.000000,2284909.500000,2365096.000000,2305743.500000,2300077.000000,
2330626.000000,2300154.500000,2331946.500000,2296436.000000,2263667.500000,2377190.500000,2244418.500000,2302991.500000,2539019.500000,2319270.000000,
2283104.000000,2327584.000000,2287924.000000,2327790.500000,2250385.500000,2328495.500000,2282087.000000,2276465.000000,2400387.000000,2288340.500000,
2269055.500000,2284425.500000,2293843.500000,2236215.000000,2258341.500000,2307745.500000,2384096.000000,2233072.000000,2303593.500000,2252985.000000,
2286016.000000,2239039.500000,2305782.500000,2293017.000000,2328775.500000,2325074.000000,2344904.000000,2285332.000000,2314390.000000,2274538.500000,
2272638.000000,2269266.000000,2299188.000000,2318942.500000,2273196.500000,2261879.500000,2339557.500000,2280955.500000,2259707.000000,2297917.000000,
2278157.500000,2390353.000000,2259117.500000,2272457.000000,2253367.000000,2288625.500000,2333764.500000,2286591.000000,2224158.000000,2251744.500000,
2250033.000000,2347760.000000,2252156.000000,2243672.000000,2233204.000000,2303430.000000,2378260.000000,2243720.500000,2268186.500000,2249555.500000,
2334528.000000,2356161.000000,2250252.500000,2284350.000000,2280734.500000,2278047.500000,2285792.000000,2257337.500000,2282401.500000,2254486.000000,
2294982.500000,2234861.000000,2242271.500000,2251387.000000,2265867.500000,2360022.000000,2273701.000000,2279394.000000,2210288.000000,2239249.000000,
2247418.500000,2321593.500000,2228006.000000,2254458.500000,2226709.000000,2304430.500000,2304028.000000,2286694.000000,2195776.000000,2299592.000000,
2234632.500000,2389555.500000,2227961.000000,2269793.500000,2246175.000000,2358894.500000,2265213.000000,2274773.000000,2326145.000000,2389975.500000,
2284482.000000,2315780.500000,2242946.000000,2244895.500000,2289194.000000,2293760.500000,2267651.000000,2284428.500000,2318167.000000,2284475.500000,
2266582.500000,2246821.000000,2304326.000000,2247526.000000,2340317.000000,2283175.500000,2337283.000000,2282818.000000,2201521.500000,2281836.000000,
2259602.000000,2254529.500000,2276641.500000,2222964.000000,2280467.500000,2312592.500000,2409962.500000,2375040.000000,2248395.500000,2321498.500000,
2223846.500000,2252053.500000,2307876.500000,2288577.000000,2218679.000000,2281381.500000,2353419.500000,2396879.500000,2422509.500000,2259485.500000,
2354747.500000,2228482.000000,2282782.500000,2263682.000000,2206441.500000,2294762.000000,2314425.500000,2322023.000000,2421334.500000,2433659.500000,
2232138.000000,2268527.000000,2276601.000000,2241983.500000,2203397.500000,2227985.000000,2460301.000000,2306027.000000,2303624.500000,2288175.500000,
2287543.500000,2302863.500000,2339821.000000,2217250.500000,2244339.500000,2307937.500000,2270024.000000,2251673.000000,2305541.000000,2260972.500000,
2234445.500000,2228644.500000,2308361.500000,2316172.000000,2217908.000000,2270313.500000,2276568.500000,2239599.000000,2267936.500000,2286797.000000,
2345223.500000,2226550.500000,2266877.000000,2324760.000000,2232968.500000,2284159.500000,2317903.500000,2266963.500000,2298200.500000,2312674.000000,
2272932.000000,2227076.000000,2266281.500000,2222035.500000,2218758.000000,2237396.500000,2313861.500000,2250712.500000,2297112.500000,2294590.500000,
2279698.000000,2277254.000000,2242999.500000,2229094.000000,2219698.500000,2279561.500000,2232374.500000,2260324.500000,2231748.500000,2317175.500000,
2298979.000000,2236099.500000,2253225.000000,2372265.000000,2215337.000000,2379370.000000,2272094.500000,2301996.000000,2233591.000000,2230193.500000,
2319222.000000,2219142.000000,2312772.000000,2280367.500000,2172976.000000,2241111.000000,2273815.000000,2229064.000000,2240955.500000,2243525.500000,
2242048.000000,2245817.000000,2279465.500000,2255424.000000,2179930.000000,2307055.000000,2216825.000000,2215898.000000,2212486.000000,2231045.000000,
2200303.000000,2211204.500000,2264216.500000,2219123.000000,2179816.500000,2307377.000000,2206516.500000,2179959.500000,2281480.000000,2219208.500000,
2216890.000000,2178611.500000,2327494.000000,2258843.500000,2163847.000000,2272067.500000,2272862.500000,2271911.000000,2231748.000000,2265799.000000,
2223626.500000,2271886.500000,2274340.000000,2187519.500000,2247847.000000,2269063.000000,2281149.000000,2224805.000000,2195471.000000,2184204.000000,
2181259.000000,2294251.500000,2297221.000000,2173078.500000,2183301.500000,2299462.000000,2309499.000000,2227483.000000,2220777.500000,2182591.000000,
2284852.000000,2205273.500000,2372312.000000,2234660.000000,2245498.500000,2206989.000000,2212951.500000,2150315.500000,2205999.000000,2204260.000000,
2247162.500000,2183405.000000,2252431.000000,2182536.500000,2229816.500000,2186782.500000,2248746.500000,2162162.500000,2194057.000000,2200431.000000,
2192913.500000,2260429.000000,2253791.500000,2216926.000000,2215832.500000,2272736.500000,2208324.500000,2217934.000000,2155547.000000,2316408.500000,
2187256.000000,2200516.000000,2199778.000000,2150689.500000,2195244.500000,2253211.000000,2189069.500000,2171866.500000,2268366.000000,2249792.500000,
2202992.500000,2223336.500000,2229473.500000,2219986.500000,2153896.500000,2201102.500000,2189241.500000,2152922.500000,2175746.500000,2207245.000000,
2178469.500000,2175237.500000,2195313.000000,2218792.000000,2282828.500000,2311112.500000,2217425.500000,2156208.000000,2170278.000000,2194600.500000,
2176737.000000,2206519.500000,2238568.500000,2206602.500000,2215659.500000,2283057.500000,2322399.500000,2201052.500000,2195579.000000,2285485.000000,
2165044.000000,2221507.000000,2183276.000000,2191839.000000,2183099.500000,2314589.500000,2298817.500000,2122212.500000,2277593.000000,2174846.500000,
2342169.000000,2145659.500000,2170108.000000,2291716.500000,2128325.500000,2220065.500000,2339594.500000,2132508.000000,2256062.500000,2239546.500000,
2293205.000000,2168131.500000,2186250.000000,2244876.000000,2238226.000000,2178944.500000,2330924.000000,2129662.000000,2207850.000000,2330595.500000,
2246348.000000,2201411.500000,2168941.500000,2175726.000000,2267205.500000,2222111.500000,2272119.500000,2177994.000000,2213065.500000,2187216.000000,
2210132.500000,2319265.000000,2176201.500000,2217121.000000,2221493.500000,2329143.500000,2223912.000000,2118499.000000,2288434.500000,2216508.500000,
2226923.500000,2268848.000000,2154438.500000,2249181.500000,2180984.500000,2242844.500000,2267591.500000,2171417.500000,2227929.500000,2203505.000000,
2237400.500000,2233198.000000,2152860.500000,2190202.500000,2200354.500000,2177990.500000,2194356.500000,2165334.000000,2197872.500000,2295947.000000,
2214183.000000,2158106.000000,2150515.500000,2123259.500000,2109065.500000,2228026.000000,2157995.000000,2369577.000000,2224606.500000,2216824.500000,
2282844.000000,2172734.500000,2151912.000000,2183256.000000,2177213.500000,2155218.500000,2136662.000000,2258944.000000,2166922.500000,2185507.000000,
2217966.500000,2204701.000000,2172892.500000,2182443.500000,2141653.000000,2137901.500000,2203748.500000,2199511.500000,2127009.000000,2135724.500000,
2158880.500000,2151306.000000,2138841.500000,2225288.000000,2110602.500000,2133007.500000,2217594.000000,2163172.500000,2125092.500000,2228312.500000,
2139621.500000,2138122.000000,2232594.000000,2107293.500000,2089405.500000,2210062.000000,2215358.000000,2159364.000000,2184250.500000,2144183.000000,
2186728.000000,2186277.500000,2297750.500000,2198379.000000,2128055.000000,2132252.000000,2223980.500000,2142069.000000,2248060.000000,2142553.500000,
2229454.500000,2166423.000000,2208956.000000,2131023.000000,2141012.500000,2142871.000000,2222969.500000,2170252.500000,2130518.500000,2131870.000000,
2174268.000000,2153640.000000,2197327.500000,2168890.500000,2139555.500000,2166577.500000,2169403.500000,2171863.000000,2095870.500000,2095281.000000,
2158249.000000,2197766.000000,2169427.000000,2131153.000000,2087333.500000,2139804.000000,2167225.500000,2156969.000000,2123624.500000,2210014.000000,
2168500.500000,2171375.000000,2136172.000000,2190810.500000,2076925.000000,2123320.000000,2148300.500000,2105627.500000,2161792.500000,2238612.500000,
2177766.000000,2109363.500000,2166666.500000,2112919.000000,2138782.500000,2205244.000000,2145449.000000,2072938.000000,2114074.000000,2178645.000000,
2154154.000000,2129588.500000,2155177.500000,2113055.000000,2198211.500000,2196835.000000,2129839.000000,2139918.500000,2126025.000000,2163017.000000,
2159989.500000,2281446.500000,2166293.500000,2102532.500000,2119342.000000,2167638.000000,2118291.500000,2090195.000000,2176502.500000,2161118.000000,
2129639.000000,2238964.500000,2208667.000000,2159953.500000,2107995.000000,2104677.000000,2155834.000000,2053658.000000,2157515.000000,2164846.500000,
2110066.000000,2157234.500000,2184105.000000,2116612.500000,2172154.500000,2135056.500000,2172124.000000,2112893.500000,2157267.500000,2244581.000000,
2071059.500000,2151368.500000,2151128.500000,2131079.000000,2173124.500000,2168675.500000,2157773.000000,2122914.500000,2159633.000000,2171993.000000,
2075269.000000,2124719.500000,2181054.000000,2147622.000000,2104795.000000,2125390.000000,2148582.500000,2115144.500000,2275459.500000,2193649.500000,
2143564.500000,2080144.000000,2125227.000000,2108670.000000,2107121.000000,2139979.500000,2141177.000000,2069394.000000,2269703.000000,2251580.500000,
2142508.500000,2054709.500000,2189097.000000,2124974.000000,2127362.000000,2100726.000000,2139236.500000,2068915.500000,2215221.500000,2165616.000000,
2101860.500000,2107948.000000,2169590.000000,2125295.500000,2069964.500000,2149733.500000,2115675.000000,2126647.500000,2125566.000000,2192918.000000,
2105111.500000,2135647.000000,2080932.000000,2134862.500000,2050910.500000,2098829.000000,2136832.500000,2244639.000000,2147044.000000,2213513.500000,
2118546.500000,2046281.500000,2108734.500000,2258396.500000,2101459.000000,2132308.500000,2111926.000000,2196613.500000,2098108.000000,2167454.000000,
2097087.500000,2100474.000000,2056062.000000,2144426.500000,2083378.000000,2134565.000000,2085356.500000,2166788.500000,2035702.000000,2102705.500000,
2086944.500000,2068147.000000,2127610.500000,2172807.500000,2020301.000000,2127887.500000,2130912.500000,2157936.500000,2119746.000000,2091765.000000,
2088633.500000,2064464.000000,2113431.000000,2159999.500000,2028415.000000,2122495.500000,2136696.500000,2067446.500000,2150416.500000,2128105.000000,
2152501.500000,2054158.000000,2174640.500000,2158964.500000,2029107.500000,2166723.500000,2161301.500000,2073288.500000,2065088.500000,2103194.000000,
2283746.000000,2029792.500000,2125282.500000,2072202.500000,2098394.000000,2127634.500000,2101387.500000,2073449.500000,2055508.000000,2120524.000000,
2172099.500000,2166480.500000,2158338.500000,2092862.500000,2046832.500000,2164766.500000,2112481.500000,2086441.500000,2095544.500000,2096085.000000,
2068379.000000,2077221.000000,2182329.500000,2058619.000000,2014902.000000,2251554.500000,2127440.000000,2077742.000000,2131373.500000,2074045.000000,
2100450.000000,2022795.500000,2141215.500000,2102881.500000,2031772.500000,2264053.000000,2197903.000000,2006198.500000,2126142.500000,2089537.000000,
2050350.500000,2032908.500000,2064756.500000,2048613.000000,2129060.500000,2161235.500000,2151622.500000,2079582.500000,2130005.000000,2127871.500000,
2090636.000000,2163185.000000,2117496.500000,2039853.000000,2031661.500000,2142255.000000,2128137.000000,2043007.000000,2093077.500000,2269100.000000,
2041443.000000,2156762.000000,2103186.000000,2034355.000000,2016780.000000,2097317.000000,2134653.000000,2051930.500000,2098626.000000,2156692.000000,
2146262.500000,2051719.000000,2074731.500000,2079118.500000,2077588.000000,2075998.500000,2136220.500000,2081053.000000,2163115.000000,2114084.500000,
2047664.500000,2023156.000000,2099669.500000,2014437.500000,2089256.500000,2078503.500000,2105345.500000,2037007.000000,2114750.500000,2083136.500000,
2044722.000000,2100854.000000,2052257.000000,2071614.500000,2022447.000000,2407005.500000,2063549.500000,2053785.000000,2081383.500000,2165917.500000,
2033520.500000,2161480.000000,2066840.000000,2088778.500000,2030074.000000,2491456.500000,2088710.500000,2017022.500000,2135754.500000,2169488.000000,
2069124.000000,2058384.000000,2061687.500000,2144088.500000,2006083.000000,2464913.000000,2049433.000000,2008541.000000,2092296.500000,2068139.000000,
2022029.000000,2053815.500000,2068003.000000,2093436.500000,2074046.000000,2512127.500000,2064654.000000,2027378.000000,2072241.000000,2140411.000000,
2016527.000000,2046950.500000,2067365.500000,2066361.000000,2131484.000000,2432940.000000,2037118.500000,2109107.500000,2071605.000000,2157076.000000,
1994728.500000,2079189.000000,2123740.500000,2075506.500000,2057307.000000,2446142.500000,2057394.000000,2069039.000000,2080537.000000,2279544.000000,
2053029.000000,2014387.500000,2152903.000000,2144239.500000,2019239.500000,2304247.500000,2157114.500000,2060662.500000,2047439.000000,2148438.000000,
2032577.000000,2014594.500000,2151417.500000,2031140.500000,2044681.500000,2089404.500000,2164253.500000,2014076.000000,2031267.500000,2088321.500000,
2018271.000000,2020039.500000,2072272.500000,2018542.000000,2129894.000000,2135172.500000,2130884.500000,2037073.000000,2114035.500000,2054897.000000,
2017440.000000,2026663.500000,2072712.500000,2049598.500000,2055517.500000,2084510.500000,2151472.000000,2074715.500000,2037791.000000,2045604.000000,
2021467.500000,1978088.500000,2037171.500000,2046356.000000,2008641.500000,2089377.500000,2142077.000000,2015511.000000,2013295.000000,2040775.500000,
2158178.000000,2005343.000000,2005764.500000,2021303.500000,2040536.500000,2129790.500000,2122926.500000,2032014.000000,1985466.500000,2028035.000000,
2057954.500000,2009361.500000,2010254.500000,1985337.000000,2025084.000000,2051667.500000,2107362.000000,2045578.500000,2044486.500000,2019920.500000,
2015475.500000,2016439.000000,2047629.500000,1973608.500000,1981925.500000,2067152.500000,2076856.000000,2068691.000000,2036982.500000,2002637.500000,
1999819.500000,2008725.000000,2004993.500000,2022973.000000,1993458.000000,2066098.000000,2097289.000000,2004576.000000,2006598.000000,2012425.500000,
2007024.500000,1992445.500000,1998111.500000,1997552.500000,2008292.500000,2039586.000000,2089675.000000,1965093.500000,2007761.000000,2040966.500000,
1978325.500000,2046066.000000,2003764.500000,2018814.500000,2021216.500000,1975263.500000,2065590.500000,2022159.500000,2020971.500000,2034498.000000,
1971732.000000,2139170.000000,2005497.000000,1990577.000000,1955473.000000,1963794.500000,2039627.500000,2213314.500000,2022551.500000,2032906.000000,
2033777.000000,2013952.000000,1997843.500000,2082578.500000,1964874.500000,1988639.500000,2035647.000000,2161918.000000,1978455.000000,2044041.000000,
2027671.000000,1968993.500000,2001422.500000,2052656.500000,1981073.000000,2000428.500000,2005099.000000,2105842.000000,2001728.000000,2055222.500000,
1960665.000000,2004442.500000,1982407.000000,1991493.000000,1989341.500000,1956818.000000,1993573.500000,2057524.500000,2089475.500000,2011177.500000,
2053258.000000,2063825.500000,1964509.500000,1968694.000000,1943875.500000,1979641.000000,1990808.000000,2062391.500000,2044268.000000,2031331.000000,
2028893.500000,2081702.000000,1951737.000000,2055283.500000,1959985.500000,1981285.000000,2025150.500000,1982069.500000,2034296.000000,1982126.000000,
2042162.000000,1993339.500000,2006903.500000,2037574.500000,1924679.000000,2000522.500000,2029658.000000,2063737.500000,2065468.000000,2002291.500000,
1978055.000000,1967619.000000,2158001.500000,1963908.500000,2040869.500000,1943294.500000,1967746.000000,1964025.500000,2038461.000000,1960885.000000,
2012965.000000,1973971.500000,2068011.500000,1958120.000000,2065018.000000,1934666.000000,1975298.000000,2040897.000000,2051443.000000,1976746.000000,
2016639.000000,1950778.000000,2045427.500000,1977723.500000,1971217.000000,1952248.500000,2005824.000000,1952064.500000,2024701.000000,2140786.500000,
2021158.500000,1931111.000000,2003316.000000,2013448.500000,2007000.000000,1962812.500000,1999806.000000,2025522.500000,1990280.000000,2119314.000000,
1944939.000000,1978879.000000,1968235.500000,1941015.000000,2048350.500000,1968691.500000,1994657.500000,1981539.500000,1965116.500000,2084659.000000,
1965212.500000,2000388.500000,1966726.000000,1944197.000000,2045392.500000,1924061.000000,1994878.000000,1963227.000000,1950068.500000,2143101.500000,
1915934.500000,2022153.500000,1979577.500000,1939203.000000,2020703.000000,1928686.000000,1991812.000000,1992210.000000,1992026.000000,2072638.000000,
2047312.000000,1975178.000000,1941420.000000,1971824.500000,1961378.000000,1974698.000000,1999661.500000,1994679.000000,2010423.500000,2010410.500000,
1947452.000000,1906879.000000,1965415.500000,1925917.500000,1989667.500000,2005043.000000,1939517.000000,1973945.500000,1963536.500000,1943638.500000,
1933450.000000,1949133.500000,1937871.500000,1943430.500000,2010158.500000,1914214.000000,1982164.500000,2002235.500000,1962759.500000,1994471.000000,
1938201.000000,1976228.500000,1937021.500000,1962040.500000,1943380.500000,1912072.000000,1945993.000000,2005700.500000,1943613.500000,1986358.500000,
2009012.000000,1901654.000000,1929083.500000,1937738.000000,1977997.500000,1920363.000000,1983885.500000,1967079.500000,1925178.000000,1941963.000000,
1982507.000000,1909180.000000,1998927.500000,1937849.000000,1987908.000000,1957816.500000,1936737.000000,1969525.000000,1917452.500000,1933962.000000,
1948478.500000,1989719.000000,2047203.000000,1927347.500000,1930104.000000,1896453.000000,1974475.000000,2068916.000000,1958396.500000,1968615.000000,
1918255.500000,1951744.500000,2108665.000000,1927058.500000,1893465.000000,1931424.500000,1969758.000000,2115354.000000,1935240.500000,1968472.500000,
1949917.500000,1956325.500000,2055291.500000,2007891.500000,1902405.000000,1900370.000000,2002373.500000,2101989.500000,1904709.000000,1976838.000000,
1952670.000000,1934740.500000,1972412.000000,2137463.000000,1873462.500000,1935024.500000,2041083.000000,1978956.500000,1915454.500000,2010519.000000,
1901111.000000,1953748.500000,2034510.000000,2003950.500000,1959147.500000,1928530.500000,2000547.500000,1962069.000000,2008155.500000,1987125.500000,
1924632.500000,2011331.500000,1979538.000000,1913107.000000,1937928.000000,1887283.500000,1962469.000000,1988874.000000,2018456.500000,1961887.000000,
1888372.000000,1957053.500000,1954182.500000,1944921.500000,1900053.500000,1914336.000000,1963492.500000,1898524.500000,1984074.500000,1954647.000000,
2135863.000000,1908286.000000,1931063.000000,1912509.000000,1903448.500000,1935012.000000,1982065.000000,1934845.000000,1920305.000000,1898468.500000,
2068945.500000,1910925.000000,1958110.500000,1873186.000000,1908405.000000,2034171.000000,1972480.000000,1932833.000000,1887584.000000,1905156.000000,
2003161.500000,1956231.000000,1938698.000000,1863398.500000,1911472.500000,2059439.500000,1905202.000000,1969510.000000,1918719.500000,1936188.000000,
1925568.500000,2063433.500000,1935196.000000,1896408.000000,1856381.000000,1953305.000000,1968885.000000,1908677.000000,1929333.000000,1923049.000000,
2004232.000000,1965994.500000,1933942.500000,1921630.500000,1888631.500000,1945131.500000,2003989.500000,1934731.000000,1892372.000000,1894775.000000,
1935304.000000,1894844.000000,1959172.000000,1888049.000000,1894449.000000,1915623.000000,1988654.500000,1952717.000000,1903697.000000,1894982.500000,
1924928.000000,1974581.500000,2007574.500000,1938588.000000,1949436.500000,1888599.000000,1941124.500000,1936022.000000,1964671.500000,1911330.000000,
1865776.000000,1995649.000000,1986259.500000,1854406.500000,1894459.000000,1849095.500000,1925340.000000,1940317.000000,2114760.500000,1960385.000000,
1928693.000000,1916273.500000,1980813.500000,1989026.000000,1893826.000000,1917370.000000,1926630.000000,1907218.000000,2030466.500000,2053435.000000,
1921578.500000,1899190.500000,1974298.500000,1988628.500000,1868151.500000,1925653.000000,1892997.000000,1890454.000000,1954177.500000,1959934.500000,
1926488.500000,1896573.000000,1959980.500000,1962067.500000,1894578.000000,1896762.000000,1890814.000000,1982174.500000,1971614.500000,1922539.500000,
1895941.500000,1884445.000000,1926380.000000,1878021.000000,1860147.500000,1859528.000000,1909678.000000,2016885.500000,2045990.500000,2062397.500000,
1913539.000000,1871168.000000,1973879.000000,1971830.500000,1871453.000000,1837238.000000,1919780.500000,1946396.000000,1958173.500000,2043907.000000,
1942647.500000,1855632.500000,1942490.000000,1956883.500000,1852570.500000,1896492.500000,1907080.000000,1887140.000000,1920843.000000,1950784.000000,
1916472.500000,1831345.000000,1941146.500000,1925539.000000,1910102.500000,1917077.500000,1935241.000000,1935971.500000,1973428.500000,1900405.000000,
1895846.500000,1872749.500000,1992528.500000,1930712.500000,2065011.000000,1864369.000000,1876745.000000,1981471.000000,1940082.000000,1914574.500000,
1883877.500000,1866502.000000,1968388.500000,1921917.500000,1980712.500000,1836207.000000,1945957.000000,1928122.500000,1969585.000000,1921260.000000,
1937597.000000,1839676.500000,1944223.500000,1917544.500000,1941558.000000,1860179.000000,1947189.500000,1875941.000000,1911409.000000,1902700.500000,
1905728.000000,1821498.500000,1932956.000000,1952110.000000,1936547.500000,1976724.000000,1983440.000000,1934567.500000,1869154.000000,1871105.000000,
1874709.500000,1856150.000000,2008936.000000,1899834.500000,1884727.000000,2012633.500000,1955554.500000,1909915.500000,1982301.000000,1935320.000000,
1965963.500000,1850763.000000,1935716.500000,1877587.000000,1859616.000000,1947202.000000,1949878.000000,1882745.000000,1968913.500000,1998632.500000,
1936118.000000,1865049.000000,1932159.000000,1929907.500000,1848447.500000,1873077.000000,1993020.500000,1846413.500000,1926561.000000,1944327.500000,
1977905.000000,1813311.500000,1911859.000000,1854694.500000,1840850.000000,1883862.500000,1994992.000000,1823609.000000,1911752.500000,1885243.000000,
1995865.000000,1838607.000000,1910630.000000,1893592.500000,1902987.500000,1866919.000000,1963290.000000,1901616.000000,1905919.500000,1871210.500000,
1948929.500000,1846368.500000,1859525.500000,1844403.000000,1854281.000000,1842732.000000,1951994.500000,1832151.000000,1910502.000000,1871817.500000,
1888109.500000,1941060.000000,1858881.500000,1859384.500000,1850292.500000,1842676.000000,1972549.000000,1880609.500000,1913885.500000,1916196.500000,
1892675.000000,1862619.000000,1897821.000000,1881751.500000,1853056.000000,1903814.500000,1909426.000000,1851492.500000,1897074.000000,1877316.000000,
1839146.500000,1819681.000000,1989234.500000,1845684.000000,1860335.500000,1934927.000000,1939101.000000,1912943.500000,1883420.500000,1875606.500000,
1834860.000000,1870874.000000,1883145.000000,1821865.500000,1887350.000000,1880275.500000,1876818.000000,1863555.000000,1927254.500000,1892094.500000,
1823285.000000,1915574.500000,1932333.000000,1853910.500000,1881090.000000,1906018.500000,1882513.500000,1863537.500000,1855517.500000,1837861.000000,
1888345.000000,1882163.500000,1919369.500000,1845315.500000,1831728.500000,1914201.500000,1869042.000000,1793007.000000,1824427.000000,1826053.500000,
1934723.000000,1864133.500000,1935198.000000,1836121.500000,1827292.000000,1835144.500000,1845262.000000,1843957.000000,1821143.000000,1842147.500000,
1934514.500000,1805194.500000,1896142.500000,1826932.500000,1855369.500000,1846042.000000,1846941.500000,1926486.500000,1861934.500000,1917974.500000,
1896669.000000,1870365.000000,1860246.500000,1910480.500000,1831229.000000,1809690.000000,1825679.500000,1885990.000000,1880784.000000,2030515.500000,
1861225.500000,1804140.000000,1844343.000000,1836991.000000,1826886.500000,1849418.000000,1881221.500000,1808087.000000,1854318.500000,1934729.500000,
1849290.500000,1806317.500000,1865639.000000,1831950.000000,1850915.500000,1846375.500000,1834914.500000,1800824.500000,1870644.000000,1941311.500000,
1833435.500000,1825085.500000,1857476.500000,1817971.000000,1914732.000000,1836779.000000,1851347.500000,1867954.500000,1903843.500000,1875787.500000,
1823889.000000,1799676.000000,1868043.500000,1814447.000000,1959812.000000,1762412.000000,1842836.500000,1883424.000000,1946096.000000,1915698.000000,
1795034.000000,1806922.000000,1868359.000000,1821613.500000,1905565.000000,1834247.000000,1878581.000000,1901445.500000,2062089.500000,1841662.000000,
1795769.000000,1803211.000000,1881632.500000,1808587.500000,1880688.500000,1831859.500000,1842613.500000,1802482.500000,1947477.500000,1815268.000000,
1813128.000000,1821203.000000,1864678.000000,1808673.000000,1812339.000000,1856561.000000,1833872.000000,1815695.000000,1881395.500000,1812425.000000,
1813786.000000,1772264.500000,1829147.000000,1799118.500000,1824117.500000,1802659.500000,1845626.500000,1818120.000000,1895982.000000,1847909.500000,
1858338.500000,1801702.500000,1825822.500000,1809554.500000,1796139.500000,1760029.000000,1838040.500000,1798300.500000,1913960.000000,1818410.500000,
1843390.500000,1814014.500000,1798024.000000,1811113.000000,1791840.000000,1763627.500000,1802383.500000,1763881.000000,1826010.000000,1789670.500000,
1830600.000000,1763603.500000,1845850.500000,1834272.500000,1834730.500000,1868459.500000,1790523.500000,1753465.500000,1777505.500000,1802181.500000,
1802712.500000,1738467.500000,1885560.000000,1769190.000000,1787774.000000,1799177.500000,1859416.000000,1768781.000000,1861380.500000,1872511.000000,
1802811.000000,1747293.000000,1914039.000000,1774538.500000,1780353.000000,1780039.500000,1801698.500000,1787155.500000,1826787.500000,1827519.500000,
1790120.500000,1792310.500000,1830663.500000,1779850.000000,1775261.500000,1746222.500000,1829874.000000,1788641.000000,1794197.000000,1785923.000000,
1812072.500000,1767799.500000,1805753.500000,1756385.500000,1748024.500000,1778620.000000,1821526.500000,1738288.500000,1765043.500000,1785096.500000,
1798013.000000,1773136.500000,1874053.000000,1821170.500000,1797078.000000,1813117.000000,1858747.000000,1838580.000000,1794075.000000,1804347.000000,
1798555.500000,1794394.000000,1879124.500000,1743651.000000,1783882.500000,1825986.500000,1889672.500000,1784517.500000,1795254.000000,1794289.000000,
1797983.000000,1788602.500000,1839315.000000,1800931.500000,1796331.000000,1770495.000000,1869996.500000,1803087.000000,1855732.500000,1822938.000000,
1738050.000000,1776549.500000,1792037.500000,1768300.500000,1765708.000000,1757681.500000,1918753.500000,1751776.000000,1810323.000000,1798417.500000,
1872965.000000,1754349.000000,1771440.500000,1908382.500000,1766861.500000,1793987.000000,1836636.000000,1733515.000000,1790999.500000,1751639.000000,
1948890.500000,1727037.500000,1871370.000000,1975804.000000,1769034.500000,1798685.000000,1817157.000000,1769542.500000,1805412.500000,1727927.500000,
1836286.500000,1735876.000000,1833364.500000,1870898.000000,1799734.000000,1779969.000000,1872530.000000,1778265.000000,1775600.500000,1782645.000000,
1835420.500000,1834513.500000,1767902.500000,1764754.000000,1783901.000000,1768987.500000,1888954.000000,1803669.000000,1781925.000000,1794130.000000,
1806955.500000,1769606.500000,1732075.000000,1766559.500000,1741334.500000,1790212.500000,1852782.000000,1814436.500000,1774463.000000,1767070.500000,
1786550.500000,1756700.500000,1784434.000000,1876543.500000,1749799.500000,1777471.000000,1813683.500000,1743420.000000,1757316.000000,1802435.500000,
1878580.000000,1732216.500000,1785950.500000,1734694.500000,1741594.500000,1817413.000000,1802379.000000,1753405.000000,1832769.500000,1848009.500000,
1772063.000000,1749174.000000,1773779.000000,1786443.000000,1786840.000000,1888380.000000,1823533.500000,1752941.500000,1958827.500000,1785443.500000,
1773522.500000,1767419.500000,1757862.500000,1722749.500000,1764380.000000,1978762.000000,1807706.500000,1755887.500000,1781295.000000,1760288.500000,
1783960.500000,1931397.500000,1735652.500000,1800003.500000,1769111.500000,1849476.500000,1782944.000000,1729988.500000,1808300.000000,1732863.000000,
1754899.500000,1891241.000000,1799685.000000,1733370.500000,1765761.000000,1820498.500000,1832795.500000,1717925.500000,1829851.000000,1719676.000000,
1704926.000000,1812979.500000,1784357.000000,1721281.500000,1759991.500000,1799172.500000,1809609.500000,1742636.500000,1816261.500000,1781495.000000,
1722111.000000,1814160.000000,1764573.000000,1729468.500000,1785272.000000,1768081.000000,1823339.500000,1866034.500000,1785520.000000,1899524.500000,
1832029.000000,1749722.500000,1698242.500000,1744540.000000,1769603.000000,1828696.500000,1898313.000000,1854164.500000,1792579.000000,1877236.500000,
1845064.500000,1757757.000000,1780458.000000,1867743.500000,1781897.000000,1886585.000000,1949185.000000,1784663.500000,1826756.000000,1766062.500000,
1767077.500000,1710188.500000,1791086.000000,1825781.000000,1762164.500000,1869617.000000,1964766.000000,1826396.000000,1783385.500000,1743800.500000,
1727317.500000,1724377.500000,1848056.500000,1765805.000000,1752020.000000,1795644.000000,1993843.500000,1778928.500000,1789594.500000,1730577.500000,
1702272.000000,1724995.000000,1767925.500000,1738373.500000,1808171.000000,1722154.000000,1964875.500000,1796115.500000,1732351.000000,1807101.500000,
1729524.000000,1724689.500000,1771085.000000,1693362.500000,1775218.000000,1774100.500000,1917367.500000,1778045.500000,1708961.500000,1838825.000000,
1738730.000000,1707640.000000,1780326.000000,1705083.500000,1747739.500000,1764737.000000,1951826.000000,1782237.500000,1709409.500000,1791264.500000,
1724344.500000,1668896.500000,1872756.000000,1711126.000000,1708088.000000,1907123.500000,1874390.500000,1797975.500000,1730910.500000,1767834.500000,
1703439.000000,1652770.500000,1779217.000000,1747039.000000,1715932.000000,1804692.000000,1875217.500000,1786523.500000,1847583.500000,1782956.500000,
1696164.500000,1693317.000000,1722706.000000,1661904.500000,1724623.000000,1842647.500000,1869105.000000,1782331.500000,1812627.000000,1735810.000000,
1735070.500000,1717556.500000,1738853.000000,1718077.000000,1711956.000000,1760718.000000,1876178.000000,1718721.000000,1802423.000000,1780481.500000,
1754953.000000,1726738.000000,1760427.500000,1726095.500000,1695644.500000,1730626.500000,1851074.500000,1725862.000000,1765623.000000,1714702.000000,
1666179.000000,1677450.000000,1735073.000000,1715034.000000,1708343.000000,1700698.500000,1842009.000000,1718215.500000,1730772.500000,1710171.500000,
1665254.000000,1685274.000000,1724448.500000,1698289.500000,1736568.000000,1688793.000000,1896497.500000,1706047.500000,1728405.000000,1711466.000000,
1644147.000000,1679598.500000,1716580.500000,1698900.500000,1748561.000000,1694083.000000,1988402.500000,1698072.500000,1711216.500000,1695832.500000,
1692703.000000,1762785.000000,1709664.000000,1790369.500000,1706761.500000,1699796.000000,2114953.500000,1697023.000000,1701415.500000,1685187.500000,
1835364.500000,1733236.000000,1724931.000000,1702006.500000,1721836.000000,1717298.000000,2137073.000000,1675416.000000,1686162.000000,1657410.500000,
1813740.000000,1696624.500000,1717031.000000,1687897.500000,1754207.500000,1708198.000000,2290088.000000,1681883.000000,1841509.500000,1748083.500000,
1729868.500000,1674788.000000,1703615.500000,1687823.000000,1898366.500000,1668755.500000,2417191.500000,1689190.500000,1767454.500000,1854645.500000,
1678609.000000,1749501.000000,1698809.000000,1690424.500000,1763522.000000,1673798.500000,2797222.500000,1696168.000000,1736965.500000,1758943.000000,
1751722.000000,1749502.500000,1733914.500000,1679039.000000,1709012.500000,1734815.500000,2301843.000000,1656537.000000,1712211.500000,1723284.000000,
1719266.500000,1739614.000000,1732006.500000,1690394.500000,1672434.500000,1771518.500000,2302263.000000,1651954.000000,1778648.500000,1706355.000000,
1652908.000000,1663516.000000,1712268.000000,1663809.000000,1715592.000000,1742419.500000,2391011.500000,1660753.500000,1737063.000000,1714754.500000,
1679864.000000,1657419.500000,1702287.000000,1710408.000000,1820838.500000,1707665.000000,3070058.000000,1778553.000000,1725949.000000,1695690.000000,
1661550.000000,1656217.500000,1696521.000000,1642688.000000,1775758.500000,1705754.500000,3771037.500000,1712610.500000,1675592.000000,1686037.500000,
1699756.500000,1642508.500000,1693396.000000,1746361.500000,1729974.000000,1695850.000000,2570931.500000,1716208.500000,1631967.500000,1722952.500000,
1649899.500000,1638712.500000,1708912.500000,1674036.500000,1709348.000000,1695783.000000,2225386.500000,1654465.500000,1703920.000000,1674317.000000,
1616111.500000,1652856.000000,1681975.000000,1650458.500000,1737563.000000,1653272.500000,2306152.500000,1700618.000000,1744982.000000,1686320.000000,
1709839.500000,1640608.000000,1700113.500000,1767819.500000,1769799.000000,1645179.000000,2375617.500000,1719101.000000,1879792.000000,1838731.500000,
1662785.000000,1640992.500000,1654297.500000,1661743.500000,1726547.000000,1674864.500000,2248105.500000,1851249.000000,1793789.500000,1767809.000000,
1718366.500000,1651570.500000,1639050.000000,1710786.000000,1682051.000000,1675059.500000,2238564.500000,1726846.000000,1696186.000000,1754913.500000,
1667819.500000,1652866.500000,1699389.500000,1637221.500000,1638060.000000,1732626.000000,2206102.500000,1702512.500000,1735887.500000,1683114.000000,
1671526.000000,1629216.000000,1677040.500000,1613172.500000,1646171.000000,1663017.500000,2394939.000000,1686540.500000,1691500.000000,1761912.000000,
1673269.000000,1607831.500000,1654156.000000,1625248.000000,1621198.500000,1681610.500000,2503338.000000,1684463.500000,1721968.000000,1756904.000000,
1642848.000000,1618367.500000,1628574.500000,1631839.000000,1605566.000000,1640340.500000,2552827.000000,1658154.500000,1705938.000000,1677132.000000,
1737623.500000,1672257.500000,1649899.000000,1675696.500000,1587007.500000,1672228.500000,2478972.500000,1626725.000000,1692298.500000,1662507.500000,
1781494.000000,1602813.000000,1707791.500000,1681007.000000,1618555.500000,1713469.500000,2139077.000000,1630944.500000,1679012.000000,1675731.500000,
1690038.000000,1601451.500000,1783912.500000,1629110.000000,1624156.000000,1765372.500000,2019715.500000,1673352.000000,1674960.000000,1628633.000000,
1662409.000000,1575339.500000,1715127.500000,1647426.000000,1627799.500000,1678066.500000,1987135.000000,1681047.000000,1674950.500000,1643099.500000,
1702950.000000,1597221.000000,1659108.500000,1625569.500000,1593799.000000,1665350.000000,2033329.500000,1666740.000000,1663020.500000,1638603.000000,
1700203.000000,1611103.500000,1651053.500000,1664287.500000,1598250.500000,1691801.500000,2034533.000000,1663595.500000,1654160.000000,1661172.000000,
1723511.500000,1604774.500000,1771639.000000,1718208.000000,1650912.000000,1731443.000000,1963907.500000,1636208.000000,1679336.000000,1625718.000000,
1645704.000000,1614311.500000,1672503.000000,1574111.000000,1785290.000000,1701491.500000,1917225.000000,1653349.000000,1703871.500000,1664463.500000,
1667478.500000,1592444.500000,1699225.500000,1611166.500000,1766313.000000,1647511.000000,1934544.500000,1655940.000000,1667111.500000,1630198.000000,
1670765.500000,1631196.500000,1680033.000000,1777466.000000,1701614.000000,1671937.000000,1925694.000000,1652287.000000,1657545.000000,1627525.000000,
1645907.500000,1616260.500000,1652789.500000,1715545.000000,1626568.000000,1614264.500000,2018071.000000,1618508.500000,1634814.000000,1636016.500000,
1600383.000000,1647467.000000,1653690.500000,1713637.500000,1603061.000000,1668827.500000,1918302.500000,1616880.000000,1670813.000000,1641495.000000,
1711251.000000,1576817.500000,1615224.000000,1796369.000000,1687570.000000,1638438.000000,1926134.500000,1616744.500000,1635496.500000,1785431.000000,
1691873.500000,1557851.000000,1624910.000000,1696777.000000,1734870.000000,1651764.500000,1849809.000000,1700610.000000,1630125.000000,1665075.500000,
1705921.500000,1576492.500000,1597934.500000,1671696.000000,1676184.000000,1638560.000000,1851577.000000,1737781.500000,1630583.000000,1631239.500000,
1671626.500000,1600631.500000,1585144.500000,1672411.500000,1647432.500000,1684787.500000,1814978.500000,1717314.500000,1620820.500000,1588106.500000,
1608147.500000,1563492.500000,1665419.000000,1652850.000000,1627555.000000,1598801.000000,1792635.500000,1651007.000000,1670989.000000,1595295.000000,
1598939.500000,1594677.000000,1640279.500000,1609729.500000,1600229.500000,1631630.500000,1764741.000000,1616068.000000,1773922.000000,1620758.000000,
1610361.500000,1552383.000000,1644430.500000,1619102.000000,1617418.500000,1609650.500000,1731428.000000,1603056.500000,1641922.000000,1659687.000000,
1612745.500000,1529902.000000,1663593.000000,1607666.500000,1601646.500000,1586294.500000,1709672.000000,1617520.500000,1639335.000000,1620743.500000,
1630964.500000,1583615.000000,1619125.500000,1658813.500000,1600232.500000,1632712.000000,1759435.000000,1602420.500000,1598922.500000,1588870.000000,
1568606.000000,1595581.000000,1606253.500000,1627488.000000,1578441.500000,1640731.500000,1759134.500000,1595521.500000,1667154.500000,1580458.000000,
1547760.000000,1550286.500000,1653196.500000,1601642.000000,1597921.000000,1641706.000000,1731378.500000,1621166.500000,1662288.500000,1598039.500000,
1597367.000000,1517400.000000,1626738.000000,1572897.500000,1591961.500000,1582077.500000,1705142.000000,1723032.000000,1636994.500000,1588801.500000,
1600803.500000,1520472.000000,1569963.500000,1565727.500000,1572482.000000,1590195.000000,1690400.500000,1651892.500000,1629887.500000,1602620.000000,
1660746.500000,1554411.500000,1596826.000000,1638049.000000,1574494.500000,1595524.500000,1708885.500000,1604452.500000,1581730.000000,1599458.000000,
1666753.000000,1679412.500000,1598971.500000,1755103.500000,1568898.000000,1625081.500000,1695537.000000,1584550.500000,1597296.500000,1751974.000000,
1590511.500000,1787225.000000,1652604.500000,1637081.500000,1543129.000000,1680426.500000,1681306.500000,1628199.000000,1730925.000000,1693508.000000,
1603678.500000,1678511.000000,1622666.000000,1601141.000000,1690430.000000,1604057.000000,1663858.000000,1661697.500000,1640356.500000,1705232.000000,
1620028.500000,1574575.000000,1594154.000000,1576409.000000,1691278.000000,1562669.000000,1664794.500000,1645810.500000,1642536.000000,1728219.500000,
1610815.000000,1576851.000000,1556103.500000,1593684.000000,1680478.000000,1574388.500000,1662159.000000,1593256.500000,1572426.500000,1623246.500000,
1619297.500000,1564686.500000,1571879.000000,1623854.000000,1643282.000000,1583060.000000,1650891.500000,1553757.500000,1572366.500000,1607893.500000,
1635503.000000,1551102.000000,1669006.500000,1595493.500000,1587177.000000,1619512.000000,1647864.000000,1608465.000000,1603589.500000,1577870.000000,
1574189.500000,1524423.000000,1658034.000000,1591649.000000,1552835.000000,1641858.500000,1650127.000000,1597999.500000,1595567.000000,1558571.000000,
1613462.000000,1509324.000000,1581340.500000,1549227.500000,1540887.500000,1596252.000000,1675213.000000,1558920.000000,1564867.500000,1571562.500000,
1588853.500000,1523424.500000,1561157.000000,1584274.500000,1526007.500000,1572335.000000,1648443.500000,1534896.000000,1576665.000000,1590984.000000,
1580959.000000,1546188.500000,1581250.500000,1607179.000000,1558251.000000,1593649.500000,1633060.500000,1520530.500000,1554649.000000,1577815.000000,
1524666.500000,1518385.500000,1586797.000000,1581007.500000,1482555.000000,1600908.000000,1635791.500000,1569257.000000,1555839.500000,1545767.500000,
1542052.500000,1528872.500000,1579884.500000,1556219.000000,1539442.500000,1540716.500000,1610797.000000,1605247.500000,1557748.000000,1589094.000000,
1580851.000000,1553746.500000,1554599.000000,1536132.000000,1574874.000000,1528273.500000,1575963.000000,1577669.000000,1537105.500000,1593133.500000,
1565639.000000,1576270.000000,1567432.000000,1517701.500000,1547269.500000,1539383.000000,1537633.500000,1534095.500000,1531149.000000,1627401.500000,
1566616.000000,1542635.500000,1565479.500000,1587568.000000,1505969.000000,1558196.500000,1511764.500000,1518610.000000,1485272.500000,1643753.500000,
1516531.500000,1512739.000000,1549887.500000,1567719.500000,1538001.000000,1588967.000000,1499286.000000,1539729.500000,1554440.000000,1550189.000000,
1532462.500000,1519869.500000,1527722.000000,1524959.000000,1542864.500000,1520999.000000,1496811.500000,1567295.000000,1566469.500000,1572942.500000,
1547590.500000,1497205.000000,1544319.500000,1501567.500000,1588588.000000,1496098.500000,1511273.500000,1579110.000000,1504206.000000,1532229.500000,
1561963.000000,1535294.500000,1509395.500000,1480535.000000,1638619.000000,1537119.500000,1531600.500000,1579984.000000,1494083.000000,1529249.000000,
1557682.000000,1647770.500000,1499145.000000,1548739.500000,1544294.000000,1597796.500000,1533209.500000,1515787.000000,1482543.500000,1644885.500000,
1630420.000000,1747346.500000,1575352.000000,1570544.000000,1518503.500000,1563301.500000,1517842.500000,1493173.500000,1520353.000000,1541072.000000,
1517425.500000,1646591.000000,1534253.500000,1544058.500000,1496558.500000,1583055.000000,1500305.500000,1518682.500000,1553499.500000,1535547.500000,
1528524.500000,1689154.000000,1539766.500000,1500524.000000,1573685.000000,1493439.500000,1483768.500000,1578067.500000,1547693.500000,1545332.500000,
1547853.000000,1575740.500000,1559872.500000,1500131.000000,1515517.000000,1536460.500000,1546895.500000,1559050.000000,1506525.000000,1544341.000000,
1550747.500000,1541465.000000,1529293.000000,1486920.000000,1579900.000000,1483946.000000,1517909.500000,1519930.500000,1541875.000000,1506240.000000,
1522832.500000,1501794.000000,1509576.000000,1583195.000000,1615200.500000,1545070.000000,1490311.500000,1503564.000000,1533345.500000,1496739.000000,
1511478.500000,1487456.000000,1524358.500000,1551516.500000,1574880.000000,1567922.000000,1484739.000000,1496253.500000,1576959.000000,1556418.500000,
1497955.500000,1475954.500000,1506071.500000,1507788.000000,1584242.000000,1473985.000000,1474967.000000,1534945.000000,1734843.000000,1620801.000000,
1542139.500000,1458672.500000,1531656.000000,1492414.000000,1602902.500000,1501053.000000,1487549.500000,1662070.500000,1640946.000000,1660944.000000,
1533005.000000,1470560.500000,1493572.000000,1501278.000000,1608006.500000,1503541.500000,1482931.500000,1623293.500000,1567174.000000,1698963.500000,
1568384.000000,1497366.500000,1524309.000000,1530919.500000,1559285.000000,1509156.000000,1537249.500000,1620123.500000,1540418.500000,1583433.000000,
1635023.000000,1500638.000000,1529745.000000,1610228.500000,1511821.000000,1539024.500000,1544145.000000,1527485.000000,1545189.000000,1568730.000000,
1587334.000000,1487896.500000,1523634.500000,1523225.500000,1515072.500000,1699667.000000,1486512.000000,1561912.000000,1499245.000000,1533293.500000,
1518930.000000,1475623.000000,1486125.000000,1469834.500000,1484707.000000,1634747.500000,1473785.000000,1562419.000000,1488393.000000,1507716.500000,
1492136.000000,1472725.000000,1545087.500000,1486867.500000,1477086.500000,1578579.000000,1486789.500000,1528211.000000,1501842.500000,1542926.500000,
1518486.000000,1526871.500000,1500017.000000,1534595.500000,1448094.500000,1495206.000000,1497096.000000,1562253.000000,1497289.500000,1498913.000000,
1575676.500000,1490493.500000,1491052.000000,1562220.000000,1460017.500000,1542997.500000,1507987.000000,1520349.000000,1469343.000000,1499489.000000,
1544430.000000,1540485.500000,1515764.000000,1626659.500000,1485788.000000,1531485.500000,1472304.500000,1475090.000000,1530389.000000,1477686.000000,
1517986.500000,1465257.500000,1581514.000000,1557717.500000,1486380.500000,1573409.000000,1441044.500000,1501459.500000,1479243.500000,1529841.500000,
1498247.500000,1451262.000000,1579287.000000,1514035.500000,1479760.500000,1570557.000000,1446187.500000,1456067.500000,1466360.500000,1500114.000000,
1444516.500000,1423687.000000,1548570.000000,1450099.500000,1434180.000000,1492659.500000,1470343.500000,1512572.500000,1429222.000000,1512263.000000,
1513644.500000,1463346.000000,1506226.000000,1548301.000000,1438540.500000,1545114.500000,1521531.500000,1570647.000000,1443552.500000,1507632.500000,
1446238.000000,1490260.500000,1543246.500000,1606843.500000,1460952.500000,1567858.500000,1518317.500000,1488760.500000,1470276.500000,1536317.500000,
1452563.500000,1470464.000000,1579257.000000,1520482.000000,1511278.000000,1478868.000000,1545532.000000,1488875.000000,1479203.500000,1586297.000000,
1464447.500000,1437748.500000,1527082.500000,1463814.000000,1457869.500000,1458366.000000,1457816.000000,1486051.000000,1481587.000000,1513735.000000,
1420739.000000,1489531.000000,1528038.000000,1434181.000000,1448892.000000,1461593.000000,1436366.500000,1452075.000000,1461885.000000,1490726.000000,
1464303.500000,1477236.500000,1436435.000000,1463895.500000,1439536.500000,1507052.000000,1431744.000000,1510460.500000,1471175.000000,1474973.500000,
1468619.000000,1490275.000000,1540949.000000,1562492.000000,1414033.500000,1524812.500000,1430422.500000,1518697.000000,1433885.500000,1456690.000000,
1434962.000000,1467422.000000,1481074.500000,1502328.500000,1474839.000000,1470043.500000,1425753.500000,1497223.500000,1479418.500000,1468991.500000,
1431040.000000,1464003.000000,1476331.500000,1448770.000000,1459954.500000,1467980.000000,1408651.500000,1508267.000000,1448149.000000,1444276.000000,
1441975.500000,1426402.500000,1515169.000000,1448506.500000,1450608.500000,1411741.500000,1407950.500000,1413149.000000,1425724.500000,1451737.500000,
1441623.000000,1415252.000000,1450149.500000,1407376.000000,1481569.500000,1440353.000000,1424540.000000,1444254.000000,1413102.500000,1455804.500000,
1442766.500000,1409388.000000,1460621.000000,1509780.500000,1435949.500000,1560494.500000,1440461.500000,1488826.000000,1413909.000000,1472997.500000,
1453078.500000,1495398.500000,1470879.500000,1509048.500000,1441175.000000,1511221.500000,1416963.000000,1469340.500000,1386654.000000,1440739.500000,
,,,,,,,,,,
nds_n0=1,nds_n0=1,nds_n0=1,nds_n0=1,nds_n0=1,nds_n0=1,nds_n0=1,nds_n0=1,nds_n0=1,nds_n0=1,
1712983,1705843,1676695,1671552,1645661,1750955,1642648,1712339,1779019,1674307,
1600572,1649495,1651324,1575443,1637071,1647136,1584422,1650830,1851844,1626141,
1598615,1579710,1754555,1604104,1611331,1598544,1582332,1717519,1794055,1591130,
1593810,1562725,1620068,1564367,1595813,1596180,1549191,1612840,1661241,1604389,
1546829,1598914,1664917,1618585,1585427,1553288,1535958,1643486,1565205,1759425,
1615024,1574479,1576017,1556455,1585626,1588700,1561575,1570898,1551196,1696667,
1599430,1602883,1604379,1550387,1575632,1682032,1554688,1671645,1613963,1715985,
1662470,1655320,1676142,1742390,1568003,1739189,1598784,1626492,1576254,1589212,
1628005,1662661,1644972,1687089,1560035,1712717,1608287,1617909,1567898,1771405,
1566384,1610016,1749459,1743882,1591363,1646113,1572556,1586333,1701991,1737000,
1589785,1637798,1618853,1731438,1585275,1641951,1524425,1565935,1675467,1695998,
1620496,1598092,1617453,1638541,1617401,1596761,1574265,1662148,2047779,1703680,
1557464,1622012,1619941,1658566,1581869,1616030,1600805,1665453,1693755,1687365,
1608528,1592888,1714696,1559254,1698908,1576420,1574332,1586890,1695429,1628278,
1561485,1565872,1612979,1620766,1680831,1590087,1563623,1584655,1715338,1632445,
1618890,1545375,1578002,1592759,1708588,1664226,1548183,1613871,1606517,1757428,
1582254,1539156,1566511,1534367,1623756,1756131,1609945,1639661,1577352,1639409,
1707519,1565475,1610382,1820471,1575663,1656891,1584255,1601998,1572119,1625531,
1824205,1658473,1599763,1801713,1545262,1622633,1637522,1659053,1560966,1603336,
1762445,1675573,1688789,1826968,1534344,1695725,1649969,1542264,1679276,1559135,
1645163,1597599,1579107,1755633,1561345,1723635,1625249,1536860,1620129,1699361,
1531542,1562493,1636055,1639052,1534772,1614716,1542094,1562951,1563830,1702792,
1570503,1568124,1592927,1617409,1526642,1549158,1511805,1664177,1568259,1652134,
1608647,1559043,1601370,1558278,1815415,1545552,1512036,1692867,1597380,1693989,
1521974,1522165,1576096,1597876,1704809,1537410,1506872,1814876,1567752,1601152,
1559269,1574012,1559386,1566985,1714759,1570789,1520817,1630481,1528371,1606934,
1524355,1564188,1551570,1545736,1555220,1529682,1556471,1650336,1515488,1599148,
1560607,1573618,1555241,1692247,1609594,1562443,1543552,1681644,1508879,1525374,
1669839,1553501,1558131,1716481,1567352,1573435,1561448,1651768,1515809,1540346,
1670925,1573284,1608931,1670801,1557925,1630271,1523805,1559088,1541785,1536279,
1620839,1577381,1665336,1581599,1529408,1620205,1510414,1523983,1598806,1598906,
1605920,1689384,1780284,1545272,1589113,1566956,1499657,1664457,1545920,1577579,
1636716,1789391,1750078,1520168,1527514,1582822,1469907,1543788,1530141,1528212,
1650758,1661190,1660035,1566025,1609595,1614598,1456666,1630532,1514257,1622743,
1544616,1600410,1555960,1514158,1574282,1582513,1490913,1494975,1491963,1626310,
1613335,1670378,1489209,1504425,1552799,1541617,1504405,1492693,1487393,1587005,
1764310,1588485,1507715,1501224,1582135,1511658,1498253,1567270,1486877,1485901,
1653460,1513998,1603779,1567746,1493369,1541885,1545361,1635762,1483542,1461188,
1645792,1505812,1552007,1614765,1529286,1620753,1510538,1536051,1487318,1651239,
1608077,1566425,1590874,1599159,1562907,1604513,1513101,1579017,1506289,1694237,
1585349,1524650,1634909,1618689,1501196,1571098,1483368,1496047,1473197,1611845,
1519199,1540478,1612431,1577623,1524548,1574286,1445713,1512631,1548759,1577579,
1525703,1493908,1542063,1496173,1474765,1539073,1437571,1515380,1585017,1494218,
1496648,1504433,1529582,1480685,1475148,1494487,1466330,1569731,1523289,1462056,
1490152,1503536,1553572,1504375,1516297,1479901,1471963,1584702,1520106,1531892,
1480302,1615268,1531181,1511776,1620476,1518010,1470669,1479343,1530645,1542963,
1615094,1601753,1585377,1461101,1594390,1482885,1461374,1523062,1520986,1502985,
1490631,1543344,1536354,1473849,1513210,1477771,1453141,1467423,1519951,1512969,
1551446,1508735,1513104,1584390,1479178,1509916,1499691,1565793,1469412,1473443,
1497010,1639807,1517323,1590597,1484589,1503938,1513654,1508709,1491961,1554739,
1524315,1546886,1597697,1566612,1475018,1547398,1497409,1587012,1449834,1476340,
1517345,1539832,1578062,1483826,1484589,1552187,1462356,1470929,1451423,1581943,
1455157,1490992,1574399,1547231,1470906,1533802,1441182,1463266,1515048,1535558,
1472381,1525297,1493990,1517810,1503503,1489976,1409776,1547618,1475143,1500002,
1442300,1567698,1559373,1494538,1571588,1463838,1421230,1509688,1495586,1501384,
1465582,1508342,1553031,1475131,1714910,1463341,1443981,1505711,1539275,1517281,
1513894,1493611,1505911,1468703,1621984,1463582,1456439,1441152,1459745,1456312,
1488808,1470466,1498637,1456017,1519477,1483955,1498836,1440107,1526152,1451264,
1488800,1437035,1482444,1431782,1450343,1478332,1436291,1491465,1437749,1433168,
1438193,1472658,1475462,1487570,1471804,1513093,1426565,1547391,1434386,1425345,
1502048,1497166,1487124,1676668,1433794,1492220,1474362,1505717,1451169,1510701,
1567866,1520529,1516169,1529349,1539921,1521416,1456669,1529583,1475260,1440236,
1543167,1506487,1560470,1506263,1476360,1526880,1445536,1466139,1466696,1508738,
1465546,1473182,1561924,1462436,1459846,1514800,1425672,1452100,1476362,1604631,
1450362,1456042,1499265,1424700,1438033,1484405,1411012,1447202,1589075,1621763,
1431776,1493386,1461523,1418819,1478802,1434241,1410079,1471409,1628958,1740811,
1442993,1476919,1471638,1432843,1488210,1457858,1416335,1508098,1645797,1535741,
1569035,1472822,1511092,1439787,1621495,1468686,1411205,1423870,1587053,1590546,
1485710,1454295,1483334,1435980,1544611,1468954,1413343,1417513,1417858,1559540,
1449605,1427046,1469319,1407547,1476674,1466893,1408269,1395072,1397010,1522565,
1431480,1514995,1464565,1396190,1465463,1429785,1413435,1519031,1465293,1539208,
1481402,1419585,1424987,1495500,1416473,1454358,1417193,1433774,1412744,1454586,
1486884,1432009,1445313,1442252,1414572,1467424,1491187,1495692,1403305,1431238,
1450322,1474923,1506231,1460091,1433721,1526376,1441351,1426702,1449394,1592498,
1400538,1563487,1530836,1437731,1418738,1479687,1408907,1407191,1406080,1491906,
1392639,1668679,1468037,1469915,1408827,1467333,1451462,1390519,1563701,1520985,
1378730,1503863,1414981,1435120,1543535,1411309,1381893,1497596,1555472,1555096,
1374992,1475010,1404129,1409635,1602342,1407767,1412026,1495291,1422380,1433273,
1449173,1565797,1475262,1427233,1575531,1405021,1380576,1444026,1525958,1487305,
1396593,1518128,1471431,1418836,1554127,1396793,1386067,1437701,1506106,1414163,
1460747,1490434,1410964,1373676,1494948,1435788,1485650,1380701,1509073,1422218,
1393857,1442043,1492277,1411571,1491869,1435336,1415693,1449532,1453026,1461512,
1382988,1453810,1407167,1373873,1442928,1436445,1389898,1498244,1437288,1459185,
1480535,1432332,1399290,1495505,1410371,1474389,1541829,1483830,1479719,1490707,
1540390,1470227,1475850,1502712,1417725,1500554,1405393,1393192,1414400,1421281,
1400699,1412867,1553276,1631413,1413269,1455734,1455034,1377188,1398045,1499149,
1411280,1423065,1492804,1522742,1434373,1445854,1435812,1359124,1458327,1515737,
1362832,1370061,1384210,1430182,1452614,1389326,1486514,1360360,1439992,1480932,
1356833,1378127,1358361,1356462,1412749,1379509,1409391,1449459,1383170,1430298,
1377484,1414331,1426865,1387652,1510887,1420104,1364122,1569399,1420673,1514698,
1394405,1370391,1487199,1440001,1439224,1383928,1354942,1539961,1441300,1369213,
1362550,1392979,1382959,1428292,1436921,1379059,1412915,1434815,1369742,1358513,
1379165,1396931,1413620,1373062,1420768,1375458,1382032,1435117,1383318,1433233,
1348616,1358668,1350846,1397152,1406523,1373070,1366052,1525634,1347893,1341806,
1354080,1354004,1369555,1568171,1378541,1400167,1396149,1405879,1347766,1338020,
1433783,1420213,1499047,1641465,1434199,1410467,1378854,1479310,1370099,1468761,
1548219,1426530,1423947,1470938,1382600,1475427,1436031,1356872,1376752,1488818,
1525839,1401324,1556439,1457469,1388060,1512047,1470181,1339259,1344692,1447213,
1553271,1386222,1414795,1465413,1372716,1572901,1421452,1372451,1423165,1349675,
1435839,1383005,1354094,1378206,1377194,1509304,1356906,1427416,1404781,1310965,
1407488,1370126,1361541,1398943,1422249,1476684,1362584,1389835,1365961,1387799,
1390937,1335319,1387773,1386841,1384918,1429380,1330204,1366462,1484660,1372260,
1353629,1335598,1365097,1330827,1371239,1393113,1327044,1338426,1386602,1423916,
1361587,1352058,1424016,1331856,1395569,1459776,1359445,1426896,1354998,1407618,
1344128,1337778,1349369,1370749,1353764,1367597,1353275,1360891,1368292,1327716,
1372788,1325602,1379509,1383296,1344816,1395640,1332885,1352904,1327351,1335689,
1385931,1328164,1350429,1428392,1342421,1426115,1367839,1432166,1319091,1396470,
1394262,1323430,1362452,1406870,1337309,1444304,1447325,1476114,1349091,1396597,
1406655,1377634,1404464,1337314,1339531,1418434,1402572,1339272,1343947,1404182,
1334676,1357164,1565927,1352214,1336628,1384158,1352908,1362271,1318577,1385861,
1342990,1344997,1473684,1367974,1342088,1364984,1323252,1368381,1416656,1359159,
1327255,1337059,1620758,1310878,1362994,1381950,1354973,1357248,1339367,1357397,
1359118,1333977,1518621,1311531,1349876,1365803,1314757,1331163,1359718,1440330,
1343805,1313307,1364464,1371240,1368519,1363577,1308814,1410507,1436013,1367445,
1310172,1340328,1380465,1365076,1336158,1364375,1335202,1309930,1457237,1350913,
1361195,1331478,1323244,1319312,1370743,1324831,1307922,1336359,1439767,1328609,
1299013,1331906,1311999,1333503,1325179,1332030,1297151,1345346,1338994,1304679,
1300706,1317100,1332568,1453784,1321380,1342715,1325854,1380471,1389635,1308046,
1327568,1335442,1406987,1429865,1380632,1349661,1359205,1324688,1338255,1316359,
1346565,1326068,1370028,1331731,1315196,1359115,1307416,1370120,1358878,1311067,
1360955,1338510,1366064,1324321,1300054,1386465,1321880,1380588,1393572,1289974,
1387258,1352173,1455304,1274206,1330087,1357757,1338008,1303074,1340498,1403902,
1284453,1308118,1311759,1337122,1344359,1315702,1297172,1339024,1352598,1376444,
1279443,1322550,1326501,1293652,1384403,1305710,1284578,1339723,1399800,1325805,
1313850,1299601,1320655,1291107,1345849,1340295,1315722,1321558,1352403,1380162,
1275896,1305897,1333640,1307083,1327442,1309785,1288820,1416370,1309223,1309897,
1325717,1278153,1315675,1286636,1322209,1303104,1289582,1315023,1286144,1307060,
1280016,1271554,1282303,1307150,1339965,1298528,1329429,1284371,1305847,1315321,
1271702,1271047,1299914,1281654,1281403,1290628,1275936,1348621,1344724,1276958,
1292393,1277029,1301278,1279069,1268190,1314142,1303370,1338992,1303833,1338857,
1280951,1267285,1297539,1299112,1307036,1310915,1326471,1384220,1330003,1402471,
1307948,1260730,1318535,1397283,1265980,1323312,1296431,1348304,1292153,1389178,
1295713,1321183,1334424,1356376,1271446,1371516,1311709,1355979,1271404,1286210,
1327234,1350456,1334835,1343229,1303489,1317919,1347573,1279334,1261446,1338526,
1272395,1362768,1307097,1314891,1280997,1302385,1320745,1332990,1299041,1469946,
1260595,1383638,1278508,1385776,1291420,1287081,1264578,1259181,1366224,1514457,
1285203,1454163,1259074,1431900,1303537,1323572,1321575,1308382,1309318,1422644,
1255426,1310050,1264660,1430833,1261840,1268678,1273474,1350755,1307174,1368629,
1274742,1258186,1263497,1412300,1328208,1279772,1283216,1342478,1279834,1343719,
1302598,1243491,1263736,1312004,1291095,1249061,1273416,1254850,1319127,1419027,
1261599,1242415,1262394,1300762,1347054,1244351,1244013,1297147,1264608,1279778,
1248642,1310144,1247377,1265413,1250839,1243835,1269621,1309499,1251620,1301053,
1253196,1284080,1264087,1296381,1258521,1263125,1295467,1345304,1240791,1296842,
1241171,1284406,1294155,1314391,1285586,1271302,1367685,1352240,1240065,1288675,
1269926,1242422,1264590,1274238,1300897,1341702,1285244,1291151,1233421,1267706,
1306762,1238624,1273240,1258951,1306619,1342981,1275975,1246686,1239654,1414125,
1316077,1425654,1299551,1257948,1344424,1273263,1238078,1244855,1241413,1373821,
1251472,1321885,1282582,1290344,1281927,1309567,1314979,1206528,1228806,1357529,
1228845,1267548,1276215,1265273,1223204,1240500,1271766,1226029,1308713,1336284,
1258352,1462953,1277547,1259440,1284444,1227133,1255672,1302894,1333209,1309257,
1228821,1278689,1240328,1253305,1243175,1218433,1228717,1330839,1499199,1271389,
1227445,1251891,1249873,1251519,1277540,1260301,1251689,1287068,1449374,1293743,
1254442,1338502,1285711,1241276,1338519,1228329,1236337,1223790,1327262,1315953,
1228841,1228724,1223517,1247351,1401542,1223245,1216107,1194401,1300614,1273585,
1217195,1215879,1228485,1275213,1405316,1277111,1240331,1192485,1265441,1297949,
1248299,1228266,1274493,1262778,1300547,1289997,1261100,1253229,1306669,1277946,
1229327,1214969,1297264,1392815,1213946,1289854,1212234,1254980,1225108,1239178,
1218663,1209216,1268856,1338689,1205194,1288122,1208168,1296591,1210622,1281923,
1291378,1212757,1287929,1460949,1227285,1207906,1265421,1219631,1247020,1270959,
1319077,1251363,1263091,1388923,1234403,1295473,1274970,1236153,1196894,1268665,
1237762,1242039,1370639,1283823,1226276,1355397,1261617,1194852,1206836,1409398,
1205573,1353568,1292594,1257303,1209939,1391972,1264477,1199210,1346409,1317607,
1271855,1360169,1295314,1255622,1196573,1261532,1204603,1245209,1301030,1345600,
1204426,1217549,1273861,1262456,1197882,1230277,1235780,1298146,1223290,1263387,
1188005,1228164,1284591,1200764,1206353,1189330,1214476,1279525,1190933,1280148,
1276922,1252022,1241725,1228876,1350826,1184762,1228106,1262716,1337894,1252290,
1239151,1204095,1203354,1203313,1245295,1186814,1189702,1215175,1202969,1219618,
1208372,1253343,1224883,1209951,1270582,1224614,1218538,1204394,1214790,1188240,
1234624,1248383,1238387,1264566,1228886,1219860,1235082,1217066,1261975,1206267,
1194718,1194817,1192645,1296077,1267633,1225526,1223904,1284992,1188353,1245414,
1187724,1187879,1252791,1224814,1255959,1245352,1252677,1199455,1184576,1235299,
1184776,1215969,1297709,1274122,1219337,1222868,1191366,1197892,1203918,1228416,
1256060,1177479,1342072,1186545,1189228,1337668,1208728,1177875,1182216,1215332,
1342992,1241780,1494772,1206209,1201371,1265345,1242551,1169761,1231648,1193164,
1280328,1206494,1384775,1205488,1226296,1308509,1300066,1156772,1272628,1232381,
1230833,1192949,1333879,1212995,1200965,1263185,1249329,1201461,1216161,1186140,
1222631,1176941,1235721,1199044,1196481,1258121,1257837,1329300,1206685,1176570,
1263847,1203074,1187422,1221843,1179904,1223054,1247496,1355863,1169851,1210140,
1235297,1184127,1190193,1181529,1246310,1229304,1239183,1349091,1194832,1235948,
1262625,1167936,1185331,1163948,1196565,1185632,1166360,1371662,1170858,1232514,
1176496,1162823,1163962,1162969,1197132,1239479,1151452,1227513,1153495,1214170,
1200949,1230896,1199444,1163584,1207760,1167887,1160026,1298015,1177366,1192321,
1185814,1213831,1227520,1197091,1186892,1200398,1172444,1233414,1157614,1202132,
1203563,1201220,1216809,1248442,1154959,1348575,1166078,1220606,1173514,1185508,
1188879,1212400,1228515,1265266,1185674,1187610,1191232,1270886,1172316,1168562,
1240443,1204970,1213373,1224038,1191968,1188721,1149477,1177290,1207984,1245695,
1212622,1241758,1300968,1175044,1206385,1271704,1196885,1177622,1186742,1197832,
1200601,1262860,1241481,1151153,1195033,1203986,1198288,1161280,1148831,1283355,
1191177,1220637,1174273,1150907,1185073,1221345,1231024,1226281,1194385,1234956,
1140387,1182263,1199981,1194032,1153458,1187376,1161587,1232766,1213573,1236321,
1150799,1174261,1166355,1151871,1170397,1176611,1210582,1228443,1181878,1200535,
1170107,1147482,1197764,1211593,1182077,1165691,1173434,1247286,1165716,1178882,
1143341,1132930,1183233,1130499,1216014,1155878,1132572,1143741,1139265,1176288,
1160179,1155649,1193351,1191893,1167423,1151540,1119298,1151652,1198451,1257718,
1140701,1140061,1205141,1143116,1193820,1140421,1166293,1198757,1176529,1176738,
1145099,1136294,1139350,1180153,1151241,1158757,1155904,1204385,1169075,1159957,
1190993,1173179,1203780,1160498,1136352,1213042,1120788,1173145,1126965,1155759,
1137673,1169827,1205879,1198647,1126779,1189652,1116774,1150789,1118778,1147297,
1172210,1179685,1140681,1175756,1162691,1162543,1187710,1162026,1124316,1138400,
1187582,1203386,1271250,1182024,1131703,1223214,1123002,1155842,1147251,1195791,
1198606,1175515,1218054,1120276,1125774,1194179,1141414,1184391,1127731,1147071,
1198044,1221977,1207629,1131976,1154499,1197544,1162317,1161948,1131411,1179111,
1132319,1364848,1134921,1193587,1143106,1204823,1154583,1186637,1166872,1163046,
1107202,1406499,1152521,1182367,1121319,1160115,1124056,1151063,1166748,1154687,
1107265,1323635,1111674,1144516,1149995,1117142,1109773,1234931,1130391,1119361,
1126798,1141557,1162512,1186095,1126993,1130874,1128930,1290477,1147442,1107231,
1109957,1110259,1136876,1110104,1185531,1112051,1106318,1129784,1113339,1140820,
1105267,1106279,1157651,1124798,1154579,1147905,1100721,1124440,1106151,1153158,
1157724,1142274,1122362,1137770,1152413,1132314,1202647,1099130,1102469,1154871,
1276089,1099754,1136544,1126965,1122978,1144409,1127771,1177270,1117024,1151009,
1129486,1099950,1138863,1134858,1105187,1140955,1115944,1211336,1094951,1130979,
1153716,1129876,1217829,1169849,1094080,1170743,1152310,1133986,1121373,1125286,
1151640,1132014,1163824,1148562,1096801,1163366,1120205,1118346,1108916,1133995,
1129552,1094155,1214128,1114175,1092307,1141847,1105785,1126351,1112913,1168922,
1144801,1121703,1233355,1170406,1084168,1172943,1087997,1139173,1092553,1212643,
1165723,1275957,1193495,1131962,1109021,1141361,1136856,1125480,1090080,1156117,
1127403,1231833,1131477,1151309,1088397,1156085,1123807,1141813,1086323,1242667,
1102648,1118748,1093633,1173151,1094768,1133306,1163373,1086991,1088927,1280807,
1083996,1213242,1081703,1115390,1083405,1089080,1137695,1183982,1160256,1211759,
1165584,1110690,1111812,1132062,1131466,1079209,1116341,1239788,1173344,1107453,
1098421,1091850,1118638,1168449,1115117,1108888,1078152,1164980,1212058,1137252,
1096545,1164750,1162146,1082782,1192102,1131734,1073254,1091115,1247994,1100334,
1108991,1099435,1099451,1130532,1137971,1107872,1068766,1111278,1124964,1091750,
1151675,1089280,1087053,1108820,1140051,1094806,1100027,1129815,1189193,1128628,
1110976,1152280,1084540,1096835,1114760,1079141,1062769,1078563,1347169,1095403,
1160967,1140654,1134081,1074064,1106856,1070612,1059381,1097368,1251304,1084148,
1133556,1094468,1087014,1111745,1112285,1065544,1095708,1093308,1287576,1082780,
1084346,1068045,1069484,1100740,1070793,1089248,1091842,1080943,1086814,1119074,
1102401,1060333,1170201,1120113,1065443,1109125,1105766,1095241,1086908,1170577,
1123409,1093224,1209018,1079528,1111606,1163337,1061482,1086307,1063841,1168405,
1112867,1110619,1123112,1075289,1126675,1103720,1090717,1108575,1106208,1177007,
1084466,1075056,1093576,1155653,1066126,1140101,1162109,1069434,1078467,1108135,
1057645,1063522,1054700,1086264,1081540,1084993,1103263,1085976,1186043,1122384,
1058713,1089371,1051559,1073992,1060435,1053494,1080502,1159812,1123410,1075581,
1055025,1045386,1078152,1055703,1106334,1051253,1058428,1138490,1042466,1114464,
1050042,1042149,1066483,1079814,1073616,1073499,1052215,1198367,1155418,1079577,
1046766,1056504,1124648,1047241,1067100,1049703,1054880,1077300,1044669,1069224,
1048267,1070987,1073185,1074474,1142438,1045532,1048965,1107921,1111455,1065212,
1076795,1054530,1108316,1070529,1129763,1044835,1090937,1076668,1196266,1114891,
1041469,1041579,1051232,1088290,1186851,1047774,1060450,1081689,1108394,1220270,
1038834,1039592,1138583,1051230,1227133,1040365,1068378,1079019,1049440,1192887,
1059914,1037997,1101390,1075718,1099452,1038970,1078258,1045937,1074408,1122261,
1057465,1055038,1081144,1071705,1106484,1106159,1038527,1081485,1037505,1072694,
1045778,1079807,1138677,1057850,1067342,1068367,1027738,1042875,1065394,1151365,
1116594,1072228,1121500,1074035,1109335,1210515,1032387,1041439,1066793,1124987,
1124575,1146112,1198964,1041401,1091879,1122236,1102783,1090948,1039994,1107670,
1137726,1104337,1059431,1066095,1032295,1157914,1107790,1034322,1100037,1039560,
1049143,1057382,1026559,1040846,1047729,1069149,1160263,1028576,1101486,1062440,
1063756,1057798,1023592,1027299,1055181,1039948,1071292,1121027,1093937,1048362,
1059635,1039139,1082154,1015767,1029909,1027583,1034289,1093800,1089793,1065568,
1023962,1020915,1084792,1011616,1024061,1058705,1024049,1177526,1032294,1112394,
1022318,1048071,1096610,1049863,1021185,1023762,1045957,1115246,1022271,1063177,
1021923,1045581,1041516,1021400,1164100,1021403,1014736,1068482,1045680,1109063,
1044814,1044593,1070208,1043060,1133827,1020697,1062505,1022070,1120719,1082117,
1032076,1018432,1026727,1072659,1123741,1051572,1022017,1024676,1025723,1058009,
1014965,1043918,1014834,1048640,1017554,1016245,1043200,1042811,1044644,1021873,
1016314,1033222,1037958,1022719,1043721,1014325,1066687,1046617,1039733,1036776,
1007380,1013589,1086359,1008091,1011230,1014739,1002054,1029127,1045655,1021232,
1053549,1006875,1112678,1083861,1010210,1080032,1048165,1053267,1020264,1105427,
1010988,1037593,1076520,1061394,1005209,1109940,1060811,1021578,1005868,1046860,
1043032,1000228,1121453,1133189,1038873,1113313,1041735,1072378,1006804,1031069,
1047963,1148633,1127470,1165627,1033012,1086520,1031254,1011576,1001304,1018825,
1053759,1039629,1184780,1067771,1014611,1047505,1104290,1063442,997195,1011285,
1052249,1048307,1141247,1207523,1035211,1011499,1027101,1021055,991735,1011794,
1022309,1004969,1066391,1060037,1048642,999047,1059605,1062959,1080290,1018262,
997841,997798,1069729,1026914,1036120,1043151,991683,1060565,1019496,1016377,
991486,993735,1034300,1021451,1012393,1045890,987696,1203417,1002613,1011786,
992540,1053503,1027943,1022661,1002777,1002131,982246,1241615,992200,1039961,
1009294,994140,1075270,1019623,1129172,995526,1009742,1058589,989237,1073875,
992381,986119,1033313,1028491,1074666,995026,1010973,1022775,991939,1072919,
1017008,982045,1036765,996146,1038970,991835,985894,1042228,986072,1034968,
985019,983221,1040352,1014385,1022111,989435,1013654,1030686,989208,1067747,
989633,1006127,1026091,996371,991159,982630,973833,1092772,984493,999747,
985556,977873,1032007,1064142,984348,1011895,979213,1022033,980682,1002423,
1024616,975324,1052952,1003872,981081,1073535,1045893,1031743,1051883,1009150,
998167,972656,1192664,1035766,981974,1004925,980549,1066473,997791,1097202,
1032604,963897,1119447,1066793,1022035,1034615,975360,1010632,983588,1006867,
1058161,1031151,1032261,1000707,998978,1073962,1003554,998126,1003892,1002964,
1040668,1015293,1053990,981008,977716,1058164,1027699,1026516,971968,992242,
1108515,1009342,1012407,993611,973954,1128633,1026972,1030643,966853,1049865,
1134319,982833,1026565,971920,1003273,1060130,1043130,1010875,1041329,1020284,
1068552,965554,1018266,994727,968279,1064275,1042205,990689,986099,988927,
997879,956647,1009206,963152,994381,1030508,996053,1107850,974342,985197,
985860,980111,1037451,1037954,963665,1051456,967239,1051416,966697,1038606,
1003638,959986,1018870,1016510,1018984,1027810,993723,991121,961995,1007670,
1069695,947922,973800,1011415,1105804,1076209,1001672,1018878,958485,988303,
1095065,975350,972574,1008385,981865,1022447,958043,987353,1026121,984081,
992856,947859,1000694,981261,1022462,989906,956666,960288,972498,1029926,
961834,945747,1034396,952192,990482,1048808,970269,946779,962501,979126,
975928,986021,975335,974990,989870,1010998,968994,942388,954602,961142,
973995,990814,1052477,1053528,955765,1009437,960094,1024800,950049,956965,
971486,965289,1027242,1003774,973828,971749,948551,1022297,950002,959608,
955434,972907,972185,1018633,953649,1070986,1010187,982629,947277,1066558,
998900,941329,1029702,963863,982702,994798,990608,977689,972787,1014390,
967166,1012816,962849,945846,947270,978276,949258,984331,941106,989674,
986633,1017145,962782,992715,960452,988101,1056903,940456,943126,983629,
969018,1076921,993603,967747,961216,973952,1001879,989894,943986,948468,
942925,1062227,989634,948026,988702,992103,992287,1002625,989677,941457,
939725,1034807,958448,945518,952055,961551,948168,1104511,977829,952595,
966108,1003778,956288,972907,959649,950367,964639,1030954,950153,951468,
947201,950815,950240,982794,993131,945869,1011905,947286,966772,964568,
966735,936635,949773,964823,985844,997124,988641,928051,938042,964088,
976356,938142,947252,940241,995971,951735,966608,970745,933683,954530,
985910,961533,949725,995810,970117,946727,932496,930969,930749,945503,
967831,974514,974530,932860,992847,947969,1024690,968126,942648,946436,
951824,928423,951600,927438,934322,977035,949823,966238,938375,965979,
934150,925117,972060,924605,927218,978342,954882,1022153,926406,952114,
927345,922487,1004368,999499,923474,1008273,924061,1011816,923663,940303,
956559,953754,967141,1003182,956410,947497,978091,932203,920412,1039095,
927085,918580,944345,983520,922110,1008333,991825,964976,923517,990972,
920669,917341,964115,963144,921357,983458,999878,994267,918917,975598,
967869,925872,935039,926548,919074,946183,926006,927753,922282,945503,
978691,981056,923690,948841,950308,967459,938080,915308,912998,972957,
939771,1077189,963464,977372,945096,985866,977324,981363,916374,1039338,
924036,992966,924107,922675,959702,967978,926461,1020688,910787,975617,
937157,990810,945692,918435,919324,939766,976369,1011390,1003387,928364,
917683,958639,927527,944315,912590,959913,920804,965877,960760,954828,
952385,907667,982695,962954,908127,944922,964901,906687,925689,939547,
910726,1010786,927225,928472,904050,957854,941750,931038,904109,923492,
974576,923789,922917,974116,932364,929318,938239,912280,901737,921637,
1015510,977815,921196,978512,929882,921260,900869,912039,901168,921653,
958830,925622,945260,916108,943988,948758,943335,950631,892810,915745,
902766,901287,920395,903652,978416,950795,903842,920862,997256,913790,
896877,907460,916919,895643,914421,931478,892927,924337,900136,914619,
894077,915208,971337,922735,897053,919143,897542,894561,893674,911175,
918322,932670,921753,956910,896734,943615,891863,938013,886995,941709,
900569,896549,935835,961075,891649,970037,900867,902543,894068,946664,
920459,892344,903006,920595,888882,1014923,939359,938905,890336,1015585,
930137,887411,923379,896660,934655,940412,918088,900577,886279,1023791,
899013,994275,916101,923904,928037,921022,882997,890473,886031,961722,
954283,966872,927942,886785,924542,907894,922353,894470,883513,921419,
886650,899230,889097,936878,891456,907837,940446,933131,884147,918915,
916874,882450,881165,885275,906557,909651,930656,983077,880762,900148,
886475,900466,909441,913237,885954,900487,890286,963844,910877,947377,
933821,896435,907196,907660,885817,895801,902353,984864,907522,893994,
880994,908908,904347,908541,913232,888249,926376,996931,910930,887721,
880015,877716,873145,882201,881400,887401,895549,961640,948452,922393,
877239,874163,870938,935035,924436,889552,932363,888506,1061303,933168,
912520,918943,882173,909782,892862,892035,879066,871895,943553,924386,
910962,900379,948686,872531,878947,892480,897669,908077,924859,875253,
875713,905242,930034,868949,893348,917333,872478,920194,932286,875102,
871859,873429,876538,897030,872397,900047,874952,874746,894303,872814,
869616,873795,889340,897035,870286,894321,877242,869636,1016892,918190,
906500,867258,904510,944488,871053,950534,917337,908069,909921,936033,
893532,861988,912120,1009507,890498,894698,892462,878772,901736,942333,
869762,859418,894942,955627,903128,931863,893254,865413,867384,907204,
865390,855057,925605,1008072,919246,888982,886539,860050,867065,920375,
912935,852818,930303,948112,896021,915431,890754,866049,888834,883109,
897091,874437,871329,893021,871047,930191,873103,860642,948307,872510,
903011,931189,855266,887552,916627,923023,937953,953865,868827,894705,
863783,865259,851904,872696,913307,863425,891459,958884,859755,873016,
854912,849529,907075,894436,903421,856879,910679,913639,854901,903381,
929423,857306,847683,866689,1072641,877831,932223,874359,913893,868981,
889749,855622,843562,867558,925012,853711,922838,923193,904095,869622,
851295,851612,880039,866466,847556,878690,886577,976335,861412,865998,
849343,845528,846321,858858,846254,848445,871070,854612,853694,926396,
847954,874255,883722,846611,908380,847066,890522,842546,904933,873566,
875510,841329,881321,867223,911200,849819,875303,844701,893419,861228,
869426,838203,844124,853092,947307,894744,840422,911353,894334,857271,
842757,839774,835200,865289,937543,844603,840250,868129,881610,864751,
837660,837630,892838,864431,932793,840985,841589,845710,873188,885151,
873529,880527,840448,895874,1000488,863245,892902,872951,840171,853434,
841490,838269,957696,884571,873869,870878,863524,902072,871490,882130,
848089,833248,967666,852023,915268,835553,851272,843010,836472,903838,
848500,834805,956810,846307,858839,895019,883846,835320,835077,940594,
835020,835037,855257,869793,862533,904258,859709,831220,834103,883841,
3213125,3168426,3193745,3194396,3182685,3360986,3355986,3278610,3107740,3115943,
3187442,3236915,3216236,3191651,3177542,3289716,3282342,3315674,3306317,3196887,
3158269,3199228,3210276,3393957,3250408,3288387,3210269,3146096,3190719,3173386,
3170754,3123000,3244302,3149208,3259093,3196571,3229626,3226646,3102598,3138038,
3227688,3097336,3209954,3523857,3204990,3327906,3227353,3152978,3071723,3195824,
3279043,3153965,3184917,3114544,3181656,3129955,3171796,3219582,3181459,3119115,
3382397,3441990,3184333,3148043,3218445,3176087,3312362,3310044,3206915,3235299,
3372760,3276780,3234248,3153005,3171141,3207327,3129314,3145609,3115593,3105284,
3293584,3244458,3179601,3162295,3205951,3121135,3147119,3155226,3134807,3286039,
3167807,3221628,3139943,3214139,3118179,3263326,3187467,3099792,3127453,3232642,
3158131,3349266,3187124,3096006,3244779,3133065,3132117,3168263,3182974,3130812,
3166857,3236878,3077425,3169313,3134017,3215147,3302669,3342537,3294260,3173837,
3091986,3334126,3084491,3115343,3173487,3212616,3194460,3131393,3109249,3097765,
3124914,3250287,3114402,3148419,3223669,3148591,3121624,3143874,3058809,3128013,
3073940,3130863,3129364,3123014,3156248,3239598,3103472,3139436,3062334,3109453,
3141293,3064764,3203515,3067409,3201925,3231501,3085875,3342965,3050394,3202958,
3171909,3194722,3120759,3113561,3127774,3151688,3232650,3284922,3027520,3374992,
3119287,3123642,3218532,3050547,3102138,3139840,3083895,3266155,3173599,3203771,
3104897,3112833,3065050,3058762,3172770,3162710,3091228,3148878,3331668,3233738,
3045358,3106814,3055351,3067164,3133451,3083200,3077838,3129108,3148356,3060803,
3049022,3093996,3162227,3168835,3116217,3204231,3108230,3185285,3115842,3229593,
3225133,3182701,3056099,3138778,3124435,3128672,3153711,3188580,3098339,3254059,
3057736,3060576,3128826,3021223,3280759,3078766,3180205,3362820,3283900,3097138,
3021563,3163603,3045941,3060640,3207943,3160421,3121311,3103407,3252976,3301518,
3054873,3116572,3030164,3140862,3157661,3026164,3080421,3134812,3291960,3287900,
3042556,3072567,3179553,3086397,3077004,3110105,3060753,3166220,3069314,3089022,
3077060,3131615,3029718,3088943,3066002,3088744,3078678,3077951,3085096,3127272,
3089437,3182279,3148536,3027393,3069946,3065186,3348117,3193129,3069858,3200910,
3077380,3060828,3118137,3022359,3272516,3042675,3216494,3107639,3055527,3069333,
3052371,3095122,3003343,3076333,3279855,3033781,3173445,3067001,3031965,3043888,
2981792,3234467,3029066,3040547,3174892,3032271,3090248,3065001,3037096,3144426,
3077038,3086588,3211292,3187979,3157123,3072032,3226648,3016670,3006680,3073242,
3113289,3050262,3168577,3317459,3093913,3024760,3227155,3140179,2972137,3112875,
3136785,3017651,3052643,3160277,3136259,3031490,3081074,3171445,3062918,3032681,
2997804,3032192,2999422,3145533,3065500,3007159,3080195,3051658,2995958,2967457,
3055535,3007357,3012406,3023989,3101801,3046799,3084818,3153803,2973982,3129093,
3027529,2982884,3369929,3086301,3036134,3247509,3174232,3092933,2963406,3096181,
3054941,3054524,3012112,3017187,3020004,3129023,3145838,3068842,2962441,2983196,
3174099,3086094,3060839,2978788,3002794,3127065,3101864,3118337,2985152,3278194,
3276672,3029725,3080517,3115504,3142716,3029276,3133031,3094419,3025512,3043408,
3239722,3015460,2966349,3112189,3158386,2994848,3094641,3056016,2959738,3137385,
3028575,3150753,3146823,3141965,3201160,2978112,3020575,3061595,3087516,3081822,
3060263,3020334,3002164,3027268,3144044,3046164,3108994,3081065,3012584,3101573,
3007664,3111131,3017127,3005814,3176760,3082376,3119548,3189509,2967166,3035365,
2954272,3260362,2985629,3100313,3272711,3217797,3163773,3037404,3109457,2963282,
2942636,3067848,2920872,3079160,3109319,3187792,3023705,3025593,2976076,3005038,
2973467,3040641,2955804,2925672,3011591,3159250,3111960,3116237,2970756,3023704,
3004146,3057698,3143824,3063895,3024396,3132103,2996197,2971523,2910409,3059521,
3002069,3136303,3039839,3000773,3038572,3019744,3046690,3127584,2937622,3106364,
3062226,3279489,2983941,2921237,3102321,2952529,2964883,3191394,2917606,3067451,
3006579,3048473,2978219,2975218,3093214,2913622,2965344,3021116,3075451,3101125,
3115308,3017550,2952499,2974130,3082274,2935533,3011308,3083579,2937682,2935953,
2979122,3129356,3131924,3011263,3016174,3008366,3064478,2990668,3067136,3054236,
3086914,3060926,3072631,2980494,3023503,3114618,3012039,3073512,2965059,3206629,
3001479,2991105,2920508,2956499,2951947,3065926,3176925,3219999,2900966,3074126,
2951117,2988480,2985078,3009391,3183266,2933418,3160469,3045330,2981705,2956542,
2956524,3053544,2906366,2954520,3132817,3081633,3051807,3057624,3205580,2987495,
2940810,2954796,2953375,3009937,2935912,2999038,2959190,3032473,3112496,2987098,
2939636,3015968,3252052,3052960,2941074,3104396,2961859,2971866,3161657,3067671,
2984653,3063875,3183621,2969914,2913645,3038716,3045688,3235329,3088626,3035962,
2992477,2963784,2987156,2985053,2968208,2928640,3049650,3064644,2974816,3020934,
2929667,3042946,2975969,2945584,3048121,2900712,3010094,3139981,3115652,3023647,
2902153,3121091,2876882,2912210,3180834,2915022,3048818,3115933,2989688,3020276,
2887776,2987121,3012527,3052429,3181412,2885082,3084968,2950026,2932708,3023943,
2858493,2917079,3150156,3198530,3043248,3081082,2993089,3168109,2968597,2950347,
2999295,2961036,2955404,3088036,3023777,2954861,2972741,3107732,2896596,2995001,
2922594,2920426,2956833,2943274,3103056,2876431,3117352,2979123,2947753,2996380,
2938649,2930501,2904091,3031534,2995617,2903262,2991638,3014712,2885801,2843054,
2875780,2878457,2945389,3086778,3020176,2850880,3054315,2992082,2993728,3081492,
2926692,2987213,3047837,3199087,2987355,2970403,3061549,2963172,2917866,2966557,
3068001,2998221,2957370,3135577,3097066,3236226,3063131,3029044,2903347,3073232,
3072610,3041770,2986272,3143587,3134949,3093239,3082183,2871928,2869857,3051829,
2907020,2957667,2938465,3051696,3015923,3106538,2978762,3037176,2935224,2958856,
2883744,2907756,2888001,3071097,2941464,2904811,3067861,2941617,2909756,2865964,
2909399,2934922,2934938,3062903,2900762,2956139,2948253,2881795,2959639,2923323,
2884513,2887385,2984959,2979154,3027641,2988010,2932361,2938661,2875979,2898024,
2940812,3061724,2881110,3099803,2940842,2888083,2985418,3020075,2856655,2993345,
3085412,3209195,2833577,2939123,3085486,2824660,2932020,2919807,2891198,2899123,
2989564,3086102,2842524,2951629,2981356,2894076,2916922,2850337,2909055,2888941,
3107270,3042458,2846329,2957141,2907560,2893662,2906113,2885446,2876657,2864810,
2843858,2929508,2847784,2962938,2878203,2997711,2837294,2864004,2850487,2929848,
2889623,2925694,2947492,2914167,2983301,2941533,2886865,2926190,2948141,2935633,
2946560,2901672,2855553,2897339,2975098,2850840,2871854,3098456,2836798,2960229,
2834017,2883227,2883220,2916118,3036462,2940216,2835949,2928970,2916142,2848287,
2847456,2863492,2891636,2958149,2858902,3044027,2864050,2939612,2890905,2839072,
2835551,2920154,2818805,3032998,2908524,2843160,2863513,2856577,2814688,2798151,
2821575,2832075,2889825,2905314,3002845,3119432,2851651,2873038,2962260,2844354,
2831741,2961328,2855689,2903752,2857553,3004054,2867311,3006988,2981162,2818087,
2967793,2849082,2789837,2886341,3012669,2954755,2899905,3128001,2796587,3117944,
2981814,2931469,2917774,2844865,2904812,2981758,2914311,2986319,2987459,2894265,
2791170,2914248,2866620,2884418,2892227,2952364,3000711,2920577,3079651,2816584,
2845710,2878517,2809906,3035802,2867988,2864029,2853419,2885674,3114717,2994118,
2794043,2990812,2924810,2870575,2946576,2917024,2869734,2904341,3061607,2895357,
2873160,2936880,2811220,2826143,2890867,2901050,3018013,2922548,3051522,2847119,
2889574,2852995,2767516,2813566,2953784,2880678,2886927,2887837,2808645,2926935,
2878944,2921531,2806997,2821109,3025214,2802291,2921277,2807411,2990670,2804258,
2816217,2823405,2858167,2838045,2939067,2762941,2875408,2867765,2829032,2801807,
2808909,2818076,2842847,2944857,2916957,2915285,2890363,2781076,2821843,2892711,
2754813,2810180,2901272,2986453,2801322,2829462,2912725,2822234,2823426,2827531,
2784763,2927889,2760453,3000914,2795332,2866264,2939644,2932807,2763354,2812617,
2981409,2825091,2840320,2881332,2862006,2955717,2887298,2883731,2760676,2776861,
2925983,2814096,2996179,2957244,2778021,2817039,2870279,2886719,2860297,2853587,
2842231,2762661,2727896,2838653,2750353,2834398,2819905,2922522,2776228,2823011,
2820781,2759286,2854725,2927629,2855567,2887566,2896255,2792717,2755452,2831115,
2806195,2831970,2865554,2832668,2885651,2931829,2915984,2887608,2830124,2759041,
2955088,2836449,3056417,2769588,2778905,2927084,2880416,2822405,2760237,2819689,
2827539,2784298,3088459,2794654,2822838,2978733,2829518,2839862,2770197,2767669,
3023641,2775350,2934633,2877550,2835504,2740104,2867544,2758049,2817161,2693688,
2743438,2746257,2846453,2786751,2789155,2843110,2812812,2752240,2798175,2709742,
2780805,2873406,2856262,2921422,2827804,2824084,2784288,2768597,2804066,2771115,
2735581,2873068,2827744,2780180,2889093,2849626,2894987,2867533,2757066,2741232,
2789606,2864708,2835634,2825525,2763433,2795405,2856295,2845834,2754494,2738037,
2800201,3011250,2824971,2816967,2851610,2759141,2815942,2749725,2717866,2736865,
2753231,2860084,2777025,2775859,2818538,2688325,2749610,2844784,2780918,2662778,
2708755,2783616,2802386,2772224,2746607,2743763,2698210,2747528,2716543,3046442,
2839795,2749812,2798881,2827193,2867652,2846591,2776231,2727429,2697006,2908639,
2849909,2909051,2766803,2747804,2775555,2819182,2818929,2878608,2706844,2779984,
2793663,2845968,2783405,2774187,2737124,2687119,2818354,2728902,2707023,2834062,
2793841,2987971,2754863,2755094,2834971,2720345,2845265,2769767,2720160,2732063,
2794117,2902771,2845904,2796728,2762806,2823952,2805849,2768774,2852331,2714282,
2725478,2852664,2736779,2810141,2716059,2656525,2774331,2759983,2675418,2872392,
2659227,2740407,2702422,2776679,2789790,2773464,2738841,2702176,2778616,2862783,
2797576,2792619,2786720,2763829,2715015,2879347,2749989,2908588,2854229,3062506,
2768332,2725432,2745921,2819362,2754439,2743113,2789502,3013882,2706101,2943717,
2710796,2712198,2782828,2738155,2815825,2713011,2753344,2872556,2760012,2807573,
2727747,2738376,2726422,2744600,2745148,2646700,2679582,2901928,2828877,2759005,
2654882,2698121,2784606,2806210,2658612,2638457,2723273,2739170,2745036,2743841,
2671898,2678667,2877223,2804166,2763574,2762084,2710839,2717354,2774229,2782378,
2742961,2721083,2765206,2648840,2723248,2891811,2768017,2819428,2747516,2746371,
2818786,2730183,2713113,2732114,2773496,2794433,2933098,2764941,2661775,2802818,
2906914,2683053,2770908,2689585,2920473,2740112,2850320,2704629,2769381,2688308,
2711690,2690766,2750159,2657110,3059425,2697800,2772634,2739934,2807685,2798428,
2690481,2690701,2767156,2753513,2836918,2610351,2714946,2669304,2964059,2766472,
2667749,2684420,2715338,2693574,2808083,2708663,2774358,2644191,2913345,2844187,
2700146,2836093,2968473,2686095,2772392,2846965,2764645,2775522,2917310,2923184,
2702583,2783501,3016669,2762068,2734139,2813453,2742716,2782285,2733014,2881562,
2763511,2660904,2741425,2688669,2781541,2757946,2696552,2687352,2677172,2872199,
2817724,2684565,2809563,2747232,2751734,2692127,2623514,2739554,2734120,2850304,
2719531,2635720,2799516,2712992,2657573,2682229,2705650,2662956,2752557,2864387,
2722101,2625993,2705991,2765362,2602447,2652773,2702701,2633684,2676263,2863605,
2613596,2667246,2782041,2896821,2770748,2763914,2697954,2782006,2695663,2852335,
2864583,2656987,2664934,2740934,2634626,2680248,2706686,2673694,2661539,2852712,
2730389,2806346,2718889,2724554,2696653,2621971,2615863,2666150,2651023,2853093,
2683035,2674330,2747243,2635503,2667643,2605956,2639837,2654604,2758727,2861104,
2670963,2654826,2664299,2674210,2682727,2630440,2646594,2629293,2622801,2854713,
2656051,2723457,2647647,2704642,2622317,2634941,2622186,2608490,2615991,2851295,
2645902,2648925,2690161,2694502,2585101,2761135,2689675,2705443,2661208,2830654,
2734385,2755399,2628441,2677996,2745141,2640919,2707978,2723858,2621335,2830113,
2658791,2645368,2626911,2654215,2686975,2597465,2609582,2659889,2622153,2869359,
2588043,2639715,2677712,2575805,2632829,2606881,2659739,2624461,2677727,2836816,
2584144,2626683,2617770,2687909,2627284,2649761,2618441,2672855,2614116,2903739,
2584867,2625862,2718228,2678133,2572107,2586190,2595487,2567782,2631447,2857926,
2571960,2686197,2660267,2593179,2559512,2800126,2614541,2673375,2586828,2866022,
2630339,2663152,2736093,2670198,2589364,2668284,2704172,2792858,2579861,2828223,
2688313,2764444,2717252,2636042,2534400,2622152,2634497,2593356,2609950,2821440,
2688679,2764650,2788340,2585012,2701649,2634767,2656180,2610110,2596457,2816531,
2591652,2911160,2753686,2682715,2741041,2716227,2659565,2563416,2725310,2907368,
2563261,2706568,2700146,2588537,2865944,2642181,2674082,2666824,2613795,2836335,
2571692,2670792,2767702,2652332,2713843,2735943,2592041,2548466,2751627,2766190,
2521368,2691259,2689698,2634586,2716886,2715098,2689390,2702133,2559359,2683404,
2665215,2587422,2606967,2593774,2646440,2577420,2675358,2868337,2615761,2645049,
2582739,2621075,2724713,2550314,2846077,2574326,2626398,2691178,2591790,2618875,
2574842,2741555,2626210,2557871,2740408,2642861,2587357,2781745,2702161,2579547,
2517456,2643879,2711576,2587319,2626853,2682204,2591331,2640100,2811115,2612941,
2585966,2633357,2711187,2662504,2581663,2671589,2543117,2564018,2737952,2569143,
2536918,2676959,2651812,2597630,2567252,2632153,2584458,2721451,2627193,2636855,
2636877,2708331,2533203,2559685,2552952,2573412,2666162,2626706,2568141,2561850,
2625254,2587506,2776545,2496892,2685676,2622747,2519637,2585221,2600502,2604045,
2592278,2605150,2629560,2514870,2643158,2510712,2609402,2561733,2636384,2605170,
2646623,2567919,2565395,2523588,2622634,2636238,2565095,2606643,2546938,2589499,
2577882,2584638,2647939,2557114,2616321,2569551,2585853,2525562,2575727,2596489,
2523590,2679463,2656754,2653329,2530083,2605678,2585443,2537744,2698637,2558802,
2517008,2652726,2520120,2685826,2693164,2706847,2723462,2690341,2529883,2566763,
2585355,2645906,2574689,2737426,2674504,2782025,2640637,2545080,2538151,2557656,
2703822,2584375,2615882,2599912,2537374,2549551,2621933,2515623,2506133,2536464,
2758213,2591098,2479246,2526859,2570182,2580341,2556855,2627451,2590500,2556815,
2606884,2514376,2655775,2512100,2515676,2513709,2494761,2596381,2513178,2558924,
2668330,2554397,2599117,2579988,2496072,2582762,2626682,2519633,2581025,2540680,
2458914,2553966,2690035,2535544,2595001,2739491,2558999,2603903,2537496,2515609,
2681593,2714405,2878834,2512619,2572598,2622982,2585114,2612367,2545425,2514544,
2667608,2544920,2595147,2496323,2660419,2746922,2587726,2556388,2519232,2509668,
2561602,2524823,2552535,2477968,2597945,2565159,2517878,2475320,2570503,2505955,
2683202,2581302,2667209,2549729,2610807,2573991,2560042,2524408,2526529,2581179,
2580585,2552257,2641012,2530718,2530199,2626088,2503523,2499680,2478685,2630765,
2522408,2584523,2544908,2474661,2529767,2568135,2558938,2466404,2536194,2486816,
2451846,2636878,2537532,2453266,2552611,2557272,2529325,2623246,2542846,2543682,
2511212,2507705,2575583,2497280,2508759,2605170,2503813,2510993,2492353,2526536,
2508720,2579246,2469289,2464738,2699654,2498129,2524111,2468209,2503221,2515441,
2522802,2484120,2466601,2478943,2526179,2496765,2459042,2561540,2506249,2538740,
2462549,2529181,2573299,2503986,2597195,2549727,2522121,2505124,2444818,2627113,
2511768,2446506,2564401,2497003,2499285,2581546,2543357,2451935,2464325,2540903,
2502383,2626674,2608577,2450749,2618911,2521927,2545484,2583219,2433263,2571872,
2499603,2687022,2511126,2498115,2498006,2623839,2453696,2547476,2457262,2528222,
2521630,2846414,2543368,2458828,2578626,2471871,2504883,2483132,2444396,2542465,
2486350,2647010,2495528,2422994,2536963,2451941,2438457,2474751,2447157,2455264,
2439412,2765203,2527107,2486997,2495201,2602211,2471014,2420938,2561005,2555263,
2417131,2541580,2597098,2456209,2512444,2546690,2450234,2488845,2411576,2636170,
2499656,2663733,2489283,2535813,2507199,2540343,2419722,2419558,2417102,2707807,
2541022,2463905,2412955,2513965,2456053,2703920,2503020,2565714,2511512,2687312,
2498451,2528802,2474704,2535267,2533206,2489264,2489253,2578072,2468527,2495021,
2490568,2558400,2424673,2530381,2612468,2490827,2414458,2654389,2429544,2486621,
2437338,2445824,2434834,2488746,2694014,2447354,2476072,2716723,2446409,2541179,
2436924,2455383,2460075,2427869,2492233,2501069,2486790,2519976,2642892,2621419,
2437846,2401309,2511487,2483672,2563212,2493612,2431207,2443999,2612095,2462558,
2420867,2493889,2461061,2539503,2438477,2507822,2488926,2565566,2520763,2554534,
2542511,2506145,2427757,2575330,2407967,2449452,2476387,2450903,2407737,2530505,
2577090,2419432,2462367,2522492,2663756,2701466,2501060,2455951,2399334,2435464,
2797201,2487952,2463043,2437807,2561807,2500106,2396695,2417268,2444674,2479651,
2469716,2469969,2397811,2436070,2439825,2489827,2421470,2409296,2611369,2459919,
2552583,2480612,2494467,2436158,2576673,2531446,2415572,2521811,2439411,2498677,
2413745,2429499,2557962,2522764,2447016,2466140,2426253,2391916,2547679,2448740,
2439919,2486336,2431027,2631584,2461994,2546618,2439155,2524210,2585242,2447534,
2378345,2470889,2519324,2437013,2490679,2407185,2440463,2476968,2429790,2472438,
2505924,2526327,2397679,2501810,2505895,2399412,2590227,2490514,2376952,2399666,
2593715,2451955,2456705,2394021,2518814,2498346,2576221,2495503,2471120,2522075,
2662014,2372140,2447081,2364499,2490192,2392661,2558973,2511518,2426362,2518939,
2488427,2369999,2399418,2409947,2422219,2536960,2472056,2381904,2375004,2450784,
2540019,2373746,2582935,2439331,2337816,2584397,2432020,2405320,2385112,2424822,
2390428,2446605,2729872,2387853,2401587,2453437,2416536,2507857,2394116,2490252,
2525286,2395414,2495458,2485345,2465374,2410672,2478435,2473859,2446746,2372148,
2537920,2427356,2434985,2362223,2522577,2465666,2437339,2454362,2475389,2566987,
2361641,2472465,2387129,2353545,2475229,2393509,2393206,2422457,2446816,2388558,
2437890,2391915,2394456,2346586,2429740,2323343,2384611,2384125,2494459,2488121,
2393019,2520040,2378937,2480463,2360987,2339492,2339481,2337931,2359983,2510610,
2387722,2451975,2368978,2424159,2350227,2544811,2368599,2347616,2352883,2383695,
2320220,2440177,2442182,2430902,2432749,2410452,2410339,2566723,2679171,2449727,
2390778,2427937,2386501,2418600,2569942,2359882,2436651,2405521,2455297,2382459,
2388324,2448776,2370597,2370612,2548468,2358148,2355748,2401557,2400250,2408504,
2311789,2478818,2343401,2323492,2460320,2389343,2345769,2299654,2507525,2455325,
2381780,2436413,2358820,2368635,2462358,2385249,2366562,2457702,2406810,2450028,
2328704,2461961,2414690,2435415,2342730,2577412,2304744,2327448,2426925,2432204,
2291560,2424080,2373838,2397052,2361235,2378817,2342121,2342307,2397958,2538853,
2334282,2355001,2392091,2329410,2392735,2440369,2366785,2489089,2588548,2380850,
2386550,2638557,2348480,2385188,2427094,2333584,2394828,2349791,2427238,2425060,
2379115,2535280,2290697,2333664,2388045,2442704,2341858,2346551,2361415,2313456,
2395937,2504493,2332365,2340774,2367803,2318395,2335281,2314863,2381934,2381737,
2331279,2490041,2363146,2426013,2349206,2341047,2373566,2374476,2486556,2431099,
2457470,2420218,2371614,2346946,2374114,2461079,2296688,2303873,2563046,2598725,
2295364,2403717,2335151,2372913,2353733,2381054,2293887,2280392,2424039,2510377,
2296788,2422616,2372673,2335614,2334178,2478929,2316694,2432979,2518159,2615042,
2421754,2438857,2285551,2393639,2410081,2327986,2383792,2384736,2375062,2421060,
2358023,2371126,2295408,2335805,2495330,2393234,2348803,2360744,2372056,2503325,
2308882,2378507,2289179,2328537,2401743,2316248,2324959,2319528,2542882,2559380,
2268676,2396422,2235849,2328848,2343162,2303384,2283672,2417735,2428076,2447680,
2278840,2470757,2329673,2353261,2283627,2555673,2257273,2405658,2378046,2414356,
2299956,2345036,2352084,2338408,2324792,2429348,2235560,2378846,2426253,2381605,
2354392,2411039,2296601,2377708,2242733,2326544,2269319,2390507,2491481,2325985,
2332832,2314240,2256449,2503867,2276602,2314763,2334573,2550936,2455097,2263487,
2434054,2335732,2310307,2353779,2454986,2322236,2297792,2452489,2318570,2278766,
2309959,2273188,2320925,2430046,2490109,2265504,2241467,2511877,2411894,2359840,
2289905,2275363,2282046,2323061,2293855,2285272,2287409,2395202,2266797,2432965,
2237456,2329995,2349066,2345671,2352359,2385840,2415472,2343661,2504156,2281374,
2246674,2308360,2284766,2481119,2303744,2330465,2391357,2306279,2377965,2350452,
2294684,2351613,2295660,2578507,2319120,2312126,2297600,2500124,2449064,2349760,
2275179,2372207,2250720,2422619,2377050,2326945,2377618,2389088,2410420,2248762,
2453855,2328867,2291952,2404859,2280548,2307159,2445886,2357227,2293657,2287600,
2298152,2236646,2324552,2370256,2317942,2260643,2368255,2279521,2338633,2323195,
2216049,2233584,2219594,2330751,2284179,2242490,2396251,2329966,2339676,2363244,
2333033,2217919,2350500,2260648,2255549,2361835,2308759,2251501,2313669,2341667,
2259515,2240328,2390956,2543991,2263193,2418442,2289143,2261108,2235443,2412707,
2241765,2306816,2451659,2360380,2333335,2441485,2368453,2325403,2203254,2285363,
2239727,2309187,2720561,2307253,2274774,2503786,2383588,2286165,2472209,2351844,
2464826,2250362,2335718,2262893,2317845,2498351,2316778,2278513,2284836,2293524,
2496574,2284018,2274590,2289678,2362708,2470261,2369542,2213536,2345342,2246180,
2469283,2206197,2291243,2243448,2316306,2306778,2243073,2260784,2284562,2417467,
2404852,2205156,2239415,2259938,2215328,2371001,2201561,2211088,2328140,2350944,
2527374,2247593,2343798,2279496,2246111,2324309,2366993,2268978,2248271,2332901,
2207106,2267864,2240346,2286934,2266501,2305357,2434266,2288110,2233565,2271568,
2381732,2255134,2272630,2238005,2244674,2301112,2375337,2294156,2213298,2190670,
2269591,2233822,2239489,2226888,2321394,2291558,2272084,2280941,2279359,2282020,
2281861,2204380,2190339,2246655,2342391,2218700,2296771,2249879,2292617,2308205,
2184929,2180658,2188729,2232235,2259179,2262463,2294927,2227995,2357558,2282287,
2260670,2158247,2185038,2237081,2165270,2232836,2222623,2348891,2306968,2399029,
2225530,2184390,2210561,2272864,2249119,2347575,2223908,2219306,2347338,2352069,
2189032,2396148,2228411,2261795,2306970,2252453,2330368,2200224,2264299,2375577,
2181276,2239698,2201594,2241675,2243453,2257697,2259266,2353540,2243228,2229052,
2284665,2468868,2168726,2184999,2274967,2205568,2202922,2254860,2293211,2229712,
2237971,2351865,2182233,2170503,2274454,2160774,2273745,2214392,2311377,2283168,
2228530,2381508,2167247,2255129,2233463,2182387,2336296,2154798,2319784,2373806,
2262345,2318751,2215006,2300205,2179394,2274211,2178411,2196345,2351988,2516290,
2182662,2225420,2274118,2241049,2243515,2259743,2128067,2132686,2362647,2234295,
2166911,2261542,2254382,2297463,2222861,2263042,2250665,2126587,2224943,2258045,
2120805,2358343,2243958,2449376,2232144,2312051,2107323,2214831,2385699,2267970,
2119018,2358475,2172888,2252896,2142013,2216454,2216504,2288521,2223974,2224405,
2213325,2201423,2145226,2270185,2340349,2197402,2216161,2406495,2268100,2224399,
2180262,2238737,2191514,2220535,2298595,2157499,2157869,2343289,2291636,2280125,
2143019,2158335,2174842,2197176,2343451,2194652,2177585,2298801,2241772,2394368,
2111790,2116570,2292043,2167239,2261533,2194365,2112776,2190512,2190965,2298566,
2161973,2118409,2212430,2366550,2193449,2179026,2159550,2166531,2133804,2392222,
2184295,2204184,2224989,2335869,2184649,2384237,2086423,2232609,2086503,2391454,
2089979,2337914,2287896,2168343,2132977,2315850,2089758,2241442,2111463,2388206,
2098072,2201471,2258011,2177235,2272984,2290449,2138541,2192151,2137423,2384075,
2188974,2169559,2171438,2197269,2234860,2295225,2226596,2156203,2188454,2354235,
2173251,2141099,2201849,2157012,2284037,2268425,2075423,2206187,2177748,2311248,
2219280,2171479,2312007,2117663,2178381,2200811,2307164,2188142,2168114,2268820,
2214873,2140492,2156870,2181008,2247973,2162440,2191854,2088351,2093859,2235863,
2133450,2138217,2217130,2217364,2131319,2295275,2268034,2137984,2048021,2234579,
2125187,2212651,2359660,2136682,2087963,2310079,2219964,2272840,2077718,2273564,
2075287,2126691,2290731,2135671,2109403,2182931,2144966,2234304,2161023,2206786,
2134708,2124985,2248275,2133615,2185387,2135562,2171702,2130395,2130657,2213560,
2267060,2114867,2174347,2101285,2159376,2179630,2157344,2219356,2119307,2219176,
2380159,2077378,2143023,2096748,2116249,2219946,2105217,2064031,2079144,2293606,
2230431,2059988,2242631,2115666,2082869,2139646,1990724,2203874,2102036,2215571,
2256611,2055495,2116154,2121153,2129110,2152411,2153145,2063760,2107514,2257861,
2228440,2193264,2344814,2225555,2184651,2304695,2046269,2181666,2088965,2235060,
2131966,2174809,2213120,2105972,2087667,2225498,2173611,2203060,2091159,2182024,
2066081,2194128,2181884,2239207,2248170,2109258,2093789,2140312,2161107,2177358,
2192520,2141047,2146319,2127498,2140966,2151753,2313359,2106470,2095658,2220728,
2108066,2069603,2200970,2072814,2156480,2077491,2201034,2125408,2082945,2148309,
2132145,2072374,2062058,2046586,2094374,2097254,2262061,2130943,2050826,2101156,
2077301,2090710,2276399,2118664,2113746,2144483,2296222,2048388,2052605,2141801,
2028560,2184764,2208537,2153441,2058381,2192200,2161483,2084991,2071309,2130199,
2099397,2125489,2130120,2137204,2029899,2125466,2201680,2071822,2060807,2118669,
2060339,2245507,2088127,2077045,2060247,2075387,2214777,2186728,2094016,2094324,
2089384,2321113,2040136,2057309,2111414,2057089,2180681,2162570,2138730,2062354,
2120067,2121732,2069139,2063809,2106634,2092077,2101140,2196502,2077800,2174122,
2155357,2170199,2077481,2147306,2160576,2098986,2088613,2083607,2081977,2183476,
2087210,2013660,2178345,2064944,2098398,2052819,1989038,2087675,2010846,2246311,
2045836,2084261,2146197,2129012,2081071,2073303,2001210,2137517,2026920,2115125,
1987610,2006238,2132113,2045059,2013514,2160752,1974695,2105750,2056626,2134986,
2131855,2167972,2128122,2100424,2026013,2162340,1980138,2045853,2027423,2183741,
2013327,2137518,2138648,2112494,2079089,2032055,1929795,2168220,2085334,2013266,
2017436,2237701,2013459,2046617,2044777,2051066,2107178,2070899,2207133,2112726,
2132941,2048744,2113901,2023963,2068085,2166922,2029726,2130766,2124039,2105335,
2058235,2172469,1993672,2006481,2098125,2054558,2062355,2006596,2061179,2230559,
2102848,2023587,2188109,2012552,2096630,2084149,1990892,2090159,2043627,2257566,
2018259,2064771,2050620,1997694,2021324,2155681,2057657,2125441,2003788,2162057,
2000721,2068282,2132821,2028265,2115993,2066938,1902679,2057945,1995398,2180671,
2130805,2098389,2046697,2034040,1986357,2097988,1966543,2070090,2002006,2044086,
2016042,2054642,2015510,2017731,2136562,2029020,1964994,2124747,2038545,2067285,
2103591,2035065,2011321,1992199,2058144,2048932,1996260,2167970,2048917,2013131,
2070335,2017216,2046494,2012505,2200965,2023827,2008464,2130716,2035880,2111551,
2147540,2040716,2022065,1992823,2238567,2005169,2175225,2035136,1990642,2041877,
2027007,1998710,2110642,1983959,2146471,1968050,2013128,2030772,2025168,2055361,
1971491,1970338,2129002,1975806,2085267,2166757,2024250,1995944,1993728,2034958,
1938051,2026404,2210220,2025944,1943253,2114263,1903111,1943577,2061767,2042118,
2042529,2139131,2120902,2005737,2003827,2133767,1899230,1981249,2066080,2035401,
1970010,2086603,2002660,2007865,1988268,2005859,1913016,2017486,2045096,1992656,
2075858,2119653,1959325,1964207,1983574,2087323,1977358,2032757,2029938,1965235,
2088451,2013654,2016934,1953941,2231254,1965704,1986725,2047627,2040260,2079598,
2150147,2063076,2049552,1914432,2288168,2031933,2107663,1970185,2015391,2006413,
2022667,1957182,2132782,1968260,2069363,1990042,1967557,1945453,1990993,1996678,
1984306,1935396,2156950,1920836,2098638,2093733,2001788,2028030,1930616,2033548,
1931449,2020968,1992315,1936797,1903602,2121845,1861994,1982073,1967033,2075341,
2023157,2078389,2021374,1980537,1987014,2028212,1878951,2025182,1973324,2024494,
1931162,2015579,2049500,2135249,1967542,2055354,1871179,2026818,2012434,1984789,
2056958,1976950,2028268,2152004,1964209,2005932,1909509,2233463,2106683,2017990,
1950504,1980881,1953377,2142926,2037657,1927785,1967998,2031321,2073838,2023816,
2046151,1959653,1964550,2142883,2020537,1915143,2005698,2118345,2045929,1995422,
2134923,1920774,1955045,2023085,1927151,1901320,1909482,2025640,1969652,2001968,
1964604,1909719,2120874,1966715,2013089,2021659,1893695,1935926,1930383,1937094,
1968540,1911112,2006055,1929499,1940008,2015917,1864219,1933133,1948784,2005290,
1939591,1891665,2092458,1881091,1960811,2114363,1869449,1931270,1885441,1896343,
1935364,2036276,2140066,2033142,2022334,2264547,1820756,1933222,1868523,1896144,
1883894,1974414,2197260,1979299,1942748,2123325,2023028,1987096,1860879,1875847,
1887152,1979923,2062972,1927529,1969205,2177077,1943610,1991307,1923152,1877309,
1998395,1911870,2006539,1917677,1999110,2097183,1995786,1936451,1946995,1988931,
1948375,1916548,1950357,1930686,2029531,2026425,2043286,1920006,2029052,1950592,
2004795,1994029,2052682,1890030,1970272,2073929,2022797,1896321,2001981,1910060,
1899473,1909584,1985315,1889173,1889680,1974989,1945625,1928664,1945484,1952603,
1956575,1933134,1988676,1925704,1972774,1904999,1904049,1925069,1988789,2015547,
1928058,1902050,1955560,2005129,1950028,2051101,1903009,1857066,1906116,1910980,
1870267,2065716,1902966,2076162,1953956,1988707,1905794,1921189,1931469,1886879,
1863826,2013626,1859322,2037307,1859150,1893909,1996941,1995545,2016159,1850958,
1942666,1941954,1895561,1951877,1993258,1888324,2077699,1960619,2036102,1935312,
1955837,1891580,1837910,1855356,1931185,1851159,1959211,1927943,1997060,2030882,
2063946,1892343,1942535,1921405,1878207,1869757,1926725,1897155,1911333,2262813,
2196310,1848777,1961042,1853516,1889200,1892129,1916377,1931898,1876017,2011676,
2084808,1887974,2010972,1910709,1838917,1946789,1841124,2001585,1891431,1982144,
2132195,1856832,1908565,1871654,1887205,1942903,1867597,1899476,1856271,1964606,
1895461,1870056,1895329,2056667,1903137,2020309,1846813,1913293,1851572,2026406,
1891778,2023463,1867803,1911179,1850425,1925785,1896212,1974521,1795156,1875140,
1931776,2110263,1855786,2052426,1827748,1939264,1863656,1945749,1855707,1907924,
1937000,2040564,1840164,1917057,1953514,1901126,1882514,1887438,1818396,2009041,
1927549,2049870,1845286,1868775,1884661,1881093,1819876,1926285,1794376,1972149,
1923598,2009374,1934134,1877234,1893717,1847540,1851077,1904262,1779328,1935761,
1911551,1894319,1925376,1857352,1827079,1905275,1787738,1919562,2051952,1887061,
1990706,1928153,1908564,1862154,1885658,1877841,1794334,1905886,2178854,1847372,
1960174,2065082,1880406,1841398,1844813,1992223,1752594,1797786,2048791,1844275,
1884640,1898307,1883394,1879389,1847976,1922701,1742439,1858455,1949914,1835524,
1917558,1882078,1834965,1846908,1810447,1859601,1810037,1918294,1958178,1919756,
1828779,1825461,1854821,1801091,1866175,1823597,1792482,2131913,1884809,1866713,
1951452,1835315,1819796,1861940,1933513,1830082,1817763,1988214,1920843,1933943,
1919905,1838577,1853141,1807653,1869156,1910712,1858658,1922583,1847670,1862974,
1879362,1814577,1842333,1823625,1840659,1951705,1876625,1864795,1959561,1884598,
1845301,1795633,1844389,1827259,1911672,1875040,1824797,1840014,1838760,1814273,
1917652,1795387,1951232,1807816,1853126,1916096,1823307,1842395,1926709,1889526,
1876881,1789817,2064141,1835052,1797859,1962683,1726517,1828997,1798199,1793437,
1885350,1881299,1951766,1947246,1836981,1830998,1728333,1855036,1911383,1783189,
1869419,1878869,1922532,2070635,1767465,1797110,1778164,1862314,1976690,1808467,
1860524,1839303,1817031,2005996,1772626,1803368,1770375,1829134,1894751,1814826,
1850861,1842458,1852061,1868193,1900498,1771256,1789295,1810929,1884363,2039305,
1909155,1807121,1865012,1804580,2001370,1764070,1852400,1822289,1842513,1891465,
1891107,1771292,1910147,1835659,1931448,1806741,1967576,1778660,1916163,1822409,
1823119,1793990,1840809,1752700,1909312,1812229,2006401,1809752,1829918,1780339,
1853117,1804040,1871961,1790144,1851526,1898831,1938698,1784784,1819771,1988816,
1821446,1777546,2011293,1865513,1838188,2029209,1810819,1818207,1753107,1835547,
1905939,1857452,1828327,1845965,1819990,1876606,1750950,1836124,1793008,1828437,
1786421,1800794,1854456,1857371,1779581,1931381,1774930,1845106,1859065,1771735,
1803310,1784387,1772161,1784894,1784771,1960545,1706805,1826829,1827549,1852860,
1886911,1787934,1798038,1788621,1814507,1826368,1739748,1832773,1771914,1828986,
2078717,1819667,1847276,1802766,1811092,1801878,1850811,1756524,1832565,1807984,
1925628,1777281,1847142,1808381,1764284,1773091,1794902,1749511,1834968,1873361,
1911549,1731592,1855251,1766505,1768286,1873409,1714806,1835291,1786451,1790123,
1914269,1773409,1890017,1773793,1738707,1786041,1745685,1750133,1804416,1761814,
1887984,1753908,1786698,1747311,1799752,1819436,1720058,1826631,1760311,1757257,
1868414,1840363,1775141,1893116,1773033,1800632,1701017,1735454,1773915,1900115,
1820101,1951880,1742868,1800390,1723980,1769289,1732193,1839724,1760123,1805362,
1838647,1945633,1736901,1790680,1760027,1756443,1788790,1818477,1788817,1800832,
1817196,1857647,1740422,1746291,1790981,1713686,1748327,1810266,1784963,1802304,
1877389,1757746,1761609,1725610,1821374,1771826,1751836,1819506,1810415,1766971,
1754410,1801866,1763331,1717918,1740955,1764081,1797709,1726237,1860729,1758767,
1770266,1720161,1826655,1696376,1811147,1804196,1790201,1754291,1782020,1745213,
1743735,1774179,1877358,1723262,1733293,1817346,1715813,1707534,1778742,1753196,
1860029,1815575,1916712,1757829,1714403,1808492,1652710,1780106,1717728,1694888,
1840586,1840500,1805142,1730306,1719984,1913595,1671738,1700149,1723018,1709533,
1767572,1838852,1790846,1787900,1727859,1772950,1747043,1807853,1959091,1872503,
1723289,1848865,1723934,1737726,1695009,1781128,1647024,1810949,1872454,1811491,
1846408,1811545,1877490,1730124,1714068,1720235,1712723,1789812,1848146,1880601,
1777740,1755029,1766996,1673535,1811808,1795348,1693263,1772661,1832894,1832106,
1725042,1816176,1787027,1708009,1804574,1773341,1739842,1689818,1750894,1707559,
1720344,1711845,1755519,1710895,1776512,1792347,1917070,1764593,1797665,1816340,
1716317,1719755,1818687,1695920,1808784,1822439,1819920,1726705,1719666,1884997,
1789846,1669261,1761757,1709484,1710728,1827784,1728983,1875112,1760018,1747055,
1713399,1713827,1785141,1657592,1673976,1863859,1667200,1774196,1760597,1732579,
1727363,1841982,1748091,1771412,1717641,1707137,1736279,1753696,1725312,1785047,
1688023,1784093,1722102,1691686,1673300,1724457,1620329,1779079,1816114,1738756,
1779804,1775929,1759545,1775360,1671851,1651887,1681954,1922109,1708558,1728788,
1848228,1724602,1761224,1683134,1762466,1736889,1649102,1764805,1700189,1693922,
1786938,1718914,1739626,1654981,1715343,1775169,1724533,1658603,1720800,1754841,
1808965,1672034,1868284,1641302,1692566,1765593,1750787,1674999,1749638,1657823,
1728275,1722922,1842561,1653930,1745827,1674474,1891861,1699689,1794990,1714210,
1740996,1752989,1789478,1639165,1663224,1739069,1847523,1708018,1659822,1750758,
1729121,1718994,1816628,1624222,1753363,1746080,1859449,1639415,1666802,1687296,
1684776,1798512,1818847,1702253,1708779,1756504,1833465,1630846,1649417,1644755,
1671184,1697523,1812858,1699017,1709061,1658248,1708767,1755489,1647158,1628636,
1654697,1711147,1764394,1718680,1638048,1667812,1700942,1740692,1773314,1656886,
1725940,1650909,1701527,1694331,1631165,1694198,1624888,1793139,1669251,1688582,
1714025,1675209,1680020,1624045,1739588,1628061,1659536,1678916,1754341,1783428,
1665660,1632086,1687261,1609899,1765196,1676023,1745477,1847448,1682989,1813664,
1642086,1632788,1695519,1644125,1833892,1739853,1679929,1784876,1740350,1839123,
1641146,1649776,1746460,1636285,1678323,1697325,1747698,1727087,1723030,1757614,
1717952,1622064,1743615,1675561,1631472,1691499,1646758,1645873,1888965,1730447,
1681457,1698944,1686557,1668939,1632643,1735878,1696906,1673283,1832658,1721691,
1656049,1704317,1640728,1704605,1682414,1758246,1868264,1680396,1741590,1670582,
1632892,1750797,1668605,1703301,1656276,1656710,1719112,1693315,1738929,1673313,
1675571,1747529,1685456,1668473,1612905,1719550,1643507,1699810,1670463,1559972,
1689687,1645169,1683098,1645214,1605252,1690757,1576063,1675707,1663232,1766866,
1673230,1670778,1666169,1619827,1735979,1630109,1637228,1692294,1682538,1697588,
1691973,1628402,1669061,1586648,1710294,1596461,1648795,1647073,1711701,1652296,
1656645,1631270,1673734,1575106,1760023,1609222,1614231,1597595,1645937,1745162,
1653501,1593218,1664244,1603850,1689983,1607715,1798802,1678707,1629276,1649743,
1639374,1590672,1642088,1587922,1656054,1639710,1699121,1589934,1636995,1632641,
1655837,1744167,1636653,1575703,1619260,1659388,1757822,1603798,1580248,1644020,
1670318,1689241,1625615,1617956,1658422,1659148,1598578,1581673,1599629,1640739,
1693957,1661627,1617513,1668123,1622144,1647931,1636810,1640218,1670560,1607740,
1619737,1613572,1603268,1649056,1583748,1578466,1661630,1709532,1582607,1676980,
1687073,1616287,1636488,1628620,1618564,1574359,1604050,1631921,1614139,1688466,
1691865,1581970,1609742,1577206,1655803,1562451,1750098,1658599,1587855,1646923,
1694066,1606992,1603259,1565925,1647377,1626284,1644998,1582229,1612189,1617235,
1614208,1570280,1665299,1579045,1607572,1563818,1672113,1584844,1672625,1644785,
1630317,1562946,1677066,1574238,1563797,1626851,1583530,1633436,1613886,1670539,
1608680,1549248,1694593,1585695,1586440,1698973,1581162,1630418,1613507,1678817,
1627129,1602867,1670995,1545808,1580213,1716112,1618792,1666924,1576173,1696140,
1613873,1573950,1698299,1567870,1573565,1832465,1528800,1562680,1580356,1663669,
1568860,1612877,1682223,1535030,1560558,1737637,1572398,1640624,1536260,1604692,
1596937,1594620,1599796,1648786,1580741,1718342,1562180,1647880,1532382,1572567,
1714592,1631358,1591709,1652884,1549227,1703037,1642292,1632585,1562300,1606404,
1666864,1595562,1601117,1726149,1659942,1677391,1701312,1597341,1531454,1642462,
1588458,1548723,1577419,1801800,1673617,1648500,1608045,1563879,1559753,1634531,
1602775,1567050,1598362,1731550,1605470,1599926,1627645,1533993,1604391,1605015,
1590529,1569771,1615290,1593477,1547730,1578216,1626754,1573373,1574663,1635440,
1578095,1568209,1649071,1552417,1683802,1613229,1601326,1557100,1576533,1714477,
1591999,1562973,1612898,1514999,1578685,1615241,1619522,1585935,1531317,1614058,
1564653,1530481,1573222,1532423,1557642,1601990,1493365,1557533,1528236,1577806,
1548921,1607034,1550864,1593625,1542061,1533106,1521567,1541188,1545542,1575922,
1566474,1571740,1548066,1619559,1570049,1558442,1508492,1678001,1655705,1629172,
1623337,1560468,1547287,1566198,1577347,1507572,1523423,1694543,1577184,1616829,
1614890,1536270,1544314,1574897,1555312,1506122,1609400,1595132,1527061,1546561,
1558517,1525368,1555768,1517820,1670089,1512987,1627760,1596375,1546810,1644342,
1527725,1516318,1557276,1505944,1608516,1502558,1614597,1531885,1512080,1584580,
1526277,1505024,1571301,1498735,1548318,1568870,1581971,1550422,1560699,1547800,
1540912,1506889,1634731,1557301,1623102,1520107,1693113,1639905,1534823,1536819,
1542053,1515908,1604432,1561659,1523190,1588189,1688122,1569720,1524362,1533563,
1570941,1563994,1584540,1514969,1553179,1567976,1624731,1546756,1498477,1545484,
1528055,1526875,1542042,1520520,1553745,1580241,1601705,1507281,1520217,1531494,
1546784,1631251,1521284,1485004,1549005,1526312,1559853,1613355,1485950,1516069,
1509793,1494807,1528821,1568581,1564771,1494767,1564567,1634851,1502114,1569303,
1580405,1607831,1520128,1520464,1494026,1478438,1638163,1770289,1602582,1572057,
1626584,1553969,1511428,1556806,1478399,1510075,1560704,1670236,1530260,1623246,
1660846,1527469,1502681,1511623,1654728,1480126,1644281,1552306,1509148,1737771,
1691020,1487954,1509774,1465946,1564437,1498639,1585792,1571255,1497158,1635883,
1651787,1466424,1585513,1492962,1535665,1507122,1574567,1458140,1509773,1597195,
1630921,1471357,1544379,1459374,1519726,1550245,1548188,1553426,1585391,1501275,
1600542,1458983,1554542,1484677,1502641,1552414,1488401,1554260,1481180,1486907,
1568912,1455273,1573514,1492849,1619414,1540587,1532132,1493400,1505866,1495196,
1586491,1544942,1554590,1461750,1516000,1577249,1449494,1575675,1465496,1484235,
1502224,1572509,1544849,1552677,1508132,1542229,1448452,1616807,1452381,1518673,
1520782,1543026,1509286,1569434,1477357,1468792,1537125,1584673,1619627,1521462,
1584083,1728222,1493734,1511892,1506824,1479288,1453762,1617540,1474924,1594662,
1543400,1627785,1497857,1527728,1521824,1606272,1506876,1531746,1462210,1580720,
1518734,1583075,1516930,1459911,1722864,1553120,1486103,1580735,1442982,1601506,
1467671,1494034,1478616,1474359,1600355,1518178,1538295,1468530,1439803,1586540,
1470023,1569181,1553649,1501704,1495499,1519877,1677782,1517553,1576353,1517257,
1488245,1550941,1574192,1478636,1436908,1515846,1766892,1496667,1613415,1623773,
1491435,1523953,1607712,1501771,1438427,1577722,1605147,1445931,1711907,1517351,
1474340,1548633,1598434,1432538,1465065,1562995,1474919,1537706,1642110,1481380,
1488144,1468903,1508922,1453457,1464224,1494564,1401690,1507008,1494224,1521468,
1460693,1540654,1488349,1520933,1481656,1446842,1403487,1484606,1513003,1513158,
1458626,1496731,1444210,1520492,1439886,1422343,1423083,1513717,1428638,1465801,
1507303,1494695,1477288,1519510,1420301,1428151,1468429,1482620,1521562,1555547,
1525954,1437464,1479699,1499696,1467578,1565599,1559198,1508774,1492875,1559436,
1490020,1468148,1504694,1425564,1506013,1461826,1472840,1459693,1438528,1508787,
1451736,1480629,1466607,1444054,1542662,1462203,1577712,1440813,1443944,1472565,
1449153,1490915,1460921,1458712,1627290,1472261,1562322,1587587,1489683,1446386,
1489135,1449835,1464561,1405288,1561281,1479219,1504899,1558281,1453596,1500303,
1454082,1407476,1656442,1452394,1583289,1477790,1591883,1434189,1474942,1560003,
1467025,1456186,1546925,1400469,1500865,1466673,1485194,1533793,1415439,1477908,
1414794,1421378,1452462,1419225,1493600,1531182,1468932,1454299,1402536,1495067,
1405830,1448913,1386722,1480982,1458273,1454117,1443340,1518430,1420127,1418739,
1443458,1547080,1380513,1490850,1430545,1423927,1404583,1506378,1420722,1479366,
1524691,1587938,1380534,1549135,1452790,1399855,1454003,1535583,1504898,1460465,
1489883,1474835,1380293,1572124,1459174,1393595,1498401,1487945,1429545,1461239,
1444417,1490122,1374584,1561729,1464666,1384796,1605014,1410141,1409414,1475624,
1415945,1424995,1390209,1545342,1475521,1389521,1594582,1411949,1382140,1445688,
1464064,1388148,1400885,1489754,1485786,1406595,1486191,1502956,1479797,1460040,
1403698,1375713,1442426,1424370,1434713,1438821,1425905,1470703,1605391,1484206,
1381975,1373967,1468955,1442959,1507552,1476489,1454645,1432740,1460736,1441266,
1446425,1371690,1473186,1383081,1481206,1486899,1436249,1436612,1399391,1405804,
1383112,1370839,1426946,1367171,1403329,1677651,1465065,1449841,1369133,1442504,
1376719,1367397,1452849,1400784,1418793,1532441,1456014,1472649,1387652,1410889,
1377200,1460830,1395792,1396530,1489703,1497753,1408455,1444058,1415891,1392413,
1391124,1460287,1404677,1434884,1484461,1461974,1526096,1453872,1377350,1484413,
1498399,1531587,1438969,1491858,1399941,1483546,1403568,1514013,1440635,1470816,
1642750,1441362,1404245,1470817,1421968,1480078,1416565,1430996,1364853,1476513,
1628635,1414196,1425337,1478676,1419671,1384400,1517209,1436642,1399005,1383567,
1545918,1372810,1419775,1383760,1443742,1361185,1536681,1482594,1412213,1370297,
1449317,1396091,1459208,1415798,1384424,1387574,1473246,1422010,1423136,1437628,
1450057,1351477,1414532,1402601,1501304,1426460,1474559,1474325,1400504,1437452,
1456832,1377701,1435027,1369790,1411891,1414553,1389753,1442423,1420604,1496701,
1355992,1383602,1452307,1344465,1451506,1432241,1367596,1382170,1394906,1460363,
1379172,1390232,1413265,1437303,1394717,1417961,1425927,1383873,1350846,1377963,
1382428,1387539,1359604,1571180,1346454,1355637,1374334,1439825,1366877,1329316,
1339584,1445159,1360979,1433850,1432701,1374090,1475481,1496041,1357334,1368938,
1434153,1541966,1399839,1469516,1389848,1334632,1412995,1525405,1430813,1445024,
1434055,1649497,1361562,1418905,1406768,1339922,1419025,1416025,1376367,1418391,
1361763,1418873,1358003,1409108,1507602,1365501,1504970,1356742,1335742,1384682,
1329155,1394123,1382278,1382976,1559956,1336383,1476550,1354924,1350978,1415795,
1355769,1451560,1382227,1356008,1497231,1332748,1402513,1347474,1365913,1350438,
1353715,1375739,1379949,1488414,1509107,1434297,1387818,1390210,1379592,1377673,
1332177,1367191,1377534,1507486,1520117,1409678,1348675,1364334,1346325,1347398,
1381120,1370304,1346176,1397573,1488523,1443437,1344387,1345857,1379452,1421802,
1354405,1322177,1359331,1372787,1472747,1408465,1387730,1332810,1316405,1447663,
1330149,1313513,1397242,1323968,1441853,1365209,1377587,1484188,1314228,1354339,
1328865,1424409,1386945,1336962,1440971,1372606,1342040,1427647,1390461,1343426,
1314992,1344426,1388982,1338139,1425820,1441412,1370766,1396571,1322613,1333161,
1352937,1335764,1374549,1385990,1364610,1345692,1335526,1454535,1313784,1391427,
1418470,1385518,1333708,1352828,1463354,1396147,1398701,1359952,1342901,1380876,
1410330,1321204,1298410,1400334,1394855,1381700,1492689,1366465,1304559,1351662,
1319372,1326044,1309159,1329323,1384331,1325574,1492940,1384873,1313644,1324869,
1384639,1339143,1299126,1317534,1396833,1294247,1361414,1342310,1339804,1376462,
1308983,1306050,1348833,1323398,1325074,1329008,1371779,1322050,1308253,1412686,
1344976,1301661,1324462,1316216,1316098,1331816,1326472,1344109,1349882,1366989,
1324697,1323842,1360332,1356750,1370738,1360645,1322575,1350938,1374935,1357975,
1366520,1299374,1360536,1351244,1394655,1385463,1340590,1318996,1337677,1321416,
1317842,1336941,1366288,1322348,1374452,1313613,1401754,1365738,1315834,1345378,
1310208,1341006,1375172,1334549,1369589,1369373,1355754,1350716,1391613,1449743,
1314887,1377744,1354902,1342113,1319599,1330286,1317566,1321685,1288673,1313313,
1287659,1302629,1327234,1391807,1329431,1287798,1343080,1367157,1318588,1371390,
1413779,1306383,1310784,1373327,1340940,1278352,1407963,1320311,1360610,1298432,
1378537,1291870,1326807,1321338,1446127,1315877,1418318,1306803,1292663,1365845,
1300394,1284161,1298441,1286932,1470387,1311474,1350784,1433493,1277055,1357728,
1283520,1313211,1298625,1330351,1411648,1276222,1342187,1331978,1293983,1398484,
1273161,1277431,1342789,1302082,1324219,1308524,1305305,1314264,1305404,1402952,
1290183,1277216,1418605,1332683,1294566,1326377,1302872,1304141,1280883,1345290,
1286657,1273643,1427780,1305378,1309403,1323401,1334457,1289857,1348005,1369021,
1360273,1274967,1396090,1354740,1305928,1324171,1337559,1354345,1328277,1339303,
1276911,1267370,1303738,1448595,1297520,1366945,1470407,1308440,1392904,1293083,
1270937,1305709,1319644,1301493,1336119,1301741,1329203,1323112,1539511,1284239,
1253457,1320084,1344416,1372845,1343275,1378626,1291191,1300402,1328517,1271221,
1250920,1321521,1320110,1313311,1293644,1289454,1358851,1419614,1331533,1302115,
1252121,1277593,1325087,1359984,1258842,1267082,1402444,1326820,1305582,1341591,
1371337,1298414,1388332,1330116,1408163,1253915,1387665,1333798,1278109,1294425,
1315078,1269910,1413142,1233920,1355479,1252476,1367176,1269764,1236150,1273323,
1287023,1382513,1425564,1234462,1339099,1248716,1287825,1256581,1323725,1276490,
1342614,1271746,1437976,1241649,1371630,1248721,1318648,1249221,1395803,1274131,
1319511,1289978,1334432,1232544,1311760,1244206,1394887,1286062,1359252,1271180,
1256761,1248841,1361684,1241749,1393713,1270513,1311991,1310425,1315940,1268971,
1263888,1238578,1331240,1316253,1278995,1288854,1279362,1276878,1290412,1310251,
1271498,1232270,1309665,1276105,1287036,1312900,1287945,1265888,1251467,1335903,
1243502,1273338,1296918,1236351,1317613,1366144,1282303,1249245,1249134,1347216,
1234364,1278271,1294239,1242990,1322423,1447182,1255622,1321104,1264772,1280300,
1223819,1246353,1235683,1288236,1257621,1291569,1310857,1272143,1244261,1260475,
1230139,1329464,1226309,1276464,1296605,1226319,1295598,1274035,1240000,1244168,
1251434,1252558,1261654,1296207,1262132,1227295,1327232,1328255,1228181,1235438,
1302760,1242289,1269557,1273737,1323871,1222617,1351772,1293991,1267548,1217324,
1316013,1236354,1284826,1267043,1285394,1215685,1413983,1273508,1279052,1209674,
1465683,1231453,1215837,1226128,1298305,1249751,1361126,1282107,1251078,1227819,
1408627,1216431,1307446,1266848,1311645,1231712,1348004,1250606,1228245,1214133,
1263433,1248380,1265078,1221148,1267244,1220875,1286648,1244527,1289341,1217860,
1251128,1222634,1286647,1234641,1221111,1241781,1277433,1278322,1286976,1220820,
1276926,1213978,1272695,1243379,1300066,1376705,1248439,1247158,1247358,1256453,
1231017,1214111,1271680,1214952,1267140,1278223,1277655,1224934,1282303,1303124,
1236496,1212503,1360513,1273741,1268327,1316782,1243228,1214533,1226001,1265664,
1202152,1202971,1332200,1331138,1223536,1285955,1219136,1274614,1227237,1179685,
1192269,1204883,1386880,1247373,1227026,1263555,1204438,1247938,1222316,1238509,
1226421,1284650,1222225,1195779,1240796,1222926,1359118,1239844,1283160,1280419,
1227779,1220165,1230744,1246713,1284147,1207980,1269415,1225311,1240906,1273628,
1374593,1213800,1212094,1226626,1244238,1202418,1265126,1213330,1259398,1258286,
1313662,1238058,1193616,1215746,1255903,1197898,1334578,1255413,1241031,1217573,
1253402,1231916,1211711,1174446,1255926,1176010,1314343,1307870,1206954,1191489,
1216915,1200338,1266176,1174283,1241465,1223390,1247782,1260964,1207611,1181677,
1318587,1190263,1247790,1165025,1295907,1186704,1237754,1216735,1236477,1201102,
1281669,1217573,1239014,1199503,1242909,1207689,1256504,1190030,1240201,1224496,
1200959,1188264,1200906,1185970,1249381,1213520,1204470,1202464,1225725,1203877,
1175786,1217528,1186386,1185762,1253992,1268379,1242828,1218018,1213829,1198096,
1236184,1186128,1168859,1215770,1225719,1232406,1202203,1182952,1200601,1230809,
1165054,1163925,1173454,1280965,1291957,1261642,1189243,1179273,1193593,1195330,
1177889,1240235,1192035,1212153,1279615,1234930,1200360,1242250,1182043,1241298,
1205895,1233654,1158850,1235175,1197742,1285916,1235093,1225707,1193443,1207503,
1208094,1263958,1196672,1157948,1193125,1234597,1262871,1225348,1173467,1183391,
1206560,1200016,1157104,1315608,1364938,1195209,1257390,1196997,1244131,1320740,
1271742,1214816,1151500,1276290,1319712,1172629,1252416,1182463,1207607,1250884,
1239469,1191524,1178282,1312561,1351950,1163877,1201295,1241436,1192116,1234179,
1181827,1164790,1194071,1408487,1331451,1197015,1232655,1189488,1170864,1214663,
1143651,1147358,1193046,1306626,1280170,1210608,1224534,1154144,1170207,1213096,
1203006,1170421,1213913,1214810,1267397,1168032,1230246,1142847,1198855,1217684,
1159182,1180999,1199719,1194190,1277419,1203112,1193135,1204803,1186195,1169380,
1139151,1138049,1159486,1198607,1291708,1204168,1170713,1174616,1208023,1173484,
1156864,1133407,1148131,1154562,1288648,1173942,1147540,1140702,1194759,1210394,
1270500,1170785,1205147,1161537,1275648,1192307,1141525,1134460,1181536,1178514,
1219499,1134000,1238507,1129427,1259096,1181860,1135937,1180030,1161912,1191652,
1233654,1128269,1176786,1168919,1245704,1201534,1136908,1225386,1156344,1155338,
1210818,1161380,1144104,1124393,1242532,1141680,1147573,1174672,1161466,1221162,
1166551,1122251,1205409,1256706,1270008,1176858,1157973,1168549,1162951,1187942,
1234885,1224184,1178724,1226124,1273904,1157602,1184316,1142658,1184309,1193148,
1198234,1148807,1152681,1182980,1251258,1158079,1234438,1117974,1174979,1229627,
1190843,1175824,1167600,1202011,1243260,1128743,1222619,1122065,1138237,1345052,
1153856,1134904,1190153,1184147,1258464,1115182,1217962,1142095,1166719,1274513,
1182973,1118321,1134045,1133364,1252073,1115998,1225806,1136282,1177023,1200896,
1210763,1141723,1184409,1185421,1240255,1107500,1204713,1166965,1130207,1182790,
1150317,1122786,1224887,1160807,1237765,1144185,1166869,1141155,1210067,1180823,
1126414,1108435,1228160,1143490,1234165,1112961,1182334,1136915,1176851,1146813,
1156459,1106325,1121691,1126041,1217475,1161097,1166551,1104945,1195323,1150993,
1156509,1109451,1132293,1157653,1220146,1164871,1152672,1102350,1154403,1112066,
1106721,1102515,1140104,1151138,1201299,1160628,1134459,1105145,1116149,1173741,
1132267,1100015,1147187,1117439,1199185,1136691,1161170,1124045,1129168,1182785,
1142344,1129789,1154514,1170458,1217177,1258634,1162769,1152063,1102920,1146526,
1101386,1116238,1109262,1280726,1230233,1151560,1149669,1144854,1183483,1194812,
1122016,1156562,1094373,1163168,1216508,1126224,1166555,1286899,1221076,1172886,
1208682,1148854,1105963,1116474,1223622,1091980,1178311,1303066,1153513,1128070,
1165681,1226402,1124655,1103984,1209012,1121645,1179475,1184255,1110003,1117731,
1115671,1282775,1157640,1108857,1201175,1086787,1191899,1234615,1093693,1111486,
1109754,1185702,1163013,1161864,1206842,1082289,1258615,1098769,1086175,1170066,
1121158,1133995,1194733,1175398,1210082,1082769,1220534,1123656,1078394,1151569,
1088066,1139110,1157987,1132411,1203058,1082516,1155077,1179208,1106538,1105739,
1080070,1168687,1139692,1147164,1181170,1108146,1109329,1089216,1121493,1124506,
1129495,1150999,1107396,1103728,1194273,1089294,1106544,1075401,1145278,1157462,
1082602,1156876,1170077,1140992,1200655,1117614,1098444,1078615,1212870,1143880,
1120344,1076770,1264330,1093770,1177074,1133048,1097320,1124467,1270962,1134099,
1163704,1072545,1173239,1083530,1184494,1242380,1133799,1118773,1212551,1126259,
1115426,1077007,1138753,1211781,1222774,1181353,1104183,1118769,1140159,1090090,
1135535,1067396,1080497,1152272,1231507,1116985,1117998,1096940,1109753,1087042,
1105748,1069076,1066759,1132936,1266105,1070238,1122751,1165519,1153840,1082550,
1124295,1142672,1084870,1165814,1260870,1060177,1101934,1078245,1082611,1171708,
1133867,1113069,1101279,1124199,1215652,1058027,1203565,1091611,1068684,1125894,
1147440,1091830,1110594,1094842,1178196,1063391,1208157,1082292,1060911,1107386,
1226195,1109189,1102556,1068687,1196949,1058488,1148594,1061241,1081897,1096952,
1161410,1067122,1147676,1063254,1195062,1083785,1082599,1057528,1059999,1098736,
1105158,1100814,1090484,1065233,1174800,1082820,1064439,1053688,1090994,1102207,
1077707,1086869,1062582,1104127,1186376,1051171,1094818,1104107,1139009,1078972,
1076290,1054284,1143233,1063435,1170889,1142320,1075538,1095314,1110594,1108210,
1071255,1094130,1209006,1065900,1154785,1054029,1071526,1057211,1100182,1090850,
1086673,1051159,1228002,1059477,1137724,1150412,1069328,1045766,1071837,1059954,
1057251,1044371,1117167,1057113,1133244,1099987,1107223,1063753,1072976,1047957,
1114099,1037805,1069553,1080716,1146669,1124844,1076945,1042572,1041212,1072370,
1058358,1040581,1070423,1066196,1147720,1083262,1094881,1077840,1046973,1041327,
1150402,1074695,1064867,1089693,1139011,1109821,1101074,1064796,1051650,1038700,
1095646,1046290,1086752,1111180,1084834,1148102,1088029,1079038,1080952,1064250,
1117578,1127728,1115264,1138517,1050809,1096253,1095954,1040915,1052007,1094940,
1161068,1114180,1099838,1159373,1047205,1183988,1111181,1033420,1061934,1207825,
1128051,1044893,1119449,1110128,1062696,1038793,1108554,1051253,1078300,1116824,
1124007,1037058,1089587,1056943,1055761,1040388,1118170,1031524,1052274,1101249,
1100897,1028113,1129325,1035809,1049436,1024253,1064246,1084070,1026789,1025614,
1101038,1026353,1084549,1105776,1047765,1057947,1093211,1028432,1024020,1008752,
1098677,1022366,1039212,1085560,1056780,1024991,1044803,1029747,1018224,1032259,
1039733,1049799,1087971,1075057,1052275,1021637,1038006,1016610,1063376,1098694,
1029564,1018953,1077910,1076292,1044167,1049020,1035260,1056700,1081444,1178233,
1015392,1017674,1094713,1035959,1039176,1020057,1036509,1029362,1031711,1103459,
1113347,1009982,1070248,1029371,1036585,1135058,1071072,1022275,1034000,1072449,
1044546,1008310,1140748,1025121,1056746,1079722,1038680,1040062,1057940,1034777,
1104868,1006318,1052460,1027290,1054053,1063747,1063007,1008726,1032332,1019455,
1066738,1008314,1022859,1088812,1030529,1077098,1083460,1067650,1004877,1037796,
1049996,1004436,1015876,1025174,1020657,1056902,1031225,1023535,1005982,1016852,
1036937,1002805,1060079,1071981,1026898,1013771,1084412,1013860,1001935,1063207,
1091209,1027215,1058039,1195108,1021817,1019265,1072495,1009146,997298,1064199,
1039853,1089509,1036640,1219106,1041158,1057987,1080762,1003804,1001517,1041173,
1110666,1136159,1054434,1135064,1044785,1087443,1071270,1000793,998559,1058427,
1043166,1030840,1086818,1101335,1038787,1008499,1028054,992450,995789,1015412,
1031532,1065811,1025857,1021493,1018423,1018823,1026643,1019371,988942,1025960,
1009521,995866,1012823,1008206,1041769,1026235,1043704,992529,990250,991800,
1065722,994413,1041969,1013004,1059092,995474,1012226,993925,987364,1048372,
991813,1016111,1111343,1023874,1045144,1018116,1017659,986194,1014782,1020080,
988153,1003644,1069564,1034348,1045156,1056859,1017326,982429,1011443,989518,
987545,1013258,1014880,997203,1031642,1054502,1040200,980671,1024451,984614,
1065050,983690,1008385,995542,1014540,1046814,1019981,983366,999040,1039983,
1034459,980932,998771,1024058,1010015,1013387,1004624,1046234,989398,1025700,
1017841,1014371,996537,1025364,1023589,1076646,1031953,980251,976231,985784,
1052949,983137,1002466,1035814,1054570,1005108,1005691,976448,981086,985014,
1007020,976476,1019877,1020799,1050067,990278,994502,1033589,1001809,1006580,
969287,1042153,991756,1056305,999298,974529,1048247,1020761,972683,1005189,
1064122,1145595,1034777,1124250,1000824,971935,1048167,1093036,974701,1056315,
1036696,1026334,1003108,1111082,1002737,1006248,1056945,1091478,987954,987686,
1033822,980973,988158,1032092,988148,1074412,1007546,987333,1042104,1038813,
976767,974677,979321,1013122,990512,1028777,1001354,958992,978900,1000271,
966338,1001815,978006,986012,985268,1004889,1030768,960148,966911,1010535,
964213,969544,977608,1004083,988684,997286,988563,995930,965452,979489,
960092,963257,1009945,1032814,1000786,964886,981826,968330,960526,964121,
957994,957415,977457,982804,1005331,957576,998946,958232,958930,977361,
957950,989020,1048583,1015149,999164,991162,1007161,953639,984208,984351,
956849,982965,1045154,1007802,975253,995001,1008154,1019203,1006412,961832,
983344,957362,1036189,1029353,976316,1120260,1006918,961044,969714,989292,
959607,949031,983508,985382,972578,993030,971078,956821,962507,972888,
1001954,1003544,959711,995657,969694,1028170,1000793,949547,983974,950462,
1000045,1083243,1014862,968735,993362,943286,996419,988453,949279,943761,
981026,971375,995819,991615,983017,994435,995805,962331,944777,944954,
946830,978906,1019293,1003162,969702,952273,1012804,1037782,946458,1009229,
943532,978779,982963,1047425,964691,981329,1003672,1011225,939176,988718,
1001799,938905,967101,999914,964915,1007230,1027561,1009556,934901,1029926,
1010700,1004040,1023783,1038593,960208,973825,1016431,986531,932648,953678,
1014735,944892,952483,981941,958112,944706,972148,933313,952739,973182,
1009183,940883,966902,958868,955539,1025858,994568,976333,933763,1050747,
953146,1013343,931678,949571,954308,941513,986336,1037059,931776,1042266,
992357,1087049,932093,1001629,960592,932658,977657,993284,931120,1090110,
940889,961152,964019,952620,1023851,928382,953208,1021982,928819,1004292,
945996,1037672,1041768,941496,991730,927543,976348,937952,924625,958757,
931429,955083,1076843,963558,954446,1048140,970695,957526,922821,948722,
930331,1054888,959240,940775,938559,1007324,947112,945330,947675,997851,
1000054,943140,976020,938480,939823,1002930,940469,923113,964320,937144,
932374,927457,920970,968640,937966,956353,972588,919624,969668,930057,
977373,1074718,953963,935220,942217,965599,950058,918532,955087,935390,
943780,921834,929255,930312,978057,919797,933610,915734,919489,935892,
926111,999113,955547,950960,976491,913808,944915,936767,912388,940041,
919016,926349,953949,980943,957379,993197,945103,954289,912565,931398,
938276,938371,919813,1002319,962892,923034,970534,918248,943106,926391,
1009877,998591,948941,948983,958040,1018571,963078,912225,922930,1027368,
996872,933745,952110,958730,928035,919407,984521,933892,911510,1004914,
967824,913813,938187,948138,935114,911467,934136,908806,937532,981897,
919289,944356,933325,919788,930354,909542,967890,902672,1048804,951136,
932948,918173,938711,926623,933476,902377,956623,907068,972439,943015,
904701,909150,961916,955882,921375,902121,995827,1011934,955098,991175,
901691,905137,932392,922378,925145,897950,982295,950046,948758,915312,
926700,927431,923929,947444,948564,917724,927357,909455,983097,967601,
895187,917936,995288,949734,945805,947984,919854,900729,1015985,917432,
955496,897577,949765,949778,914712,1033427,917063,922673,965062,956077,
927018,893133,991049,907378,911936,996558,930638,904430,968478,912968,
944832,897248,941333,944915,916742,966444,950015,903200,939376,917138,
897498,927211,905872,912834,921081,924159,917017,896625,914343,917119,
937394,894323,890790,925694,915519,1012592,905031,933472,904176,936444,
898991,882371,947041,925623,945929,1037507,902939,913288,902784,902761,
888773,881597,965410,927423,935639,996993,911374,964450,951020,899083,
947662,885144,940006,963624,909425,921360,946181,970630,932676,896190,
889406,917222,920260,959067,904246,921387,906423,899550,908495,932984,
974231,885357,931616,985996,900040,883868,905595,911998,895456,926112,
944542,945261,882426,1021354,914177,875547,911961,933636,909993,946199,
944415,886546,877509,976873,901746,878525,932465,881915,915301,953033,
949261,910020,900523,897063,897225,873764,897849,876098,892355,889097,
982795,878468,871548,884395,907432,869219,895561,925962,886870,911389,
934263,896092,904093,881248,899620,868270,885415,924770,888923,932881,
902374,871577,976213,880817,888320,868136,919019,916792,942476,869617,
955182,895768,947596,879176,894401,929203,883790,873862,886191,864223,
912978,867111,903590,878445,889864,882012,889090,865330,888222,926597,
900004,861068,908336,907466,886625,914564,881085,909899,931889,864206,
865180,859265,940311,904880,887685,894279,881569,898109,934346,905541,
906097,885367,865420,878020,888330,986429,907521,887244,891759,864026,
862184,863935,859072,873148,882876,919291,876167,856726,871249,890002,
925530,887270,886226,871865,883619,908894,871786,863924,885645,928464,
892519,855229,852174,870309,892892,942992,907474,884207,875221,883691,
867576,860132,891422,899288,889287,885333,922334,923595,900624,854442,
857751,891277,851821,938235,881238,892871,917079,935847,868281,843438,
881149,967161,885106,1015333,874643,993517,909844,874914,862794,854586,
877421,925953,851628,1021735,869362,876303,873042,872571,870227,894528,
877630,926206,841966,908854,880238,932549,912845,849914,907815,888915,
907282,876749,836810,869990,864998,848151,964425,847401,863546,940814,
890754,849897,840332,856307,875362,845917,961638,850943,857762,907952,
971242,845160,839687,899534,873799,846714,928612,840619,880786,925215,
862638,850979,840334,853329,866389,844552,976983,841580,867304,844612,
867123,899554,878894,860951,859302,877314,944546,840129,900184,888737,
877678,848403,845205,848730,864567,844706,868132,863607,858821,834464,
895367,837601,835499,867639,883321,842957,860004,838303,855469,887294,
888101,831664,885107,889821,869383,873406,845959,886492,847051,844749,
835169,854335,877787,904313,858479,866815,857992,895956,871866,833735,
831986,871286,862578,845379,845235,892563,879032,875190,854005,831654,
906673,836045,909941,841870,864390,840665,846199,883722,888606,831343,
862318,829916,878558,860569,861030,839688,844769,828320,850920,848581,
878602,825082,938572,843302,858506,876749,838827,855970,847217,849995,
864479,821680,930840,844694,845958,870471,909452,822446,879945,832959,
825860,820475,888140,833738,853968,825096,889341,823600,835463,820588,
842159,864136,853701,864027,850153,981661,859252,821536,835910,818042,
849950,944055,855099,923124,841541,837344,840172,855717,835259,857391,
821225,842487,817717,889039,842172,822468,929419,854956,829870,861920,
898365,821394,815409,853029,835717,866799,930521,817724,866536,843812,
858836,893883,818141,831661,834299,869930,837002,818531,832246,826281,
895550,822797,812554,828630,838962,817590,858702,812612,831519,838110,
836788,815932,889835,854371,833531,845251,855343,811507,831126,883670,
819048,889583,850767,819953,828615,813392,861467,835237,873241,839497,
829172,866692,863563,818974,847959,847268,855320,815371,839416,847513,
824505,823888,844396,816452,838481,804308,902283,804841,805276,862515,
842613,843323,813808,876702,842295,802630,874782,837531,802098,805399,
838638,811801,834922,815695,829353,829875,864883,802635,809305,812638,
804247,802747,826890,870085,823978,850877,875909,802519,843482,813980,
798267,798149,810736,812413,820967,854667,815832,796993,829959,795988,
823048,839784,806770,810091,819810,843782,819471,805928,829797,798913,
906331,837213,795962,808928,829527,815138,810532,794815,832396,816118,
809335,817907,826455,817496,817359,798299,808038,847115,792697,818679,
812068,791926,806659,838069,817848,838937,843844,833583,824940,795794,
803311,789153,795739,827123,826402,792364,841220,802920,791209,792867,
839801,810142,795594,803487,824339,789766,818873,789571,788445,791067,
797416,814606,789806,854167,823309,815558,809470,787923,784637,822250,
794604,815752,816230,892235,808083,788084,806320,786925,782685,789060,
785634,793337,786506,835763,815488,785267,906797,819673,814305,783796,
800435,812141,784391,823246,812085,782219,838277,786701,788972,842800,
849764,920111,782031,794028,805298,780481,801062,793747,776950,836844,
810363,873377,778453,793237,808228,786777,824714,785991,780838,865022,
800917,797597,784219,788232,802817,776231,826910,781923,816513,809402,
792339,779382,779288,786786,806688,776125,799208,778354,794073,807814,
789271,778549,782249,789818,794317,774793,792786,775522,775990,773088,
791868,801792,783036,788719,795118,861181,845826,775052,777056,863474,
782132,799304,784986,794814,791935,803111,824155,772360,773778,820136,
778779,800094,779655,810937,800805,779619,841653,799199,794335,863656,
776308,773272,775388,819232,805865,771626,826103,772482,818442,809727,
770029,768241,814970,821009,792506,827272,781817,767601,764738,782702,
769370,791955,782095,786711,785521,765860,779548,840940,791290,768519,
787317,763092,763472,797335,783258,762930,777614,783705,761527,810625,
806839,818353,821574,772839,782254,804637,808613,832215,790331,770828,
786043,764695,839166,776175,787210,765720,774353,766102,788974,758061,
765227,763477,776579,848722,783650,821419,776009,759547,768917,793347,
761354,776561,784563,781109,790134,761154,772818,756771,756071,862131,
795910,760869,759587,785227,800621,759056,771162,759990,753529,782737,
763926,753149,787939,795706,796868,789463,796848,759024,751010,772810,
754791,759832,760628,773566,781846,754287,839869,781632,749780,767597,
753247,751499,749950,805109,783075,782120,798872,761070,782793,803243,
793312,833663,748174,803878,798827,779434,776800,752690,756431,775469,
795531,821945,765362,805255,778726,781124,765854,810553,745091,820436,
755266,764254,780528,780570,777547,752616,822226,775412,773030,895986,
834217,748885,747701,756782,776205,745046,774664,756537,742386,882401,
753242,743123,792601,755562,783065,769900,892656,744637,783365,771866,
746773,765705,745799,753892,773299,741463,781423,742455,766956,781549,
780433,769817,796137,756691,775821,799295,763230,745411,746935,784214,
796677,742623,790941,752693,768676,778382,753125,743773,735422,754594,
750377,738721,776713,781195,775959,742632,750929,741400,740563,779260,
794370,736586,765329,751817,762546,764558,758634,738456,761933,753295,
748351,737371,775177,803860,779106,799826,748607,739052,733864,751003,
773590,741212,750510,778656,809585,748054,747589,737501,730919,779367,
748823,731983,735329,749309,747955,774703,747000,732160,730112,746125,
786579,729562,776167,746112,744247,747770,750899,730241,759360,743792,
734122,727806,774705,748128,744814,748768,780459,731703,729381,741799,
766149,728263,756619,747561,752015,797519,746360,729171,757381,742893,
763923,728746,726464,741173,803213,878070,775485,726198,752344,739757,
846278,726037,731497,768525,819900,739703,743895,724646,725776,772268,
785872,723124,748281,783969,756544,730594,742376,723569,721772,761585,
732361,720432,722776,746285,747450,774307,763474,727802,719077,733885,
718931,770238,718963,809975,763035,758162,779797,724686,723362,732075,
718493,732202,716496,747177,787150,722961,789589,745588,791660,765592,
801772,750695,714275,816709,775982,719557,735246,725595,734120,758270,
783783,742933,713050,744469,749168,719288,760543,723228,734117,739686,
766468,762996,740991,729794,742782,719210,764009,720875,726774,728199,
789944,755934,714001,732710,736572,716439,730286,735580,713767,723137,
805567,725257,736123,782338,764204,712766,727410,718932,759330,744197,
753656,752344,715757,754978,735310,710278,724816,801159,712941,743064,
766643,790562,709637,720485,766254,708663,724051,758611,732714,722541,
715355,730625,738635,766139,729885,707842,750216,804370,750256,729883,
727469,772698,708862,721730,759880,705995,722363,739484,711216,745641,
710639,742585,702457,736499,731597,711659,718490,733859,715661,720109,
738542,747741,752166,760825,725322,707843,719189,739591,708629,721087,
703734,713589,722836,812342,768102,727874,729332,717491,699071,744717,
699621,750383,725012,723126,737360,714149,721948,711854,700780,733268,
738632,699623,756955,709578,731273,698909,712374,708990,698458,713827,
700380,753543,771034,708331,826222,775074,719899,725804,720714,708006,
695449,742617,732004,705296,775943,736022,708657,703070,733440,707171,
758631,750549,695115,735397,773996,701011,707367,695289,705993,731818,
776143,703349,721557,766289,746656,736992,705640,694347,750336,730683,
742394,691980,722186,720068,722203,741956,707383,690465,776266,708672,
714500,718252,688632,748422,720231,724537,702155,707427,797018,705603,
689445,753156,686935,708012,716896,731158,701738,688450,712599,708640,
746184,731926,686253,797262,712440,711043,701770,687097,751799,721789,
810658,718737,685358,789551,745402,725843,786534,723999,701684,733540,
733508,683709,731542,706398,720741,690892,723947,688313,758184,736643,
688911,771130,698238,683322,728689,781776,749978,682691,704718,695079,
770100,688999,680310,731517,707512,716352,731367,706496,777925,721236,
709031,709622,677644,685197,739234,680873,753680,687193,703624,695177,
711429,712116,698920,723190,727083,678018,705231,679532,696939,697543,
683096,712103,677035,702882,704788,675252,774278,676673,701257,736038,
689851,678000,673490,687165,695508,677501,713090,674838,698548,706688,
682052,718289,706208,674321,692134,677356,712887,697470,692796,687815,
751288,687013,702852,672856,697482,701131,693353,680184,714976,683970,
715126,720733,699024,671544,716630,670466,688021,692923,688629,699503,
753924,674813,693501,742756,698797,673256,682183,698373,698876,706601,
686860,686359,705003,672051,690758,704937,685915,671725,715144,708183,
722044,669467,771981,669141,684822,680583,713870,668346,708428,704493,
700752,667382,760027,697347,699213,668508,679532,675327,697992,700586,
677698,664608,720283,665338,768979,737083,677245,665958,685151,704715,
696218,725661,671821,681358,703596,669546,677816,662669,682011,707962,
707395,662417,686529,694958,685153,662140,678059,688546,682750,737879,
698175,660813,659641,699787,735818,682991,680134,658645,676639,709368,
691106,675173,691909,690541,696004,661535,670001,657686,675406,674887,
672862,676438,656459,694572,695109,655060,670446,660508,672931,669978,
667359,657911,714117,752414,693037,687367,670947,658408,672513,665131,
684295,690833,658261,712228,674924,679714,674581,656196,667277,663359,
670280,657367,660174,716173,678529,658846,715671,654326,664990,695905,
685954,684625,680489,728018,681142,652302,691427,656870,665846,698524,
669297,654262,672513,673202,682694,651174,670196,689103,664695,684857,
664036,683289,648185,691195,682560,648227,687210,656993,663304,663319,
683314,695381,646199,666534,689823,649973,667480,652160,665893,659111,
711757,658737,645101,699205,686942,645271,682597,649189,660733,658574,
663247,645642,644155,684853,670648,645478,662302,684673,658245,677616,
656572,642857,645966,670123,666916,643499,664120,652267,691474,682992,
654809,641966,666194,653738,670897,641369,655912,644275,712563,653043,
683898,640820,662563,652226,662051,639761,652381,641838,692244,680707,
653964,638814,639454,651061,661093,663668,651378,656163,721438,648744,
685131,693229,641659,667571,653876,642740,648799,643962,655845,669273,
689807,640227,639535,666174,645733,636292,648471,637964,649332,671324,
654541,636864,639561,653837,654151,635445,650449,636099,645792,684836,
652583,634938,720471,644532,650540,683522,649316,683665,645394,646118,
675399,655987,652522,642844,639748,667672,648960,633613,646089,645136,
712452,633904,636114,641460,646020,639041,642301,650230,656102,651340,
648227,651896,629819,673969,642672,633944,641939,633885,645724,640956,
644125,633550,633876,640143,639976,703391,639370,628455,645723,680183,
688702,625935,631327,678683,646611,629162,638367,626860,642227,675821,
687561,626627,633133,641959,649035,625408,638339,667190,639191,638506,
659918,624261,647990,636318,645974,650391,637002,629892,638199,700481,
676113,631513,625614,666729,642838,648559,638525,646813,655556,635343,
665502,620580,626677,651623,635846,625516,637439,628970,639816,632555,
654413,641734,619129,638683,635171,619526,631259,679105,633876,659537,
647851,622679,618472,644204,623022,672244,629468,622225,633086,658621,
641009,617641,615379,647086,626041,631518,661359,642477,631027,633536,
634886,615975,645389,649552,629124,619538,625574,673516,630153,627782,
630811,614616,614176,647958,632209,618233,618941,640537,650443,625119,
631756,664332,616850,656086,636569,615536,656906,644270,626833,623217,
626377,641083,614985,629452,635730,611134,613025,636971,624618,652069,
624467,612941,614348,658006,631042,609468,638440,633306,623677,620228,
623787,609682,611463,621497,620255,608155,637109,610645,626152,618779,
620729,613180,666834,627889,619531,611549,608696,608412,623727,617809,
619175,612218,640670,617845,627865,610567,606292,615233,625759,625214,
623269,606648,607826,616794,631062,607213,605276,606670,637242,614752,
623180,604845,617186,644683,623343,604846,612727,618967,618463,615976,
616425,643196,647248,619770,632669,602117,602466,624395,616361,638085,
615027,600902,608640,626918,616231,601241,601437,604566,615008,632518,
613751,612549,599155,613367,616164,599203,627335,620524,613646,611993,
611730,597954,648114,611259,612656,615280,599124,603715,612310,608154,
610097,605652,653363,610557,610549,633462,625258,602495,628451,606640,
611728,633709,600664,622842,609237,602785,595759,622326,611312,604904,
607009,674961,597219,608847,624371,622754,598767,596152,605257,625977,
606528,640328,594469,638886,601389,617646,597759,597239,607912,607473,
613986,594528,593747,630094,597091,593982,594764,591569,602999,602558,
606327,591465,619219,601530,605092,591484,591598,590546,593284,600708,
601892,593657,604919,627037,614492,588774,589980,589471,591185,598866,
603916,592435,587459,599540,620269,612909,589087,590704,627459,601441,
599179,639846,586728,657616,598295,587200,587084,586960,588229,600556,
599651,591335,584063,605128,643597,585634,585665,616467,586805,646386,
597803,612809,582664,657323,613411,583987,627096,586447,584821,607045,
595498,617570,581153,677322,603333,602201,656174,585312,584027,592392,
599255,585997,592314,625371,587034,587147,593973,582945,585653,643805,
596170,583802,580134,593468,593186,581023,620930,582209,589336,652153,
607113,579030,579035,593976,607676,585855,579958,599813,581744,605774,
589772,600744,577820,590117,616959,582316,587465,582449,583939,649284,
589385,619913,576675,624343,590718,576550,603446,580497,582515,644626,
591754,582643,575137,593241,587673,575026,579781,604540,577258,606582,
590689,576171,582458,588386,582319,574012,580762,594534,574480,616530,
584807,573216,608792,585387,601421,572680,576319,634945,586238,638597,
583255,571684,576630,585640,602090,571795,576264,574556,606172,585219,
585142,570376,570131,590307,617416,594735,571081,591740,603523,595688,
580638,591265,568376,581883,579587,568561,568502,602171,570528,607579,
580261,631092,567226,590772,599387,568465,568413,570706,567997,580061,
578061,569130,566507,589303,570217,566624,566663,568342,566573,580397,
576904,593744,563974,595942,571831,564438,566456,566424,564277,580337,
575282,589778,586744,574656,597115,564135,589717,565112,574275,578967,
575482,567429,566578,583122,573246,566856,567206,572718,606066,574977,
572822,560989,560046,575828,582384,582221,594415,569741,589998,574989,
571659,587570,593276,590330,606861,565301,560543,565648,588136,571536,
571774,621985,566037,579367,673747,588115,559718,564337,620130,570226,
569541,559832,580506,592805,592332,562117,558278,557750,592855,569745,
568166,582792,571781,569796,593305,608121,586351,557504,561525,569576,
567015,555240,588265,564242,580047,557406,554998,554803,559324,566489,
566541,553419,557505,569332,564568,554073,558280,589777,589734,565830,
566109,551747,561629,562328,560967,583230,556093,558830,590334,564456,
566422,593841,552237,561366,561381,576726,555785,575218,563340,572415,
565755,554916,550362,606519,593158,549815,553750,571429,564492,575502,
560079,553827,548814,572476,560374,547671,547954,570641,580550,559251,
564164,580215,548148,562272,557574,546784,549761,550935,547926,559759,
562629,566871,558370,594426,572489,574389,545964,547609,545224,554980,
559246,593020,545826,571744,559152,547161,556954,550875,585524,594023,
567035,544568,544635,558430,574372,547536,562267,550456,575757,562417,
555240,562056,542895,572478,556642,545424,546021,543441,593547,556328,
589994,545911,542244,553174,565747,541006,541898,602595,563399,583143,
558462,539845,540539,550302,552883,538986,566217,546461,549414,551198,
549659,580973,539102,572127,562674,538748,565508,542326,539273,552253,
548263,540941,542760,547095,545708,542607,537440,553959,537428,571864,
546523,537697,540008,548112,574600,539986,536406,570373,547498,546580,
562388,538204,536202,544168,562360,534610,534663,584360,534563,552048,
553478,553269,532710,542952,577128,535320,533366,535859,533091,544849,
544050,551650,530864,542014,584550,532201,532260,565006,532080,543464,
542716,616644,529842,540595,544306,530649,555061,531688,550602,541340,
540923,639012,528831,539532,547123,530011,532153,564326,533994,540332,
569783,624895,527911,563473,551999,528525,529139,582879,528325,538626,
538629,543101,535652,528056,573436,527780,527264,612870,527697,540922,
558113,537439,534160,556399,548657,526427,527039,551205,550329,535782,
540300,566774,536927,527941,549493,527039,525363,527243,533818,552648,
533713,541569,551268,554045,535980,528495,523745,559293,536873,538718,
555712,533185,533190,529787,562924,554323,522177,525374,527368,531489,
535674,564661,521124,523935,546385,525803,520483,522401,524757,531282,
535990,546423,518798,522036,547000,525044,521158,520877,531229,529946,
530790,520760,532925,521457,542777,519162,518570,520437,541918,531473,
537948,517750,525692,534213,552146,541819,516831,519232,558324,530310,
530605,516331,516228,523407,534071,555823,516027,527440,524343,549188,
525252,555082,516835,521831,537419,544507,514550,542684,529886,527323,
523776,517799,520061,555272,525642,514531,513816,526012,548365,524388,
522396,514911,512389,527522,576358,517915,512124,515282,512660,523259,
521316,513262,510873,575263,541414,512079,511406,513515,512088,522071,
524559,511639,509771,533498,541500,510259,511464,511738,511027,525070,
524514,539449,510176,514466,533034,509112,516234,511095,509333,523921,
527870,546381,508353,553799,524201,512523,508355,518537,527721,536425,
519801,525681,506990,514401,526998,521581,535001,508382,539076,551897,
543630,515904,505557,524416,549953,523428,531313,510149,544927,541183,
536160,506864,504960,507081,536803,510303,508719,511839,576315,519926,
536117,528771,503093,504993,533502,504610,503721,506254,519839,515152,
514970,533232,502616,504949,522119,503627,502179,504158,515140,538903,
510474,508992,500786,504014,553239,502486,528416,502126,511553,502937,
510377,501427,501296,526438,536450,501300,500124,509096,558438,499211,
532843,500368,498202,502943,533714,499629,499033,574269,546218,498250,
507289,519911,497191,497349,525913,502349,501161,501827,553555,522163,
505507,513136,500203,496741,561120,498796,500818,514546,507163,496893,
504635,498343,511584,496070,569169,495688,494684,497032,505884,496464,
502735,529641,493177,494291,531756,514672,494122,499574,507704,512263,
502300,494028,491856,513716,537015,495811,492808,498767,506333,570957,
501259,511596,495119,515877,528935,491665,493366,492490,502335,538744,
500226,513616,543240,523487,554378,505655,513884,496424,511112,508310,
509003,490747,489747,495319,530932,489835,489410,501580,500395,501963,
497861,527767,488109,489841,494406,500975,489335,488725,508557,492735,
496405,495356,486797,496438,510809,498982,487541,487777,496694,490828,
495319,487343,486030,486910,510604,486510,486438,506527,494128,492122,
503362,485746,484080,485763,502076,485069,484852,511563,493346,490114,
499266,483687,491003,485088,510921,490255,484001,483351,492409,485886,
495948,482010,490439,482999,495563,488143,490615,488132,490647,484348,
490177,481043,489520,483928,586038,482990,483379,481351,510589,484416,
508330,479645,503357,487843,499818,490868,482297,488499,516948,485116,
492142,487495,480838,488506,489668,486634,481209,479767,490111,515184,
486696,477641,478213,490063,504355,506079,478406,534304,487821,494184,
489135,476676,497933,481944,493095,482472,478248,518972,489438,489993,
488467,475181,480081,479981,493357,475852,477760,510251,487143,500310,
486697,474250,473882,558878,505867,517729,476266,480158,485569,482590,
487053,472686,474067,514979,489905,545225,477023,474134,505358,473214,
485484,476024,473995,486130,552590,508816,473830,477571,498835,477445,
489065,478856,471862,505079,481300,533240,472147,482779,500425,476448,
478580,471578,469437,495466,476455,487123,470423,470861,520288,477229,
518146,468642,480655,504379,478557,478379,470547,470512,479634,489103,
485734,477822,490953,483382,495227,468096,469172,472137,488678,471753,
478484,466749,466813,478955,482054,467141,504789,470781,508465,520158,
492303,464682,465443,543171,496753,465817,475426,498588,477798,478336,
502710,471205,463677,470565,478285,465390,492886,466397,496167,498346,
474456,478346,462813,466679,491031,463105,467014,463964,490810,474501,
535153,485799,464195,470804,473763,462741,480719,462376,481135,486416,
472814,460646,465040,462532,476496,461644,464419,463608,495882,487051,
509245,485645,459528,462127,502844,462996,465553,460866,469955,495246,
467800,458071,457910,463925,506023,459405,459701,472970,482472,489536,
466697,461043,457321,460182,474002,458676,458480,466935,470062,466373,
465946,461542,458447,458134,501435,457391,456743,457694,477174,465761,
471822,454801,457355,473660,471016,455651,456158,456255,467065,464958,
463859,453995,453835,466484,469007,454844,456668,454819,499133,463904,
471792,456919,452726,477644,480350,453727,453171,478184,465020,462286,
463829,468520,454294,456416,467043,453292,451538,469628,461271,465837,
459676,483290,451626,452982,463160,452162,450325,451022,459912,460898,
457778,469984,453377,455719,451490,454879,449498,449658,459285,450977,
459967,448809,483830,452035,460037,455246,448832,448619,476043,452368,
459862,447447,450989,450770,463165,451562,447002,447819,477297,448378,
454563,446064,462469,451273,475041,447400,474672,464015,460274,449659,
480436,445104,448477,445438,473946,445901,444911,450271,454287,448700,
452366,443514,449941,444240,462358,456725,470943,444269,457603,444536,
470126,442339,445800,470282,451920,443837,496326,443016,459149,443952,
474036,441200,442243,443519,461223,442812,447467,443763,451236,451381,
492973,462827,441046,442076,444188,441195,440602,441099,449198,443572,
460604,450479,440560,440889,442210,446752,440749,469233,448003,440839,
500843,440178,439709,439782,449133,464378,439234,444341,446604,445318,
483147,438662,438577,447865,457251,450081,437934,460392,457864,439360,
480553,436891,435500,484156,461002,438105,462188,440178,444356,438771,
501208,436324,434428,470857,445277,437898,434662,437827,443334,440864,
456676,435351,433197,463410,458172,447135,435580,434996,466633,435415,
442002,433806,434047,464560,438850,456128,432582,432992,442008,438764,
441982,433281,431257,445830,433028,444027,431960,434358,440574,437667,
440307,430213,430414,443389,431663,432134,430457,430733,439046,436164,
488134,432638,431817,455694,430667,442456,429473,429858,438451,440792,
464307,432076,456206,438044,430393,429358,439967,429328,464777,433909,
443124,429214,426887,436744,437450,433877,478329,469693,442974,428482,
749860,711953,713222,683666,712495,888735,690916,739338,652286,693794,
633367,605730,632388,659447,632348,682000,635373,613449,649374,616228,
610779,607336,601268,637792,609468,602393,574735,576566,586369,601838,
590640,578930,583067,589291,572552,671982,595277,594802,612409,605104,
582767,592891,570246,581240,571300,572606,572708,603938,592648,585242,
581538,572664,568071,604172,612611,568547,568105,662382,598828,583712,
591348,566340,567049,582191,609908,571258,571883,595124,596607,583182,
578190,565366,565583,580325,568772,571411,567906,568746,581870,576153,
584082,594105,568289,606383,595219,569159,569878,564744,597520,571606,
606377,566818,569859,589487,586981,567561,568312,564871,574775,569464,
597504,576141,561929,596158,591678,589541,567311,582595,573264,570118,
573604,582490,588803,574019,560166,563525,559967,594945,590826,570968,
572357,564029,600289,569984,558658,559107,558868,563848,583350,565795,
572022,558002,558957,568030,581000,557788,562221,558592,569805,564759,
569289,560848,557029,566861,558186,556504,560726,579282,571317,565221,
575470,559759,555079,596620,556546,555587,556384,576924,573399,557380,
565750,581578,555904,571445,559787,575539,553883,558730,566468,555668,
611750,553427,581145,563653,558436,583198,551386,562159,588541,567480,
569871,553506,558004,562222,600471,566023,559838,564560,570525,553018,
562590,550404,552626,560777,562076,566874,549770,567960,562225,551230,
573000,553263,552928,581084,563467,548530,548211,555103,561914,549798,
593689,552077,567839,558695,551321,548176,547340,573442,560867,552840,
569848,545780,652873,578959,582362,546244,547269,549891,587387,552092,
558161,544447,577508,608769,550788,570566,549697,549781,561801,546574,
567911,543217,653461,564424,544814,544522,543367,559266,556623,549064,
571577,544451,581227,559111,543098,544489,541600,550186,554434,544212,
565428,541825,604965,553392,541525,541606,549149,543977,553514,542873,
564715,540189,607171,551754,562441,545026,540527,543221,552184,548130,
584721,547988,545729,551699,544363,582307,538551,539389,550425,547922,
558072,537845,540457,577187,549350,541116,558645,539365,555409,545832,
549215,536888,562114,550967,542541,540289,579200,579882,547294,538117,
547861,535709,538779,548945,567731,539366,540911,540418,567279,537411,
546836,533680,535272,544872,555382,540029,535525,535589,555746,568461,
544467,550674,532062,543348,534423,532426,575383,569731,556225,533598,
543083,537423,535613,546300,538072,531295,541979,533224,546348,533083,
543987,535183,534314,544623,541566,530103,536803,531909,541446,532664,
547650,556408,528116,539183,553900,529197,538404,530214,568046,530250,
539128,527779,533969,540622,555844,536494,555316,528828,538384,528585,
540103,531593,559532,535911,553089,526730,532883,547476,536323,531608,
538084,529917,529242,560571,527364,527131,535446,529434,536708,538767,
536889,525744,579449,559588,561005,523648,526869,523915,535138,524762,
537654,547551,524847,532735,525314,522715,523735,522975,533590,523606,
534370,522123,522251,531165,549455,521046,522274,521590,532673,526875,
554624,520899,519919,529635,521313,520265,522158,520507,542294,521408,
531969,519043,518739,531085,519063,518613,544312,545650,568720,533787,
536846,518096,552488,528608,518334,534583,523268,518001,538165,527426,
528792,516768,547407,526896,517219,542170,518264,548283,544569,529562,
532434,515111,521919,525551,515577,528747,517667,518655,534133,540486,
528721,515520,513894,523739,558207,514059,515220,527588,525071,517389,
527691,520040,513185,523124,552686,513053,514610,518308,523780,516293,
524465,527195,512554,531584,516707,518902,512245,516244,526554,521913,
525173,515771,509877,520468,515721,514885,516090,510877,545817,512340,
520769,514012,513644,521246,534018,508417,541402,509546,520441,514040,
519187,507716,520481,563186,518787,506833,518043,509142,542671,508223,
518112,505708,506916,559712,508443,510599,508049,515484,519223,515824,
516371,506181,523257,519934,506938,528200,508970,505726,527206,514818,
515790,504347,523835,518669,504118,508711,504413,526779,539730,507776,
514665,502740,503017,522759,520447,503261,502573,503695,518267,518298,
513662,506109,501572,513151,503762,504385,501875,502834,537574,531211,
513938,505429,500603,513020,505386,521060,543860,501785,530220,514866,
510566,499822,511029,509563,535164,504107,533165,500644,513119,515766,
509453,502646,506495,508028,503938,499135,502821,536344,551252,510952,
508250,501330,501234,506620,500215,503796,526021,511775,510126,517586,
506909,497129,500001,505604,506159,506700,495094,524292,519394,509849,
505668,522850,499584,504534,499708,494798,494035,500294,509452,521572,
504578,526680,493138,502307,517048,493643,514919,494746,504240,506103,
503407,493246,494388,502072,502644,492836,499296,493218,521129,506442,
504083,491110,494472,501819,502036,491480,517894,491428,500988,503838,
500854,489764,506254,503531,505057,489962,526741,490702,522651,504910,
499990,488711,497319,501847,488919,488832,487874,512194,514772,503701,
498657,508916,487284,496935,487455,487642,485501,492054,499572,503655,
497128,492622,492727,495908,486439,488228,485762,499532,503423,497631,
495913,484912,491240,521468,494300,484936,483483,526090,515522,515218,
494908,483720,483953,493215,496244,483888,482577,509923,496338,526073,
493508,482396,482503,492115,484109,483073,480514,485996,516537,497991,
494289,481400,481146,493213,488538,487638,479689,484279,494926,491511,
491355,480384,479474,489893,484998,480073,506511,481915,492407,489938,
489986,477909,484259,493171,483792,478329,482621,495981,532677,488549,
489131,477048,481348,487634,478205,477018,497377,489463,509405,494021,
488435,475743,481070,485924,479348,479629,481522,486814,498351,494785,
487008,477541,486334,485752,506694,502453,476213,492316,487883,487046,
485522,474097,478846,489989,506542,474998,482753,482495,485362,485404,
484406,473284,472588,482892,492356,474802,473997,475619,486969,485100,
485124,472023,470885,482235,501051,486893,471336,472828,484012,485687,
481914,480262,470329,480725,475938,471167,485794,471689,481805,505827,
480670,473813,477876,511793,469277,474020,471635,474240,480026,515876,
479978,467615,470111,504667,477297,472833,490935,503288,477893,492772,
478083,470775,469640,483014,467677,479238,503823,469649,476535,481775,
476772,471544,494065,475511,469336,476684,479830,467710,475002,482306,
476768,464137,465219,475787,474758,492258,475086,469050,473692,481935,
474378,462789,468469,473225,463844,468644,499863,464672,476189,475785,
475921,462295,467136,480397,463840,462416,474399,462992,472614,470152,
470857,463524,461336,474095,462028,461663,476113,463242,475325,486022,
470864,462507,466485,468772,461233,464761,467319,460656,475225,477569,
469936,490208,458829,466404,479588,468987,460871,476073,471957,503949,
468078,462080,462587,466290,458856,458942,464243,463804,469439,484467,
467242,461317,460968,464428,459956,458947,460410,484508,467433,520590,
465513,465050,455837,464057,458208,457132,457318,458115,465389,481811,
464947,454738,454294,462993,470256,454033,455014,455710,464251,534042,
462891,461526,453283,461551,479206,452572,458158,453582,466390,470837,
465110,465590,451538,466717,459538,451390,459774,457092,461429,461540,
461987,451964,450766,459444,462434,450507,461399,456454,464732,479764,
460679,450262,451498,458192,453671,448937,459247,450216,463665,461553,
459460,448381,448785,457089,459620,448581,450664,460099,460709,467426,
458394,449247,447882,456496,451807,447199,451018,450967,462656,457137,
457032,447673,452658,459125,448431,448830,448804,449389,459510,456228,
455315,541888,460555,458184,446591,445637,448499,448485,454615,463288,
454268,454542,459183,485187,450299,445139,445210,447063,455659,459778,
455295,480298,508414,455513,448525,443709,443175,446035,453064,456152,
452048,452026,447229,476914,442980,451702,442023,443948,451529,452649,
450524,442016,442252,453475,443474,460633,450438,442840,451748,448575,
448711,442192,444315,459529,446117,439661,441473,442512,449305,454745,
447599,438172,441490,458006,440415,438526,441512,450179,448055,449619,
446373,438966,443705,445717,442898,437660,440199,440330,446721,446715,
445037,441313,442509,444385,449864,437780,436317,478214,447111,460714,
444138,436424,452427,447959,436258,435613,435049,437387,447121,453963,
443047,435388,439256,441929,439669,443109,434034,437197,448262,442756,
454597,434873,446673,440889,440779,437532,437182,435633,442573,440379,
441488,433660,432916,445427,435804,437113,436386,434503,442431,441888,
441132,432215,435772,443364,435856,430583,455156,432156,441534,456687,
438914,431528,443318,438291,434764,446810,433880,431495,440872,462771,
438750,430444,429017,436499,429761,439083,428462,438764,438970,466672,
436769,428976,427742,437246,428182,432799,431551,430269,437417,440350,
435992,429424,432208,437907,431703,486147,429857,429231,436128,436069,
434371,427285,425915,434581,426748,428485,427641,427869,434307,432913,
432432,425628,424635,433531,431790,466903,426283,426550,435319,431595,
435632,424338,423358,430783,426800,453864,422581,425647,432960,430515,
463295,424103,422448,465876,422716,472623,438169,424197,431717,436686,
430914,422282,421078,464860,421390,420914,473018,422935,431388,425517,
428329,421018,423479,453579,420806,420419,419868,422956,430006,437004,
426685,419799,435632,426085,422029,419350,427826,431910,431056,431303,
426160,416703,422081,425126,420813,417708,420914,420019,429050,430358,
424961,414715,421457,424070,417355,435917,415555,420928,426282,438689,
424350,422125,415604,425273,416132,443427,418834,450629,424098,444081,
424351,419832,418540,427256,418398,415078,448297,489628,425277,426749,
422435,414336,417438,427338,417638,414654,415220,421936,443691,427201,
421827,414473,412378,429077,412660,412384,411261,414817,421646,419476,
419296,411623,411637,419316,415079,411208,414509,414016,420469,421298,
418670,417716,419077,417842,411291,409532,450908,413459,419191,419684,
417569,438949,447516,416446,409853,408718,410967,414836,418291,423642,
416179,419168,408742,415733,413612,407183,412400,444415,417045,416164,
414877,410600,406440,416901,411862,406435,428940,426858,420555,417557,
414167,408706,412418,416173,407304,415031,404899,451824,439401,416892,
416357,414823,404479,416643,412619,404248,425074,405599,413698,437642,
415455,427260,405492,411123,408519,407643,407596,500885,414644,412665,
412271,428990,410036,429636,402963,434858,401921,421223,411091,414121,
409684,407155,447238,420049,401890,402477,405300,402314,410092,413350,
408686,401432,399659,407504,407023,400118,408129,401356,410187,407407,
407284,402049,405007,408428,399942,398567,401352,400133,406850,418064,
406566,400850,416751,407992,398227,401845,422849,415102,407565,405456,
405323,399849,403460,451988,397226,401376,397684,419200,405534,404254,
405893,427051,395471,410479,396199,399500,398337,421059,404823,403423,
404834,448515,398435,402173,395404,397125,394369,400270,413667,404929,
401035,402271,397437,400903,394411,397663,392539,394965,402512,403332,
402665,392519,392692,400573,397198,396834,392521,417884,404734,403147,
402047,391397,393833,403102,391907,391334,389856,443186,403628,401492,
398014,417985,398710,402671,390566,395223,389342,416380,399630,400468,
396864,402028,389636,419240,392694,389514,394745,393067,397877,399655,
395947,388331,387531,412485,402962,394230,388096,393051,396978,402713,
395105,387459,411323,401530,395632,387813,386974,400983,396197,396716,
396443,388850,420717,393294,395151,386410,413296,397020,394998,416379,
392660,384764,439312,422843,392700,388761,385432,393813,393965,396642,
391789,393444,406255,406991,391515,413168,383776,392613,392401,391321,
390515,387289,390440,462791,392821,408334,386982,391633,391070,389234,
393171,381242,387851,433672,426070,382780,385928,390834,393760,388011,
393291,380207,390338,395844,417739,381724,380655,391139,390229,387914,
388468,387254,405441,390390,417824,382585,379357,386845,388902,385895,
387002,380622,380296,388971,379559,383463,378324,385945,388596,384978,
385689,379222,381191,387117,391437,382714,385397,384727,386751,391729,
385516,377153,384562,383500,406836,378097,376672,390954,385171,409249,
386207,374850,377046,383986,385422,377624,374334,383656,383776,383813,
385823,374151,377784,382169,375086,376303,381017,390051,382490,384733,
383393,372800,375216,380604,373213,384925,385437,379805,381552,380507,
382962,373344,372495,379697,382097,375842,420168,373185,380922,379499,
383256,371068,371237,378403,415368,373640,374876,381238,382118,378385,
380508,370034,369848,381787,376712,377924,375285,379867,378868,377842,
381218,368898,368981,381472,380943,396712,381416,370091,379117,381269,
378341,366796,367800,375278,373594,369138,367162,369036,376388,377911,
377306,365707,366896,374730,395065,367704,368604,367264,375619,375899,
374231,392797,370189,372847,410805,366519,365936,368764,374350,382516,
373510,379949,367332,372745,373236,380906,367845,380936,372988,373814,
372062,362999,363935,371543,373002,367524,372244,366670,372634,390724,
370979,364994,362899,371547,370524,364403,387154,364598,371453,369473,
370361,362155,382713,368740,374404,373303,364844,362876,370062,368817,
369021,368476,365131,368259,370837,361531,360989,362802,369008,367416,
367336,360019,360190,366748,377114,363695,360146,361272,370167,370641,
370396,359639,359227,376923,366206,360393,358931,360150,366976,369705,
371709,385608,367979,368705,363652,359414,357744,359322,365964,363937,
365321,376808,356261,366018,373866,358337,356685,358628,364772,363208,
363758,358044,355438,361933,370643,357078,357243,356147,363909,366148,
362947,358861,358230,360691,366504,356018,354780,361280,363125,365543,
360489,353447,356487,359786,360891,357306,353958,368973,361681,360236,
359581,352753,352460,358620,359977,353095,352396,353165,360369,358937,
358837,354512,351337,357507,359340,351951,351737,364618,358799,357742,
357643,352824,350544,356615,358584,359642,350810,351918,357811,357006,
356675,371045,354211,355520,357815,349362,349829,350343,356527,356174,
355522,353455,348304,357727,366108,348085,349153,349528,359199,358440,
358655,348055,347496,367785,354214,347037,347974,348229,355603,352806,
354465,353112,346698,352954,353653,346268,349169,347043,355853,351907,
352926,345891,351997,351995,359577,345399,347519,352050,353860,350725,
351490,344732,344225,350556,372925,349103,343769,350012,353634,350101,
349999,343838,351105,349173,354482,347900,349818,344564,351866,358243,
349059,342677,361404,348109,349325,342056,342576,351737,349701,349241,
348085,341798,370854,346691,348111,341388,343969,342133,348543,347977,
346793,340593,378116,355404,347099,340310,348122,340911,348558,346950,
345382,339049,362112,345359,346581,344602,339723,339901,346776,346416,
344616,345110,377882,345927,345371,362973,338629,339051,345362,344467,
344649,343171,345955,351279,352955,339660,337446,338292,345024,343869,
343890,341773,338096,345693,346237,363417,335998,339269,349850,349738,
344703,335661,337090,346643,345486,343929,335211,338384,343421,342690,
342415,333732,357315,339926,341756,335471,357010,335270,342194,341676,
341109,332951,340975,341494,341020,335095,333676,334120,341416,340734,
340544,355924,332953,356650,340128,335123,341215,333305,340294,347324,
338771,331433,339198,345015,342704,336414,335506,332145,339305,340712,
338562,330067,333773,339550,338218,335663,330235,338301,338228,337615,
336783,328816,330017,335949,335793,329732,329624,333345,337271,336752,
335752,327873,331661,334965,335332,328885,336025,346817,336838,343564,
334642,326412,330673,338513,333663,346523,342628,338539,335776,333859,
333336,328744,328454,336288,335481,332644,343897,327439,334556,333151,
332126,325605,325488,332016,351695,326679,329498,326559,336054,332666,
331639,324997,324814,332838,330358,325321,328549,325730,352798,330807,
334223,323743,323982,330273,334122,340447,329347,324461,333910,330291,
330677,322907,322934,329109,336402,324776,325369,334698,336856,328563,
329441,320723,322035,328484,328503,323013,324553,335415,329395,326502,
329134,320041,321119,331320,327230,321362,329642,326118,327970,328764,
327622,321558,324601,325503,325790,320901,328827,320080,330711,325816,
328295,320300,323552,324792,324824,319915,343294,328054,329638,327236,
325653,317097,318250,323827,323714,319518,353106,319360,328963,326527,
324992,321085,317154,322726,322186,316911,327039,317885,323267,322869,
323837,323342,315964,321711,325807,321778,335230,316967,322004,321605,
324467,328197,315148,321056,320046,321910,321394,316212,321402,325712,
324075,325258,314150,319798,324807,314556,322965,317279,322386,319873,
322304,313761,313205,321312,320053,315912,323647,313977,324639,318894,
321475,315362,311941,318243,321846,318693,320691,313729,319150,318004,
318565,311395,312214,316831,317511,314825,316299,314290,318090,316978,
317685,310379,313253,316388,316394,310948,313332,313654,317259,316258,
317047,309603,310383,317592,315161,310050,317073,310816,316401,316567,
315651,308771,308015,316858,314534,308888,322509,309671,315347,319152,
315200,307496,316358,312955,313255,307853,313705,313015,313548,313126,
313855,306680,311489,312132,318616,307134,313715,310873,314246,312577,
311406,304870,305700,311506,312227,306440,312590,306411,312403,311901,
310770,303851,304609,309285,311013,308402,311883,308215,315668,320156,
309880,303142,303545,308510,314799,314382,310940,317032,314915,327922,
308592,306805,302724,307208,311025,311523,309696,302988,308858,320100,
309791,306002,301831,307115,315980,303049,308382,305162,317619,307614,
309409,300665,302632,307523,307065,301814,307558,301234,307839,306514,
309058,300267,299730,305324,308339,300664,307322,300050,307114,305419,
306020,299383,298994,304333,312623,299740,306505,299516,307961,304063,
304696,298761,298309,303766,306338,298898,305738,298827,307185,303427,
304210,297365,297270,302365,303069,296829,308510,296890,304059,303841,
303842,296138,296429,301682,302780,298217,303031,296327,302914,301623,
302237,295434,305019,300661,301173,297481,301731,329455,301510,301143,
301593,294796,298588,299964,305182,296589,300558,298458,301224,300017,
300217,293240,293414,299154,304497,295796,299863,295249,300606,299155,
299767,294592,292158,297047,298460,292815,298524,294104,300514,297489,
298029,293550,291645,296564,297337,295933,297278,293662,297810,296565,
297331,290094,290367,297421,296411,295401,296948,292624,297069,295036,
296960,294000,289446,296810,297433,290349,295483,291572,299929,293883,
299022,291500,288727,293142,295221,289634,294743,290553,296976,295109,
296355,287849,286659,294485,293758,294031,293657,289948,293865,292382,
293608,287215,285692,292128,294794,333921,292459,288818,293123,290749,
292349,286292,284762,291129,294681,309416,291368,291068,294264,290109,
291939,285077,300897,289804,289643,288018,290272,291400,291192,289438,
291177,284292,283364,288888,289030,284529,291942,284926,289481,291512,
290646,283387,282796,287751,288314,283652,289585,284138,288292,288421,
289102,282642,288688,286775,286929,283504,288619,284721,287463,287587,
288104,281413,283931,285853,286061,284994,287523,281338,286509,287124,
287370,280059,280578,289956,285295,284508,286215,280224,285915,288026,
287193,279093,279540,283974,284250,281640,287907,281717,285182,290020,
285140,277970,278509,283286,283452,282834,284865,289806,283735,284105,
284772,277369,277844,281993,292247,279361,283027,278535,282598,283090,
283222,278549,282804,281565,282616,279616,283160,277028,288583,282924,
282443,276128,282551,280191,281300,276963,280493,276279,284228,281292,
284305,274817,275741,282445,280073,278279,280096,274603,282769,280399,
281766,274517,273847,280043,282151,274382,278760,273959,279794,280202,
281967,273366,272929,278655,288382,273539,277651,272890,278926,278677,
280318,272396,271742,277994,280993,272185,287946,277874,278155,278797,
279659,270827,271107,277677,276638,274322,286032,281931,276940,279188,
278536,269657,270043,277408,276155,271921,280880,270358,276082,276198,
276584,269086,270717,275419,276661,270866,275415,269597,277233,274895,
274786,268063,278357,274233,273667,269857,274246,278129,273682,274424,
274148,267084,267564,273177,272866,268882,273379,268888,277539,273141,
273279,266099,266934,271412,272063,267093,271708,268395,274042,272304,
272351,265427,265443,270256,271220,266189,271052,267127,270185,272829,
271495,267795,265030,270071,270115,270187,270103,266233,269095,270909,
269385,274578,269147,268984,270851,264352,268935,265591,268122,269996,
270786,265208,263216,268481,269509,263544,267871,264460,277051,269166,
270127,262910,262768,269048,267748,262741,266886,263682,267752,268057,
267324,261767,261525,266994,266864,264833,266357,262875,266664,267496,
266436,260736,260791,266199,265694,262321,265218,261772,265889,266027,
265489,260197,259902,265125,264470,260934,264333,260094,264828,264941,
264763,259141,258655,264078,263944,260182,263419,259264,262838,263941,
263854,258343,257237,262445,262857,260844,269367,258320,262219,265079,
263199,257337,255988,262005,262077,257445,262302,256803,261229,265486,
261926,255733,255692,263822,260891,256725,261493,256154,260375,261256,
261296,254970,264429,262990,260012,256878,260617,264399,259434,260432,
259963,253825,259274,261221,259040,253728,259545,255139,258652,262319,
259165,253236,253354,258314,262674,254432,258780,254533,257723,260819,
258248,252570,252606,257376,257360,252011,257991,255987,256695,262762,
257892,251406,251951,256427,255546,256794,257103,264833,255969,259884,
256647,250593,250849,255975,262371,259452,256365,251866,255162,263422,
257516,251349,249932,256627,254987,250679,255767,250630,259185,263182,
257599,249401,249180,257459,253813,250012,254743,249707,256972,268753,
255952,248328,248229,254406,253016,248780,253723,248777,255666,254859,
253535,249715,246934,253651,254459,248373,252724,248113,257069,253240,
252616,248361,246142,252182,253752,249805,251465,246390,254660,252242,
251961,245336,244903,251712,250545,248793,251453,245728,249721,251274,
250441,244656,244368,250330,249715,245664,252106,248141,251420,264873,
249752,243686,243397,249829,248156,247686,250249,248640,251097,251220,
248938,243070,242376,248352,247035,246524,248520,243667,251791,248624,
247900,242010,241395,247688,246520,243114,247745,244084,254790,248226,
247262,240947,242879,246764,245081,242127,247005,248632,246966,247344,
248138,239987,240568,245546,244536,241129,245843,241717,245768,248612,
244436,239270,239993,245229,243876,240249,244918,240861,244886,245276,
242700,238884,255498,244051,242735,241097,244261,240390,243858,244154,
242324,237651,247924,243022,244566,240766,243645,239090,243023,243178,
241202,236710,237790,247073,251466,240206,242140,238196,242232,242296,
240043,236067,236352,241258,241567,237227,241499,237529,243148,241653,
239317,237701,235222,240169,240464,236589,240869,236366,240994,241822,
241436,235548,234564,241431,239229,235540,240070,234872,240088,239629,
239195,234509,233566,241329,238378,237579,238938,234210,238976,238742,
237465,233248,232686,241141,237517,242855,238504,233245,238184,237841,
237110,237545,231863,237129,237185,235610,237541,232620,236899,239350,
236349,232236,232074,236464,235931,231273,236418,231533,236370,240229,
235458,231099,231957,250660,241726,230539,237296,231044,235649,238209,
234501,230665,231046,238986,236939,232779,234625,230126,234777,235719,
233443,229375,228242,238963,233621,231846,233777,228995,233790,234492,
232696,229122,227773,233327,256853,227762,233968,228501,232835,241820,
238301,228415,242125,241299,234287,234328,232387,234776,231938,236944,
232017,227586,227620,233016,234230,226409,231670,230987,231310,233495,
230653,226880,228075,232356,232349,225410,230056,229105,230449,232891,
229798,225382,227031,234232,231759,224973,228857,225932,230085,232426,
228878,223986,224390,233670,228922,228026,228226,240215,228782,228744,
228080,223215,223539,230238,230015,228322,227399,229225,228297,229172,
229781,222330,222500,227044,227278,223095,226284,222885,238087,241345,
227131,226977,221874,228124,226434,222015,227112,222333,231656,233594,
228415,221909,221191,225530,225692,221407,223992,221021,225382,225323,
228823,223642,220198,224699,231692,220318,222951,220420,224834,228778,
224055,219740,219204,223686,226211,219084,222163,219630,226259,223328,
222905,219281,220586,222964,223190,217984,221407,219384,233915,222441,
226887,217984,219933,223878,222166,218033,220832,218054,224500,221609,
221264,217125,216963,221443,221668,216332,222034,217296,221068,229393,
220253,216626,216061,219329,221155,216014,219768,216436,220238,222668,
221015,219752,217379,220767,220653,214622,218938,214794,220697,219684,
221516,214299,216646,219919,220622,227106,218376,213578,219273,218526,
223050,213286,215315,217554,218413,213230,224655,214624,218694,223098,
217497,212531,213018,216125,220458,212395,221319,216310,217322,222729,
216714,211830,212296,215756,216556,211807,220062,219995,217127,219747,
215871,210800,211279,214514,224788,210918,214692,217580,216037,225601,
214821,209786,210187,214127,214694,210236,213690,214730,216274,215428,
214299,208994,209665,213091,213736,209324,213215,214059,215116,227935,
213265,208107,208743,212356,217220,211070,212533,214926,214827,213618,
212472,207892,207309,211188,212735,208635,211472,215118,227289,213044,
211740,206700,206542,210794,214076,207864,212611,211588,213175,223437,
216919,213542,206008,214856,210442,206710,211432,211112,212220,220123,
211939,205859,204786,212451,210050,205466,209136,209544,211426,211086,
208456,205104,204391,209386,209185,207320,208160,229975,209434,209779,
207824,208076,203348,210737,207985,208964,206923,243151,213333,211756,
206849,220435,202794,209727,207482,205658,208421,215296,208214,210209,
205785,209180,201783,207030,206999,203209,205123,209587,207645,209866,
205197,201926,201110,206472,205690,201120,208936,221476,206763,206441,
204804,222750,200052,205633,205013,200773,204674,226646,205725,205676,
204063,203557,200204,204604,208908,199746,205965,200640,204865,205383,
203317,199853,198663,203781,203306,199025,204805,203237,204044,204255,
202117,200179,198140,209699,202783,198355,202169,206320,203432,203741,
201237,198510,199405,203923,203342,197534,201348,199263,202642,205269,
200601,219286,197376,202835,201723,197014,200838,200078,201637,201454,
199525,230021,196327,201254,200583,196143,202474,196974,200606,200788,
198834,200336,195686,200366,199917,195399,198834,195904,200906,199663,
202913,198457,194920,199445,199345,194343,198553,206673,198437,200334,
197517,205681,194171,198309,207411,193952,197120,195767,197690,197851,
196254,225905,192892,197715,200758,198141,196724,196939,203661,196819,
195811,197056,192179,201137,198141,195150,195718,196211,197119,196063,
194889,199422,191734,200127,195921,192256,194708,194357,195646,195512,
201763,191723,195747,198730,194991,191764,194270,192157,195133,194474,
193291,190899,190091,199554,196449,190568,193561,191143,194115,193942,
192601,190247,189477,234851,196279,189797,192899,192984,195582,193921,
192017,189252,188135,198131,192766,189067,192410,189290,194631,192049,
193434,190984,188042,193362,196808,188339,191420,188399,191655,193733,
193636,190535,187103,191799,191021,187362,190669,187554,190933,195259,
190609,188080,188751,191153,190058,186731,190935,186910,190214,192342,
190156,186463,188186,190434,189304,186123,189115,186158,213368,190319,
193643,185999,184130,189867,188532,185645,188490,185521,191529,189749,
187551,185226,183482,189112,188009,184827,187950,184461,192956,188701,
186886,184365,182686,189638,187045,183521,186419,183740,190283,186629,
185977,189703,181919,187477,186371,182960,187801,184530,186417,185907,
185215,182709,183205,186795,185578,182830,187583,182258,185421,185194,
184328,182201,181033,190094,184512,181486,186990,181535,184819,184203,
184191,180841,180329,188766,184097,180827,186822,187641,184204,183707,
182858,180119,179414,184616,182703,180042,182806,179476,184100,182722,
182291,179675,178642,183145,182016,179081,184347,181498,182845,181340,
181439,178870,178002,182179,188111,178612,181020,186214,181716,180508,
180814,177854,181350,181296,185774,181428,182588,192304,187744,180246,
180324,177310,184393,180273,180126,179649,179219,177164,182529,179053,
179352,180141,175781,184148,179548,176560,178815,176423,179500,180414,
180661,178310,174933,181314,178816,181793,177930,175464,178711,179080,
182952,177682,174362,178131,177824,175147,176880,174875,178160,176993,
176905,176993,173149,177457,177435,174202,176476,174042,177451,176234,
176163,173390,173236,176708,176516,175920,175770,173475,176602,175531,
175313,172670,171593,175778,175809,175128,174933,172205,176001,174885,
175178,171753,170774,175010,174267,203679,174510,171292,174727,174050,
174500,171637,170403,174251,173637,174092,173512,170881,173953,178240,
174184,170406,169682,173667,173211,171379,175179,169838,172917,175792,
172787,169988,168907,192345,172214,170597,172856,173058,172178,172710,
172223,169192,168054,174595,171557,170014,172005,175276,171651,171908,
171364,168705,167543,171412,172993,172101,171142,167946,171298,171005,
170522,167363,169269,175068,172381,170723,170303,167155,170243,170760,
170390,167222,168514,169910,171931,169891,169803,170999,169285,169719,
169276,171459,165368,168898,168580,167180,168641,170843,168362,169597,
168429,165802,169460,168116,168142,166575,168188,166417,168041,169901,
167239,164704,172154,168876,167474,165919,167454,166613,167014,167333,
166537,164192,167766,166634,166286,164940,166703,163715,166255,166982,
165702,163408,162962,165865,165405,164552,165871,162672,165370,165934,
165176,162752,162131,167299,165083,163993,165254,170698,164931,165129,
164409,161953,161907,164810,168493,162716,164374,167342,164293,164291,
163634,161204,160889,164074,167116,164421,163383,162113,168721,163657,
162545,160741,160155,163374,163748,161625,163070,160895,165816,167193,
167129,159938,172827,165680,162761,160668,162203,160017,162390,173989,
164423,162894,159052,164522,161922,161431,161554,159270,161691,168087,
165175,161169,158304,161264,161369,160918,160758,161565,161280,161206,
160449,157651,157437,160774,160703,158508,160157,168343,160746,160579,
159714,156992,156687,160126,162596,157383,159321,157016,162713,162593,
158967,156362,156204,159149,161647,159220,158681,156139,161838,158309,
158140,155801,155529,158302,158366,155808,157762,155830,158728,158286,
159345,155157,154832,157470,157477,155370,157251,155075,157757,158824,
158738,153760,154001,156792,157112,154484,156610,154138,157278,163472,
155896,153639,153116,156032,156353,153561,157293,153633,156475,158837,
157545,152286,152487,155848,155481,153166,155342,152721,155787,158269,
157603,151418,151962,154612,154821,152256,154298,152171,155084,157392,
156015,152031,151552,153404,156374,151381,154399,151541,159140,154007,
156051,150255,150656,152889,153721,151077,153152,150952,153506,155954,
155016,149544,150434,152122,154985,150302,152572,150203,152850,152932,
151712,148909,149580,151294,151897,149231,154076,152909,152353,154691,
151537,148323,148093,150929,151116,148290,154095,151571,151246,153463,
150430,147598,148796,150219,150780,147606,153670,153103,150644,151309,
149692,146853,147180,149637,149741,147107,149890,150333,152920,150305,
149113,146174,146440,148898,148670,146280,149127,150002,150190,149789,
148291,145721,145548,148009,148027,148047,148726,151104,152344,149159,
147597,145168,145334,147471,147409,147629,150100,148094,148560,148429,
147017,144066,144177,146825,146583,144358,147418,147166,147713,149991,
146436,143335,143729,145992,150583,143643,148474,146785,146878,149050,
145034,142979,143050,145421,148586,144751,145876,145911,152847,146440,
144461,142246,142386,144390,145456,145520,145062,145436,148279,145612,
144122,141657,141653,147095,144472,144266,145649,144013,144828,145073,
142862,141076,140881,148660,143828,141291,144146,145267,143943,144497,
146323,144975,140407,147450,143122,140581,143153,143654,143334,143526,
142811,142739,139504,142369,142313,140095,143126,143271,142822,147345,
142158,139449,138846,142176,141367,139588,142006,142298,142084,142326,
141599,138891,138314,142267,140843,138536,141251,141466,141194,141739,
140870,138032,137935,140024,139781,140620,140750,143457,140668,140864,
139992,137558,137034,139239,139274,137700,142692,143081,142734,140379,
139550,143151,136136,138315,138394,138085,139820,139665,139865,142335,
138990,146881,135738,137742,140154,136544,141516,138861,138900,139098,
138160,143322,134846,137172,139632,136209,139514,140244,138525,138375,
137368,141080,134205,136581,136614,135399,142161,139968,137712,137244,
139405,134517,133266,135729,136162,134271,136688,139101,137225,137081,
138624,133454,132827,135321,135103,133795,135873,138694,138832,136007,
135428,132718,132214,134341,134978,133121,137529,135534,137877,135359,
134809,132247,131608,133993,134287,132388,137365,134856,137181,134578,
133965,131482,131020,133347,133657,131596,136757,134324,136451,134132,
133569,130906,130289,132828,135019,130687,147724,137391,133195,135672,
132767,131761,129747,132288,134804,129994,134372,136076,132533,132616,
131855,129687,129244,131459,131711,129516,134702,135395,131785,132852,
131656,129265,129748,130795,130654,128820,131188,134575,131477,131005,
131514,128358,127880,130139,129940,129939,130395,131286,130516,130279,
132695,128113,127061,129555,129385,128210,130636,131026,129972,129500,
131844,141533,126642,128800,128914,127828,129253,138519,129235,128950,
128879,131207,126038,128208,128144,126957,128521,131941,128687,128484,
133027,125888,125221,127742,127520,126549,127819,135260,127937,127806,
132391,125527,124874,127065,131352,125632,127254,128266,127306,127045,
129246,127393,124157,126238,129055,125186,126958,124752,133115,126490,
130184,126722,123535,125643,126230,126221,126271,124220,126055,126566,
125579,125794,122648,125078,126799,124027,125544,123667,129323,126712,
124961,125302,122273,129764,127106,123449,124885,123270,125258,125979,
124213,124831,121387,128788,126368,122415,124189,122430,124406,125460,
129445,127972,120795,125774,123514,122181,128278,121729,123528,123278,
125973,124617,119877,122915,122861,121337,122743,121199,122733,122566,
122068,120469,119549,122302,124268,120699,121349,120497,124255,121984,
121519,119815,118878,121842,121944,119951,121100,119806,121719,121207,
120716,122871,118248,120976,123509,119364,120414,119181,123561,120671,
120088,123755,117472,120641,120324,118821,119655,118603,120542,119910,
121995,120316,116790,119559,119609,120648,119141,118155,119985,119395,
119484,124512,116108,118967,119250,117202,118278,117677,119218,120413,
121029,121093,115828,118359,118197,116636,117867,116985,118476,120636,
117943,131774,114991,118059,118921,115947,118621,116388,117792,117713,
116972,118724,114441,117189,119933,116354,121602,115586,117381,117133,
116614,114292,113763,116529,114774,114675,118684,115103,116729,118831,
120622,113848,113036,115973,113591,113959,115805,115967,116008,115740,
117922,113018,112588,115683,113267,113317,115269,114144,115357,115183,
117251,114629,112297,114770,112540,112800,114599,113004,114799,114486,
116642,113076,111391,114162,111967,112151,113972,112421,114257,113987,
118270,117765,110721,113551,111276,111343,113403,111896,113919,113351,
113055,110418,110087,112873,110483,111145,112720,111222,113178,112508,
114974,109900,109547,112331,110036,110399,114256,118296,112261,112085,
111729,109403,108957,111620,109448,109695,113660,129306,111627,111680,
110819,108895,108250,111288,108939,108759,110556,111725,110849,110640,
110811,107949,107811,110603,108332,108411,110221,113047,110378,110161,
109760,109780,108769,109953,107864,107741,109448,110571,109639,109598,
109305,112202,106957,109230,107053,107046,108780,109633,111413,109149,
108461,106517,106297,108635,106550,106715,108089,108929,113184,108570,
107492,105796,105492,108219,106142,106106,107453,108320,110419,107237,
107310,105280,105042,107719,105620,105879,106940,107900,109627,106690,
106577,104725,104576,107170,105023,104801,106472,107102,106626,106212,
105905,104213,104020,106368,108356,104170,105686,106842,105782,105509,
105604,103612,103460,106173,108231,103650,105267,106041,109863,105034,
105114,103115,102715,105212,103447,103131,104671,108495,110050,104351,
104519,102352,102179,104531,102864,103680,104052,105416,104420,103953,
103963,101832,101635,104102,102198,102303,103419,106300,103786,103287,
103263,101418,100959,105961,101665,101574,102825,105914,103471,102570,
102548,100869,100359,105504,100961,101029,102152,105102,102564,102222,
106568,101980,99504,119392,100409,100403,101490,101976,101906,101576,
104200,107389,99027,101350,99818,100079,101059,101344,101375,100958,
101327,104541,98688,105181,99142,99389,100421,100851,100830,100470,
100673,112587,98046,100359,98477,98878,99903,99991,100349,99849,
100171,102753,97360,99576,100734,98392,99233,99574,99638,99204,
99765,104009,96809,99344,99536,97688,98680,98836,98965,98641,
99142,101138,102404,103008,101183,97033,97819,98381,98453,98141,
98593,96722,102340,98137,98316,98985,97524,98012,97987,97694,
103004,96228,97991,97651,97680,101172,97125,97256,97178,97231,
97447,95511,96045,96817,97097,99203,96256,96502,96558,96623,
96766,94967,95209,96300,96509,97212,98266,95992,98354,100196,
96231,94461,101141,95640,96040,97183,97727,95462,97918,98163,
95966,94063,93132,102898,95339,104575,96355,94816,94849,95048,
95139,93350,92607,96873,95098,93192,94783,94315,94321,94460,
94285,92685,91943,96287,94233,92599,93843,94048,93682,93938,
93704,92111,91315,96149,93660,92136,93557,93172,93114,93550,
93004,91657,90787,95525,93321,91934,93329,92811,92445,92781,
98054,90791,90338,94783,92646,91028,92288,92341,92147,92387,
94460,90326,89809,91768,92026,90547,91632,91814,91558,91690,
91532,89580,89358,91091,91785,90077,91168,91130,90961,91119,
90710,89108,88861,90613,91278,89144,90518,90606,90419,90729,
92672,88488,88355,90205,90559,88827,89819,89901,89598,90116,
89932,88202,87866,89453,89995,90650,89682,93484,89049,89559,
89409,87579,87331,89190,89496,89060,89136,89256,88598,89341,
88809,87097,86747,88263,107084,91297,88624,90641,88002,88536,
90684,86330,86052,87723,89803,90911,87951,86499,87707,88024,
87593,85958,85599,87118,88280,86057,87464,85944,87053,87450,
87133,85428,85400,86634,117470,85726,86894,85360,86853,86861,
86617,85016,84660,86089,86715,85293,86238,84864,85965,86442,
85907,84433,87766,85567,86276,84690,85717,84356,85387,86108,
85175,83859,83919,84993,87032,83954,85162,83849,84779,85221,
84640,83333,85788,84444,85688,83604,84762,83252,84169,84831,
83930,83712,82708,83934,83320,83232,86481,82915,83731,84387,
88422,82486,82189,85748,82808,82672,86055,84489,83292,83919,
82993,81929,81707,83075,82168,81978,83187,88998,82682,85517,
82497,81126,81237,83708,86088,81544,82847,85547,82375,82791,
81858,80770,80685,83048,85435,80778,82320,82332,81754,84622,
81534,80173,80294,81549,88441,80235,81502,81678,85136,81678,
80860,79511,79600,80956,82270,79670,81003,81064,83219,81328,
80367,79154,79347,80500,79972,79119,80579,80589,80475,80709,
79866,78776,78637,80028,79300,80663,79998,79969,79940,80252,
79581,78244,78207,82077,81688,81007,79512,79404,79388,79674,
78953,77821,77747,79349,78119,80397,78983,79040,78836,79261,
78463,77631,77045,80855,77407,77542,78268,78535,78429,78577,
81635,76740,76646,80405,76923,77142,78100,78189,77854,78190,
77782,80527,75999,77743,76466,77023,77456,77493,77385,79815,
77120,99062,75525,79416,75900,76241,77037,77014,76893,97964,
76676,77833,75136,76880,75916,75685,76650,76356,76442,78880,
76145,74842,74659,78441,76890,75315,76126,75956,77719,76249,
75641,74602,74148,75605,74623,74869,75952,75345,75460,76124,
75104,74104,73733,74998,74106,74443,75159,75121,74909,75209,
74562,73537,73148,74578,77225,73820,76963,74794,76751,74706,
74010,73142,72638,74019,76633,73203,76681,74089,74006,74044,
73723,72621,72267,73686,72633,72774,73902,73798,73483,91291,
73200,72034,71793,73310,72132,72174,73454,73113,72969,73362,
79927,71675,71306,72684,71530,71734,72566,72772,72574,75254,
72228,71159,70787,72115,71156,71027,72138,72298,72114,74808,
74230,70681,70363,71687,70683,70854,71721,71830,71740,86324,
71212,70074,70072,71237,70259,76608,71242,73608,71039,71627,
76509,69623,69773,70789,69646,69797,70745,70946,70627,71111,
70287,69146,69288,70419,69173,69477,70399,72425,70124,70404,
72366,68609,68665,69840,68819,68837,95541,69825,69590,69940,
69411,68007,68117,69679,70302,68493,71559,69332,69243,69507,
68788,67886,67637,68815,70555,67912,68814,68845,68768,69091,
68398,67208,67206,68208,69728,67522,68387,68422,68182,68551,
67887,66696,66675,67799,66799,66822,67836,68097,67774,70380,
67398,66148,66294,67217,66282,66421,67365,67699,67376,67617,
66882,65807,66060,67004,68856,65793,66902,66975,67002,67303,
66444,65243,65568,66450,66873,65416,66641,66551,66547,66643,
66007,64703,65144,66150,68801,65075,65994,66129,66164,66331,
65503,64334,64722,65593,65881,64683,65629,65651,65544,65789,
64929,63939,64144,65022,64211,64218,65112,65130,64948,65253,
64621,63398,63724,64692,63722,63646,64607,64667,64557,64898,
64180,62969,63193,64315,63267,63208,64255,64339,64242,64275,
63900,62540,62822,63912,62683,62974,63820,66759,63916,63898,
63379,62176,62473,63634,62440,62609,65300,63735,63697,63561,
66142,64492,64054,66321,65915,68867,67520,67414,65214,66025,
66288,61693,61811,62907,61866,62191,62563,61902,63001,62883,
62489,61265,61291,62503,61509,61656,63639,61370,62677,62546,
64266,60889,60972,62108,61040,61032,62093,60941,62313,62040,
61597,60426,60424,61549,60657,60753,61594,60552,61894,61960,
61164,59964,60039,61203,60207,60191,61086,60270,61409,61291,
62301,59582,59639,60636,59836,59892,60795,59940,63191,60812,
60256,59156,59158,60366,59364,59270,60461,59530,60355,60377,
59815,58848,58841,59922,58935,58936,59945,59005,60226,59906,
59605,58405,59404,59498,58426,58654,59424,58596,61589,59578,
58885,57956,58071,59040,58015,58107,59070,58133,60469,59035,
58555,57572,57510,58513,57713,57705,58748,57609,68591,58685,
58193,57161,57069,58171,57303,57283,59857,57489,58445,58389,
57764,56651,56708,57803,56817,56668,57889,56901,59989,57820,
57312,57545,56379,57344,56405,56330,57390,56488,58009,57431,
56873,55910,55964,56921,56011,55987,58982,56060,57263,57110,
56423,55411,55457,56664,55720,55488,58744,55726,58731,56719,
56211,55072,55330,56117,56357,55174,56072,55396,55994,56283,
55735,54707,54736,56593,57577,54753,56393,54905,56036,55830,
55242,54338,54439,56838,57081,54361,55383,54518,58839,55436,
54919,53902,53932,54921,53974,53932,54864,54026,56247,55049,
54417,53498,53543,55095,53482,53509,55697,53734,54647,54569,
54109,61565,53091,54298,55666,53171,54165,55903,56535,55640,
53762,52730,52730,53762,53756,52862,55845,53759,55555,55749,
53279,52277,52291,53334,55914,52288,53401,53360,53552,53318,
52911,51860,51979,54148,61458,51920,52994,54640,53154,52952,
52486,51950,51429,55865,55161,53013,52644,52572,52707,52686,
51996,52093,51175,54142,51202,51130,53181,52118,52696,52084,
