mode1:,mode1:,mode1:,mode1:,mode1:,mode1:,mode1:,mode1:,mode1:,mode1:,,
676.704492,133.118794,484.751182,553.131797,570.5987,600.982861,583.025414,568.150118,585.677896,573.014184,532.9155438,148.113554940583
970.539326,166.493518,168.383751,900.179775,855.57822,193.638721,976.114088,814.489196,898.736387,821.111495,676.5264477,349.462386138934
1767.700987,320.019746,327.248237,1704.963329,1619.211566,359.138223,1724.682652,1511.633286,1706.533145,1531.007052,1257.2138223,641.347071725797
2980.438202,571.575281,599.348315,3186.683146,2845.948315,650.748315,3099.159551,2469.2,2875.408989,2835.431461,2211.3941575,1123.16611134009
3761.759531,863.70088,831.557185,5187.266862,4124.565982,896.454545,4494.557185,3211.478006,3571.653959,4355.651026,3129.8645161,1653.08594801785
4250.038168,1066.225191,1041.29771,5199.068702,4969.912214,1131.801527,5683.648855,3749.656489,3976.274809,4962.667939,3603.0591604,1834.16794263831
4947.70297,1414.519802,1355.074257,6653.361386,5801.425743,1462.732673,4002.306931,4388.940594,4600.079208,5428.193069,4005.4336633,1939.42955987173
4914.529412,5582.117647,1546.988235,7948.529412,5776.635294,1656.2,1617.470588,4729.123529,4660.317647,5582.052941,4401.3964705,2137.83977406738
5244.331034,7179.489655,1890.993103,9600.241379,6824.689655,2011.744828,1968.289655,5413.496552,5134.944828,7168.262069,5243.6482758,2611.62681205699
6143.876106,8406.336283,2458.893805,12539.973451,7533.973451,2585.690265,2554.132743,6367.59292,5935.389381,7301.221239,6182.7079644,3135.90463520249
7643.089888,10750.977528,3309.449438,17104.662921,9339.820225,3512.606742,3472.089888,7705.988764,7438.842697,9915.382022,8019.2910113,4204.3827281325
6561.066667,9245.077778,3079.811111,15538.866667,7694.122222,3228.144444,3147.2,6741.166667,6191.922222,10202.766667,7163.0144445,3855.41309270186
6668.848101,9473.316456,3433.443038,16946.962025,7784.886076,3600.493671,3510.341772,6829.481013,6781.050633,12478.822785,7750.764557,4303.71651279282
8062.4,11464.723077,4433.892308,19362.738462,10287.784615,4591.030769,4518.107692,8386.430769,7577.215385,17248.292308,9593.2615385,5199.25118302398
8383.728814,12250.135593,5059.237288,19143.050847,10912.440678,5236.559322,5159.338983,8832.457627,8291.627119,21765.661017,10503.4237288,5800.52669657339
10209.571429,14695.979592,6508.530612,22580.204082,11974.142857,6671.306122,6590.081633,10497.632653,9565.693878,31912.408163,13120.5551021,8181.03684057597
9341.382979,13846.404255,6677.297872,20770.659574,12309.829787,6966.446809,6698.425532,9703.893617,9635.893617,28648.468085,12459.8702127,7111.72905582434
9998.116279,13795.790698,11334.627907,19719.418605,13904.186047,7305.813953,7127.046512,10072.488372,9185.069767,28019.813953,13046.2372093,6446.35106541048
9629.702703,14048.405405,7832.297297,19613.567568,16509.972973,8045.189189,7885.648649,10118.837838,9638.594595,27563.054054,13088.5270271,6476.74000547704
10526.088235,14980.352941,8820.264706,19728.235294,20365.735294,8949.323529,8931.911765,10786.617647,10687.529412,28289.088235,14206.5147058,6578.06773417409
9541.657143,13247,7907.8,17012.114286,21588.685714,8314.342857,8244.2,10049.2,8877.257143,23500.6,12828.2857143,5850.53859535753
11234.724138,16736.62069,17908.827586,20591.655172,28891,10553.241379,10416.62069,11637.344828,11021.758621,28242.137931,16723.3931035,7175.95662786797
13197.08,19542.84,25402.6,23767.56,38581.04,13183.44,12994.36,13783.56,13590.64,31646.72,20568.984,9084.80734920449
12592.583333,17352.541667,23587.708333,21363.958333,41698.458333,12271.75,12398.791667,12708.5,12256.791667,27097.125,19332.8208333,9568.34684045116
11595.230769,15427.269231,22463.192308,18132.576923,40519,11793.461538,11652.153846,11655.192308,12052.923077,24372.576923,17966.3576923,9247.95492932467
16940.095238,21263.095238,34391.809524,24529.857143,53801.857143,16878.238095,16514.047619,16535.238095,16591.047619,31363.47619,24880.8761904,12099.5391106373
16423.6,19836.95,34904.45,21948.35,46727.75,16729.15,16140,16707.05,16192.25,28187,23379.655,10311.1340530906
14060,15795.380952,31157.571429,18316.142857,37483.285714,13911.571429,13664.190476,13828.52381,15129.190476,21914.047619,19525.9904762,8342.62516864182
17354.421053,21664.263158,40890.894737,20418.157895,42554.578947,21378.684211,16743,17202.684211,17059.789474,26698.631579,24196.5105265,9734.39219122409
25058.133333,28823.6,62971.533333,28478.133333,57293.466667,27324,24452.333333,24448.133333,24556.133333,33998.933333,33740.4399998,14277.6298118708
32979.733333,32760.666667,78787.666667,32459.466667,65111,32106.2,31610.866667,34378.8,32216.733333,40892.733333,41330.3866667,16671.8711625349
30050.466667,28691.933333,65249.2,29739.066667,52159.733333,29230.266667,27563,28852.6,29597.466667,33340.533333,35447.4266667,12726.9013503331
18953.6,18910.066667,40901.533333,19332.866667,33747.333333,19641.4,19000.466667,19465.133333,18737.066667,21755.533333,23044.5,7760.24113697241
25269.071429,25418,52616.214286,24554.714286,42580.357143,25734.642857,24866.142857,27035.214286,26089.357143,26798.5,30096.2214287,9554.38200426208
26977.692308,27413,52858.846154,26039.153846,42799.384615,27777.230769,28238.846154,26884.769231,26242,28376.153846,31360.7076923,9029.9349315757
24414.615385,27059.307692,48534.615385,24413.307692,35660.615385,26737.923077,23979.923077,24016.615385,23833.384615,24474.923077,28312.523077,7953.97215662497
22923.769231,25539.307692,46865.153846,23410.384615,32189,25770.538462,22602.615385,22472.230769,23062,22566,26740.1,7666.85983432824
15204.777778,17873.555556,32638.833333,15684.222222,20403.166667,18435.444444,15267.444444,15241,15758.888889,14842.833333,18135.0166666,5409.24385420709
21503.176471,25934.823529,42608.470588,20726,27205.823529,26089.647059,20975.588235,21438.705882,21399.823529,20523.529412,24840.5588234,6742.11078829558
28089.571429,36818.357143,50942.857143,26967.428571,33343.357143,34619,26973.285714,27596.285714,27541.642857,26383.785714,31927.5571428,7654.75368773583
22064.428571,29295.5,37084.214286,21324.071429,24388.214286,28261.928571,21185.357143,21651.571429,21560.928571,20595.642857,24741.1857143,5311.86559829938
24038.928571,33719.5,38091,23339.428571,26366.928571,32248.285714,23240.071429,23228.642857,23825.357143,23036.071429,27113.4214285,5500.48089972933
29188,38496.357143,41070.928571,25612.642857,26649.5,36447.571429,25224.428571,29078.857143,25981.857143,24820.142857,30257.0285714,6086.68090743454
24670.153846,38503.923077,35268.846154,27624.615385,24597.846154,37181,23961.769231,24270.769231,24856.076923,25855.461538,28679.0461539,5872.24598181399
24757.615385,41162.384615,35362.538462,24288.615385,24798.769231,38898.692308,24450.692308,25536.230769,24378,24298.230769,28793.1769232,6831.06120445618
33133.181818,56898.727273,42263.181818,32372,33181,53192.909091,32130.545455,32999.363636,33824.090909,32167.818182,38216.2818182,9399.67970236246
43548.75,80797.25,54668.75,42795.375,43941,74956.5,42783.625,46161.625,42995.75,41919.75,51456.8375,14465.5408518171
36059.125,71613,42082.5,35669.625,36792.625,68211,35939.625,35585.25,36431,35302.125,43368.5875,14147.8684292176
39323,81136.428571,44228.571429,37589.142857,38083.571429,75221.857143,37702.857143,38598.857143,38906.857143,40129,47092.0142858,16553.2610239991
36729,77743.714286,40596.285714,35878.571429,37262.857143,74653.285714,36139.428571,36018.142857,36492.142857,35923.714286,44743.7142857,16652.0716555612
49189.571429,100558.428571,53251.571429,49127.285714,50661.285714,95017.142857,48977,48639.142857,49723.857143,48436.285714,59358.1571428,20343.69997523
60236.142857,111974.285714,64301.142857,58966.571429,60376.857143,102883.714286,58615.142857,60050.142857,59369.571429,57685.857143,69445.9428572,20208.6878787595
46771.142857,88155.714286,49755,50554.428571,49199.428571,82167.571429,47515.142857,46524.714286,47779.571429,46846.428571,55526.9142857,15739.9162069451
34711.666667,63511.666667,35463.222222,35432.111111,35922.111111,59542.777778,33930.666667,34295.666667,37131.333333,33925.888889,40386.7111112,11223.8193477705
50910.111111,79880.555556,50381.888889,50465.444444,50740.111111,75754,50062.888889,54082,52122,48204.333333,56260.3333333,11500.3908534123
51240.222222,78375.444444,51241.777778,54627.666667,51843.666667,72916.555556,50173.777778,50669.333333,51970.666667,51650.888889,56471.0000001,10255.500918291
63232.857143,91689.857143,66262.285714,62491.571429,64965.428571,85921.285714,61815.285714,62005.857143,64251,61038.857143,68367.4285714,10969.7636804852
65364,84900,70394.714286,64150.714286,66128.857143,82571,63745.142857,64389.714286,66494.571429,62498.142857,69063.6857144,8036.62322723713
59785.857143,76526.428571,61292,65224.285714,62898.285714,74206.285714,60425.857143,59680.857143,60917.142857,59161.571429,64011.8571428,6264.77879525003
59871.142857,72602,60316.428571,62624.285714,61571.428571,68598.714286,58860.571429,61467.142857,61453.285714,60585.571429,62795.0571428,4346.18070416914
57906.285714,65261.142857,58103.714286,59063.428571,58132.857143,61960.142857,55476.857143,57529,57553.428571,54737.285714,58572.4142856,3050.15915232676
55783.428571,61618.857143,64873.714286,59039.285714,57317.714286,59667.857143,56443.142857,55396,56408.571429,56456,58300.4571429,3033.20688674691
56772.142857,57191.714286,56722.428571,56747.142857,55182.571429,55714.142857,53816.285714,54356.714286,53429,54594.857143,55452.7,1370.50304487976
54258.571429,54531.571429,55420.285714,57546.571429,54849.142857,53926.714286,53725.142857,66909.285714,53258.714286,56869.571429,56129.557143,4025.33966411558
50308.875,49470.75,49115.625,53776.75,49771.125,48943.625,47564.125,52309.125,48788.625,48394.125,49844.275,1875.54695337268
56677,56346.75,60392.5,64727.875,56474.75,56467.125,55380.625,57837,57587.625,56316.25,57820.75,2783.27289605042
53283,52893.75,55893.25,53915.5,52402.625,53136,50891.875,56090.875,51246.375,50214.375,52996.7625,1958.12462757559
54408,52271,54433.166667,59921.333333,52798,53092.666667,50907.166667,53927.333333,55024.166667,51990.333333,53877.3166667,2476.14953149323
80129,79270.333333,84328.5,85567.5,79213.5,79363.833333,77893.833333,77680.5,77442.166667,87691,80858.0166666,3643.15793813991
81355.166667,81742,80666.833333,86428.833333,79137.333333,79502,75901.166667,78626.833333,76518.833333,80334.166667,80021.3166666,2954.27128259107
76112.833333,78314.166667,81618,76955.166667,73784.666667,74089.5,71123.166667,72397.5,71651.5,71710.333333,74775.6833334,3423.49345750838
73175.166667,72530.833333,75122.666667,84955.166667,73234.5,72622.166667,70329.833333,72251.833333,70250,71786.166667,73625.8333334,4225.43927965737
71560,70915,73699,76559.666667,70588.666667,71561.833333,68108,71106.666667,69219.166667,68983.833333,71230.1833334,2451.34123718699
85506.4,80466.8,82091.2,84856.4,81215.6,79802.4,78036.4,79649,78335.2,78299,80825.84,2642.31757835596
78361.8,78074,76935.6,78774.8,77314.6,76798,74302.4,76335,78277.4,82794.6,77796.82,2182.78630185265
147062.25,148706,157805.25,176207.25,150220,151152.5,149931.5,147174.75,147103,146966.25,152232.875,9037.87719456443
124798.5,124352.75,123853.75,143220.25,127344.75,124864,119208.25,124140.25,119584.25,126017.25,125738.4,6653.85118767904
147705.25,166481,151725.25,156853.5,151677.5,151640.25,151038,150335.25,147371.25,165170.75,153999.8,6754.49178098874
158165,162370.25,171297.75,168526,164197,162383,162276.5,158604.25,156202.5,161710.75,162573.3,4605.19214643163
134297.25,133583.25,133166.5,140966.25,137265.75,135006.75,126331.5,133506.25,126602.75,131357,133208.325,4417.77989594636
127798.25,133341,139273.75,160885.5,136049,131107.75,126215,136263.5,126078.5,129062.75,134607.5,10280.8762002295
127534.75,131176.5,132178.75,148262.5,135779.5,131045.75,125766.5,130804,125792.75,130823.25,131916.425,6501.66187734806
124469,130499.75,130809.5,134925.25,133221,131173.5,124880.5,129960.5,124638.25,126868.75,129144.6,3726.09224329666
124652,130730.5,129269.25,135791.25,131279.75,128589.25,125208.75,133624,124572.5,125737.25,128945.45,3936.05515078232
122351.75,131268,128191,138705.75,129546.5,127775.25,123711,130713.75,124398.5,123925,128058.65,4887.35647729027
122611.5,128266,130982.75,133369,129091,129048,123079.5,130189.75,123077.5,127301.75,127701.675,3681.0798292115
174828.75,178539,181369.75,184829.5,185274,181091,172994.25,190418.75,182954.75,181035,181333.475,5085.19737742412
190187,198293,200333.5,206964,206335.5,199309.75,188882.75,226106.5,193386.5,191388.5,200118.7,11112.2072463625
162729.75,166959.5,174839,177916.5,179202.5,178932.25,173983.25,173433.75,163551,167686.25,171923.375,6238.45966259345
160324.5,165946.5,176006.25,174596,175026.25,167299.25,158153.5,183329.75,162148,160737.5,168356.75,8421.32583336298
159399.5,174284,175585.75,172014.75,172934.5,167790.25,166534.75,175578.75,166525.5,160138.5,169078.625,5994.81057903185
138882.4,145435,147752,145407.2,149540,147562,142873,141671.2,136398,137775.4,143329.62,4551.20995824188
119704,124188.2,128966.6,136514.4,137751.8,124103.4,130842.4,134851.6,122502.2,123887.6,128331.22,6395.55474959843
113710.2,118170,127785.2,118756.6,119693,118519.8,113664.8,122392.8,114347.6,115323.4,118236.34,4421.24424322184
175738.666667,196502.333333,182214.333333,182226,183217.333333,186475,175351.333333,182604.333333,172209.666667,168973,180551.1999999,7889.93476965186
200950,213667,209738.666667,211621.333333,214791.333333,212420.666667,199885.666667,216959.666667,199352.666667,199056,207844.3000001,7182.2777662443
215876,233693.333333,225746.333333,222935.333333,225112.333333,222612,214262.666667,229348.666667,216232.333333,219050,222486.8999999,6259.88495340987
195706.666667,205611,220128.333333,201380.666667,201828.333333,203340.333333,201240,205211.333333,193712,193357,202151.5666666,7728.33388519498
190396.333333,199860.666667,207673,201442,202119,201675.666667,190897.333333,202596.666667,189616.333333,187697.333333,197397.4333333,7004.33172529646
188491.333333,201024,200683.333333,198482.333333,199133.333333,198728.333333,220418.333333,199095.333333,190067.666667,189612.333333,198573.6333331,9083.39689057793
189856.666667,197015,197363.333333,196321,198504.666667,198713.333333,200729,199340.333333,188383.666667,184736.333333,195096.3333333,5422.19589241117
187587.666667,216005.333333,196696,194159,197162.666667,198623,185795,199737.666667,187332.666667,188503.333333,195160.2333334,8978.17791734935
184592.333333,209559.333333,195202.333333,197418.666667,200918,195482.333333,186107.333333,195682.333333,186431.333333,184691.666667,193608.5666665,8173.86068028888
185367.666667,200190.666667,194972,194455,196454.333333,195297,188067.333333,194485.333333,187268,188847.333333,192540.4666666,4803.91977865081
186557.666667,193688.333333,199148,191790.666667,194998.333333,198073.333333,187198.333333,192640,192149.333333,182747,191899.0999999,5147.67121748311
181479.666667,189753,189648.666667,186787.666667,187308,202718,190619.333333,190099.666667,180275.666667,177998.333333,187668.8000001,6966.15015662822
178522,187502.333333,192711.666667,184995.333333,186105,186251.666667,180786.333333,187404.666667,176906,177334.333333,183851.9333333,5218.72477413005
177521.333333,188945.333333,188268.666667,183327.666667,186037.333333,184829.666667,179417.666667,187079,175798,176574.333333,182779.9,5032.63763175931
176285.666667,189244,189447.333333,183170,185854.333333,185812,178074,185907,174665,175907,182436.6333333,5686.69555461435
173104,185441.666667,186136.333333,181886,183052,186011.333333,174384,183527.333333,172422.333333,175911.333333,180187.6333332,5593.6141002603
173250.666667,183521,183691.333333,180508.333333,182298.333333,185841.333333,171999,182527.666667,175563.666667,175090.666667,179429.2,4968.43791464291
173136,187872.333333,185746.666667,180570.666667,181765.666667,182433.333333,176490.333333,182361.666667,172668,171170.333333,179421.5,5751.77751009336
190906.333333,204339.666667,202481,199920.666667,202293.333333,206260.333333,192153,200564.666667,191650.666667,188317.333333,197888.7,6460.6048420667
188734.666667,200462.666667,199746.666667,195185.333333,197220.333333,201205.666667,186174.666667,198252.333333,187697.333333,190107,194478.6666667,5755.35679195718
184020,194109,195301.333333,192470,196029,196450,183009,194425,184445.666667,182718.333333,190297.7333333,5927.73331190273
182918.333333,192507,192909.666667,194011,192427,193459.333333,181478.333333,191606,181112.333333,180846,188327.4999999,5858.12313580393
181642,192642.666667,194926.333333,190788,193976.666667,192039,183263.333333,191622.666667,183578.666667,192991,189747.0333334,4935.76922210578
180133,193225,191508.333333,189939.333333,189961.666667,191317.666667,179499,191468.333333,187165,179963.666667,187418.1,5439.6172069728
181051.666667,189338,191184.333333,188405,190177.333333,189736.666667,180709,189546.666667,179641,180555,186034.4666667,4834.47029584961
177558,190379.666667,189355.666667,189263.333333,189391.666667,189286,177747,191029,179661,179821.666667,185349.3000001,5794.47394785482
179325.666667,190755.666667,188065,187896,187673,186903,176517,188061.666667,178298.333333,175705.666667,183920.1000001,5723.66778733593
177833,189068.333333,189353,188113.666667,188329.666667,187662,177559.666667,187408.333333,177696.666667,176210,183923.4333334,5724.26732604728
175473.333333,191506.333333,186463.333333,186470,185336.666667,186225,177313.333333,184531.333333,175677.666667,175124,182412.0999999,5923.39494127674
175606.666667,188633.333333,184936,186676.666667,186955,184977.333333,174310.333333,183640.333333,174839,173624,181419.8666666,6043.15117533213
175375.666667,189279.666667,184789,184220,185929.333333,184440,176133,184925,174620.666667,177060.666667,181677.3000001,5289.01435520211
173224.666667,186214.333333,186771.333333,182788,184575,184461,174016,182842.666667,173351.333333,173492.666667,180173.7,5860.56097133689
174223,182379.333333,182868.666667,182843.333333,183338.333333,185127.666667,177342.666667,182653.333333,173036.666667,174162,179797.5,4583.15726587473
172469,179940,182700,181633,181469.333333,183075.666667,170879.666667,183533.333333,173722.333333,173824,178324.6333333,4982.67420992369
176033,186372,184709.333333,184240,185692.333333,187866,177582,186425.666667,175844.666667,177198.333333,182196.3333333,4885.17888268355
172504.666667,182147.666667,183436.666667,181845,184161,183784,174311.333333,182060.666667,174152,174443.333333,179284.6333334,4763.34619776009
170298,179906,182577.333333,179874,181486,182735.666667,171865.666667,179604.333333,171019.666667,170335.333333,176970.2,5365.19079356373
169981,184481.333333,180908.666667,181043.666667,181381,182789,172480,179435.333333,170604.666667,171613,177471.7666667,5613.74280644176
170793,178954,186513,179840.666667,181310,180850,173101.666667,180175.666667,171504,170494,177353.6000001,5486.10067015191
169604.666667,180157.333333,177838.333333,179608.333333,180391,179693.333333,171528.666667,178408.333333,168356.333333,167665.333333,175325.1666665,5339.95463338591
169099,178381,177813.666667,179513,179493.666667,177894.333333,170838,177218.666667,168279.666667,168023,174655.4000001,4921.67202794815
169052.666667,177515.666667,180777.333333,176814.333333,178281,178263,169951.666667,178028.333333,167975.666667,168667.333333,174532.7,4963.17073432298
166778.666667,176259,176488.333333,177958,178644.666667,176394,169365.333333,178340.666667,167635.333333,166867.333333,173473.1333333,5113.62037740518
165021,174396.333333,174194,176048,176451,174206.333333,168668.333333,177409,165390,166949.666667,171873.3666666,4827.27197818445
168011,179558.333333,175828,175962.333333,177191.666667,177503.333333,169285.333333,177740.333333,167785.666667,180553.333333,174941.9333332,4776.39467513442
165614.333333,176233.333333,175589.333333,174764,174354.666667,175114,167260.666667,177112,165731.333333,168187.333333,171996.0999999,4677.23318040908
165235.333333,172581.333333,175719,172122,173819,173975.333333,165086.333333,174748.333333,164873,164459.666667,170261.9333332,4713.44804926573
164044,171966.666667,170860.333333,172452.666667,172996.666667,172992,165459,173547.333333,164527.666667,165100,169394.6333334,4048.66967160618
160939.333333,171686.333333,169684.333333,170080.666667,170801,170594.666667,162246.333333,173226,162140,161603.666667,167300.2333333,4898.50111130018
160982.666667,175078.333333,170521,169371.333333,171805,170940.333333,161285.666667,171349.666667,161901.333333,164878,167811.3333333,5094.57835993242
158942.666667,170386,168415.666667,168060.333333,170854,169093,160693.666667,170648,159669,164556.333333,166131.8666667,4761.0019646971
173741.666667,185977.666667,182636,182351.666667,184241.333333,182436.666667,174471,183962.333333,174905.333333,179739,180446.2666667,4492.04799124254
170197.333333,185257,180125,180812,182816.333333,180383.333333,171370.666667,181169.666667,171055,174948,177813.4333333,5436.91573796669
169838,176306.666667,178910.666667,178351.333333,179718,178192.666667,170627.333333,179794,168450.333333,170866.333333,175105.5333333,4586.30359044406
169163.333333,175487,176600,175805.333333,176193.666667,177423.666667,171019.666667,176517,167803.666667,168893.666667,173490.7000001,3789.61162685728
167250.333333,174161.333333,173573.666667,175709,175286.666667,175468.333333,168707.666667,177481.333333,166835.666667,166443,172091.7,4277.15234510217
165417,172577,173718.333333,173470.333333,175483,173630.666667,166908.666667,174565.666667,164764.333333,164825,170536,4453.22090679072
163905.666667,170877,173055.333333,172376.666667,174002.666667,172136.333333,165689.333333,172493,165395.666667,168401.666667,169833.3333334,3678.05153388867
163324.333333,171732.666667,173300.333333,172220.666667,174777,171393.333333,165252,171716.666667,164629.666667,165590,169393.6666667,4193.30092729828
163015.333333,170353,170698,171438,172918,171600,163900.666667,173413.333333,166468.333333,166479,169028.3666666,3753.84333567869
161460.333333,174862.333333,171039.666667,171022.666667,171744.666667,171119,163427,171330,162315,167856.666667,168617.7333334,4624.94071186375
166653,169028.333333,170982.333333,170494.333333,170244,169385.333333,160143,168990.666667,160536.333333,166278.666667,167273.5999999,3958.80428321978
163898,167074.666667,167084.333333,168836.333333,170074,170765,161320,167723.333333,161926.333333,162115,166081.6999999,3505.39414472296
161290,167332.333333,166241,169347.666667,168035.333333,168569,161936.666667,167619.333333,159376.333333,164750.666667,165449.8333333,3456.17621881328
160868,165498,168206,170642,167431.666667,170530.666667,158989,167227.666667,158112.333333,163163.666667,165066.9000001,4567.9467848815
159694.666667,165788.333333,164571.666667,168143,166380,168017.666667,156943.666667,165676.333333,158865.666667,160845,163492.6000001,4046.59140743505
160745,164725,163919,167066.666667,165222.333333,167188.666667,156385.666667,164327.333333,157494.333333,159988.666667,162706.2666667,3829.06433402982
158319,163320.333333,163698.333333,166235.333333,163561.333333,165189,155358.666667,163464.666667,157772.666667,160576,161749.5333333,3562.86796027239
158632.666667,168266,163500.333333,166220.666667,166245.333333,165872.666667,156095.666667,165542,156529.666667,161335,162824.0000001,4405.43915204325
158023.333333,163958.333333,164520.666667,164143.666667,164309,163529.333333,155016.333333,162714.666667,156534.333333,160114.666667,161286.4333333,3588.35964483363
156013.333333,164427.666667,160068.666667,163570,162409.666667,162756.333333,155557.666667,161458,154730.333333,155529,159652.0666667,3801.46121622562
153377.666667,163708.666667,159656.333333,164875.666667,162798.333333,160577,154994.666667,161193.666667,156224,154680.666667,159208.6666668,4115.45783115505
153886,161213.666667,160465,160491,162000.333333,159084.666667,153666.666667,160178.666667,153107.333333,153816,157790.9333334,3670.36850442576
151998,160974.333333,159482.333333,159765.333333,160283.333333,158945.666667,151676.333333,158803.333333,152636,155410.666667,156997.5333332,3687.12665462706
151593.666667,160332,158144.333333,160179.666667,158544.666667,158910.666667,152221.666667,157879.333333,153227,151849.333333,156288.2333334,3606.9617872445
150939.333333,158623,156601.666667,160551.333333,157826.333333,158033,152975.333333,158491,150622,151035,155569.7999999,3772.89712569308
151091,163059.666667,156409,158681.666667,157905.666667,159212,152296.333333,158385.666667,153255.333333,150011.333333,156030.7666667,4190.47479300943
150557,167937.666667,158161.333333,157369,156752.333333,156695.333333,150975.666667,157128.666667,151762,152181.333333,155952.0333333,5150.69376239173
148722,162183.333333,155590.333333,155440.666667,155775.333333,156812,148681,154984.333333,148519.333333,151565,153827.3333332,4414.84275402228
146651,154001.666667,153605.333333,154701,154556,155405,147855,153687.666667,148669.333333,146705.333333,151583.7333333,3621.56239331365
147469,154182.333333,153488,152968.666667,153346.333333,154586.333333,147078,156482.333333,148609.666667,147112.666667,151532.3333333,3566.1587590761
100743.5,107443.75,103542.25,102937.5,106365.75,112554.25,107703.75,108722.75,100252.25,101063,105132.875,4061.12035419415
90241,94393.25,92783.75,93687.75,93918,94311.25,97652.75,94564.25,91189,89849.75,93259.075,2339.57853234889
84795.25,91440.5,89936.75,88363.5,88764,89221.5,87762.25,89264.25,86561.5,84853.25,88096.275,2149.93116314221
83807.25,87692.75,88432,87066.25,88872.25,87864.5,86774.25,87520.25,85664.5,84638.5,86833.25,1646.04099111913
84898.75,88258.5,89528.25,88610,90233,88168,86823,89514,86137,84458.75,87662.925,1998.8687045218
82619.5,85780.75,88314.5,87896.75,88336.75,86080.5,83361,87082.25,84440.75,82596.5,85650.925,2281.06767779793
81664.5,85003.75,88096,85901,85711.75,86378,82006.5,86099.75,82652.5,81553.25,84506.7,2334.66506282069
81938.5,91340.75,87555,85581.75,84654.75,85403.5,87069.25,85115,82550.75,81130.25,85233.95,3008.28200971917
81269.5,84335.75,86277.75,84284.5,85936,84193.5,80714.5,84272,81818.75,82649.25,83575.15,1893.52340668571
80255.25,83619,84122,84697.75,85702.5,84608.25,80275,84150,81930.5,80579.5,82993.975,2046.63516347226
79769,82838.5,84972.75,84593.25,84757.25,83658,81045.75,84870.75,83164.5,79650.75,82932.05,2079.89543941249
128479,134448,135927.333333,137094.666667,137942,138850.666667,147395,137756.666667,131660.333333,128925.666667,135847.9333334,5514.17309160661
126751,132736.333333,138029.333333,135127.333333,132988.666667,132992,126258.333333,135399,126439,126282.333333,131300.3333332,4465.04726309927
123827,130087.333333,128914.666667,132300.666667,129856.333333,129418.333333,124030,132041.333333,123776,123182.666667,127743.4333333,3636.92129000399
126166,132196.666667,132792.333333,134277,132882.666667,133291,126083.333333,134445,127030,125956,130512,3687.92175413973
127800,134191.666667,142262,136661,134511,134669.333333,127438.333333,136901,130304.333333,127074.333333,133181.2999999,4954.44596818583
123650,128253.333333,131689.666667,131751.333333,130308.666667,129329,123167.333333,131501.666667,125473,124145.333333,127926.9333333,3505.17293507023
287943.5,296750,329408,301567.5,299328.5,301585.5,288472.5,301767.5,285274,282134,297423.1,13465.2893000237
299946,323253,324109,319129.5,320893,316614,299701.5,319651,300833,316562.5,314069.25,9900.91053121996
292627,311740,311344.5,306776.5,317619,312318,289714.5,311655.5,293429.5,295517,304274.15,10280.4940111791
286738,306845.5,312252,306256.5,288129.5,303686.5,289931,302665,292680,288708,297789.2,9470.41091798849
289281,299239.5,303504.5,301102,285707,305951.5,284686,304808,284010,285857.5,294414.7,9249.93424661314
274804.5,291113,295463.5,296698.5,275360.5,292612.5,277922,293006,274505.5,275399.5,284688.55,9741.40692396808
277256.5,293688,298249.5,292508.5,277906.5,292651.5,283135,295761.5,280213,279963.5,287133.35,8153.33019572712
279333.5,290058,286376,293652.5,278323,295023,279935,292945,274756.5,276775.5,284717.8,7746.30485816015
273481.5,287002,286104,287745.5,271061,288663,277495,290006,269131,275122.5,280581.15,8087.4841406336
269829.5,285367.5,284222,283764,270601,284171,268992,288267,272661,267288.5,277516.35,8254.68137567338
273279,281141.5,276050,280837,273677,281639,272052,284873.5,267496.5,268202.5,275924.8,5979.70880561922
273068,283364,281270,282478,268919,283126,268941.5,286475,271101.5,265054,276379.7,7712.90034509285
265189.5,280265,288650,277520.5,263255,278938.5,264981.5,279525.5,271463,262174.5,273196.3,9039.53869029462
264455,278266.5,291124.5,280691.5,264952.5,278606.5,273241.5,278912.5,266263,263708,274022.15,9073.16754394823
306605,327601,317848,320923.5,309735,322106,314253,320391,316343.5,308244.5,316405.05,6732.9756565479
328511.5,345142.5,341629.5,346907.5,327656.5,349210.5,330917,346827,327223.5,338275.5,338230.1,8881.88717371858
291451.5,321704,300534.5,312981.5,290181,308039.5,306188,308571.5,293245.5,292399.5,302529.65,10672.6720465818
288784.5,312501,298560,328722,289345.5,306363,294340.5,304609,287761.5,289638.5,300062.55,13222.3326452088
285352,322068,296254,314356.5,289868,303942,285701,300679.5,284972.5,286505,296969.85,13169.5977181664
286862,302426,297680.5,300783,286151.5,302133.5,296538,307771.5,283160,284666,294817.2,8839.95423316459
286055,304263,296852.5,298560,281283.5,300676,290202,300991.5,282204.5,283161.5,292424.95,8811.39320693511
283371,296767,289965.5,300509.5,282579,299042.5,285369.5,295417,279818.5,280274.5,289311.4,8036.83720197884
279303.5,296708,308998.5,295850,277776,296596.5,282380.5,300183.5,278016.5,284008.5,289982.15,10998.8760916993
289305,308080,311506.5,322001,289513,311598.5,296442.5,306210.5,294389,288833,301787.9,11624.0211148199
285768.5,306895,299369,317350,285902.5,301701.5,305901.5,305381,289132.5,283092,298049.35,11464.1829481845
285101,308204,303003,303981.5,283536.5,299433.5,284886.5,300013,284937.5,281998,293509.45,10239.4687971214
281732,297317,304199.5,300487.5,285236.5,299370.5,282862.5,295712,283577.5,279754,291024.9,9209.32283914271
281523.5,324625,300934.5,297257.5,284131.5,299441,281604.5,295571,282329,278668,292608.55,14092.0846270561
281035.5,295478.5,306858.5,322474.5,282580.5,295752,279883.5,298287,279876.5,278035.5,292026.2,14578.9439817232
281665,293322.5,292242,299010.5,281138.5,297292.5,278983,297381.5,280136.5,281644.5,288281.65,8245.33686748658
279276.5,303619.5,291331,304770,279815.5,292492,278670.5,296481.5,282635.5,276848,288594,10583.8074145786
277300,290866.5,289351,296795,279222,291503,280030,296624.5,276822,274395.5,285290.95,8600.72236452652
277045,293535.5,283490,297276,274244.5,289281.5,274920,294731.5,275751.5,273292.5,283356.8,9516.28325030313
272872,291023,289908.5,292221,276018.5,290029,271102.5,287237,274115,271540,281606.65,9117.81264902815
272021.5,289199,299599,292613.5,272984,289491,271552.5,288448,273157,270213.5,281927.9,10949.2048970589
271566,288586,283428,289412.5,271125.5,288018.5,269657,290242,272578,269351,279396.45,9219.37547128631
270954.5,288720,280243,287346,270518.5,286389.5,270258,285638.5,272307,274418,278679.3,7761.76184252003
269112.5,286099.5,277681,284641.5,270241,285445.5,266984,292756,269650.5,272493,277510.45,9074.84184266836
267802.5,286361,275750,283671,274185,284989,271945.5,291421.5,270530.5,270863,277751.9,8147.43797426188
265955,286727.5,274306,280341,268268.5,283040,266305.5,280381.5,265064,269528.5,273991.75,8037.13250844686
264563.5,286962.5,283598,282033,266127,282127.5,266200,278972,270003,268159.5,274874.6,8626.59968031695
264452,282406,276019.5,287427.5,266001,282444,264874,281572,270331.5,264459.5,273998.7,8985.07706700393
265658.5,280909.5,272782.5,280227.5,264493,281154.5,262564,279754.5,267670,263230.5,271844.45,7976.62719536828
263432,276966.5,271712,278681.5,262717.5,279507,265285,279297.5,266538.5,262811.5,270694.9,7309.73759522947
262628,278419.5,269699,283522,265795,278970.5,259745,276155,263089,268629,270665.2,8128.05187879878
262837.5,275818.5,269573.5,281975,261564,278091.5,260350,274000,262206.5,272957,269937.35,7774.195814252
262568.5,276381,274117,278732,260830.5,275784.5,262742.5,272923,264154,263408,269164.1,6980.45019162645
263376,276090.5,269544,278929,259604,279513.5,258407,277936,258002.5,259145.5,268054.8,9314.20619030713
262416.5,272352.5,276796.5,279734,261330.5,276493.5,257183,272118,257900,261122.5,267744.7,8592.18189596411
262032.5,271988,270338.5,273072,257378,274023.5,256413,273699,257655,261534.5,265813.4,7450.31760993375
259282,270878,268163.5,268432,255865,270892,254442,268684.5,255571.5,259269,263147.95,6828.72721770967
258752,269701.5,270044.5,275276,255637.5,270237,254508.5,269898.5,260965,260319,264533.95,7282.819754776
591747,654635,649411,656979,584572.5,633794.5,601569.5,703915,604155.5,617669.5,629844.85,37035.0342139035
449763,471318.5,479871.5,474712,464822,468308,443091.5,488788.5,438154.5,438243,461707.25,18173.9117468022
338739.5,361823.5,353859,365343,355734,365079.5,339481,390805.5,366566.5,340051,357748.25,16076.1367409552
337047,355729,355978.5,358662,342897,357640,338505,366865,333881.5,336399.5,348360.45,11807.0516393335
336109,357172.5,360031,363051,332574,352638,336843,366958,330774.5,335747.5,347189.85,14065.099867422
331831,357540.5,346041.5,370055,329638,349842.5,329648.5,358952.5,328943.5,331190.5,343368.35,15170.134301482
328361.5,350273,345852.5,354072,333350.5,352316,334399,351059.5,327618,330890,340819.2,10813.7810049132
330245,351467,347730.5,351335.5,327745.5,352841.5,325948,361155.5,326608,327103,340217.95,13825.0992852573
328395.5,349024,339256.5,346999.5,326896,347222.5,324307.5,355079.5,328400.5,324063.5,336964.5,11830.026850256
328240,349140.5,340700,350136.5,326680,344872,323225.5,364005.5,322795.5,324682.5,337447.8,14334.7868065378
325848.5,348946.5,336152,347192.5,326071,345084.5,323435,344891.5,321841.5,324037,334350,11206.9554022887
323437.5,349715,340144.5,345865.5,329490,344405,324406,341771.5,322407,326832.5,334847.45,10523.5543489883
320771.5,343709,336066.5,346325.5,326106.5,343312.5,331663.5,339928.5,320109,327437,333542.95,9712.68650171288
319587,342576.5,335776,343445,320578.5,343679.5,317816,342915.5,318950.5,333902.5,331922.7,11412.6426222073
318290,341563.5,342172,339869.5,320808,337506,321934,340908.5,317400.5,320311.5,330076.35,11024.4577292944
316912.5,340605.5,330125.5,340445,317319.5,336229,318349.5,336803,315719,338318,329082.65,10745.564030618
316810.5,336641,328695.5,336766,316550.5,335356,322775,339925.5,318670,321023.5,327321.35,9207.68412809528
321872,336254,329618.5,337531.5,318151.5,336454.5,314891,342443.5,312747.5,323265.5,327322.95,10533.2927727331
314826,336882,342607.5,333682.5,315092,334425.5,323077,333386,318731,337244,328995.35,10114.4625963958
311165,338073.5,331407,335272.5,312076,336453.5,310910,335736,318778,330212,326008.35,11433.9178544704
310675.5,333983,329588.5,332393.5,316642.5,334066,312534.5,330462,314619.5,314948.5,322991.35,9816.69068771821
311336.5,334453.5,329787.5,331831.5,310968,330420.5,311184,333040.5,309880.5,313339,321624.15,10944.6808619276
308799.5,334154.5,332654.5,333132.5,314432,327608.5,307090.5,334864.5,309262,310141.5,321214,12168.5256570657
308523,330360,339073.5,332873,308362.5,326450,306259,328392,323026.5,314993,321831.25,11573.5968533987
307137,325426.5,355892,329688,308474,326097.5,306699,327948,308583,309051,320499.6,15758.0478729653
304545,324100.5,336437,329135.5,306016,328343.5,308861,326196,304145,305521,317330.05,12590.4442412358
305737,327644,330164,327642,306954,327978,307132.5,326851.5,305150,306108,317136.1,11553.8550824678
308615.5,325135.5,326844,329610,305969,331897,305897.5,327451,304286.5,304154.5,316986.05,11995.9859963656
306977.5,322473,325347,322195,305007,330068.5,304894,325245,309519.5,305194.5,315692.1,10189.5336165215
306667.5,323915,322126.5,324608,301781.5,325642.5,305807.5,324118.5,302659.5,308208,314553.45,10241.9303178703
300146,323007,320280.5,322495.5,304676.5,326476.5,303498.5,320605.5,299721,299364.5,312027.15,11354.6306389606
299470.5,333031.5,326219,324810,305089.5,324639,311207.5,322692.5,300104,301245.5,314850.9,12753.8366576058
297499.5,323447,316007,316053.5,301037,319541.5,300468,318717,296229.5,301157.5,309015.75,10573.3570860652
296628,320933,312109,315149.5,301264.5,321721,297551,314779.5,295883.5,301037.5,307705.65,10262.0102320538
294196.5,319489.5,309926,315327,298617.5,319204,294858.5,318363.5,295377.5,298492,306385.2,11041.6156431526
294345,321767.5,308717.5,315859.5,299933,319961.5,311295.5,313549.5,293978,298605.5,307801.25,10395.3994532036
295043.5,315767,308649.5,314028.5,298086,319929.5,295629,312023,294350.5,300594.5,305410.1,9711.7502736519
293456.5,314502,311188.5,315356,297770,319394,294440,312722.5,307313,293803.5,305994.6,10113.3283695879
292134,318588,307749.5,312399,298930.5,316320.5,294376,317434,297564,291260.5,304675.6,10994.7186129422
291866.5,314641.5,312290.5,310888,296676,315513.5,291968,314570,293672,290425,303251.1,11078.8866162424
289434.5,313532.5,303311.5,309482,294050.5,313732,294305,319964,304150,288923,303088.5,11030.893509191
294613,314772.5,308069.5,310005,293467,312399.5,294339,325806.5,291537,292473,303748.2,11993.9869128938
289883.5,305783.5,298846,306878,293917.5,311480,292199.5,309793.5,290035,291327.5,299014.4,8658.83043744618
288452.5,303782.5,303304.5,305922,291043.5,310071.5,291805,306207.5,320886.5,295341.5,301681.7,10059.0109305041
285317.5,304454.5,296895,305003,290972,304147.5,286103.5,308980,301773,291453.5,297509.95,8542.25942154651
284867,303343,297031,303930.5,286085,304542.5,292276.5,305027,297683.5,288372,296315.8,7947.57196744879
284352,301723.5,295821.5,306321.5,284607.5,303034,284467.5,313785.5,284273,295672.5,295405.85,10737.7216832633
282966.5,301839,293194,304911,282459,301194,286581.5,302272.5,285146.5,286750,292731.4,8982.43853552277
281352,306606,297537,304872,284021,305586,287657,299525.5,289542.5,285487,294218.6,9695.57255715778
279841.5,298657,302611,302414.5,282311,303640.5,284750,300403.5,283006,284460.5,292209.55,10016.9642785793
280300.5,296616,305627,298891.5,280036.5,302979,282798.5,297630,278816.5,304000.5,292769.6,10971.1529015363
277380,295107,299589.5,296544,283689,300862,278237,299461,294224.5,284176.5,290927.05,9122.52453926239
276611.5,294578,289569.5,296959,282253.5,299702.5,277875,293829.5,276255.5,281447,286908.1,9013.05919454901
276492.5,295233.5,290814,295518.5,280799.5,298153,277252,292903,274232.5,277233.5,285863.2,9448.60057304196
274914.5,292602.5,291925,294837,275926,295756.5,275811,291223,275713.5,282644.5,285135.35,8925.89861660376
274388,296120.5,303280,294455,275184.5,294350,274702.5,296484.5,278404,280262,286763.1,11137.5487024749
274091.5,296315.5,290861.5,293231.5,275213,293543,273643,290690,280644.5,283103.5,285133.7,8829.65199767239
273265.5,292610.5,300105,291416,273409.5,292528,273154,302130,276302.5,275927.5,285084.85,11773.81340577
270972.5,290955.5,306506,288396,272813.5,292354,270282.5,290190,278986.5,270772,283222.85,12290.1412071492
270924.5,290995.5,265723.5,288524.5,277534,295758.5,273132.5,290271.5,283555,273072.5,280949.2,10211.3634664742
270904.5,289679.5,264222,286777.5,274786.5,292688,270385,289416,276983,270563.5,278640.55,10111.8446290861
268280,290690,262908.5,284959,273158.5,289804.5,273012,284764.5,292936,267426,278793.9,11023.7687642052
268042.5,290535.5,263119,284702.5,273136.5,289238.5,267964,283904,269237,266711,275659.05,10315.1748044918
266951.5,286758,260128.5,283254.5,271354.5,287401.5,267414.5,283367,301741,266149,277452,12996.8321460783
265347,286713.5,270835.5,283749,270320,284874,265858.5,291862,264444.5,275093,275909.7,10081.4382963059
266391.5,286022,260612.5,281608.5,269147.5,282469.5,265460,284588.5,266029.5,269612,273194.15,9405.36948016043
262362.5,285179.5,264472.5,279649,268744.5,283852.5,280994.5,278835.5,261523,266057,273167.05,9380.37509155862
262435.5,282622.5,259839,279700,265240.5,286867,268651.5,279409.5,260508.5,266663,271193.7,9990.91645001154
261040.5,282726.5,259750.5,277692,267910.5,281880.5,264896,278676,258017.5,265514,269810.4,9525.61843953218
259150,280600,255882,276257.5,263881.5,280028,264063.5,276132,255178,265519,267669.15,9802.71754002146
259175,282735.5,257075.5,279782,259743.5,280129,263648,276914,258460.5,266261,268392.4,10324.4259802772
257348.5,276906.5,253367.5,285533.5,258283.5,276923,262362.5,275102,253960,260556.5,266034.35,11471.9632995936
257779.5,275853.5,263353,274759.5,257542,276633.5,261286.5,275787.5,256322.5,262011,266132.85,8566.17698032987
257603,274723,258311.5,277216,255819.5,279430.5,262558,271387.5,258984.5,256399,265243.25,9381.2768180089
256504.5,272345,254107.5,275536.5,257217,279000.5,289790.5,273868.5,267030.5,259064,268446.45,11672.2560692962
253994,273000,252748.5,273700,253930,276987,260006,268798.5,254994,257765.5,262592.35,9492.76470982564
253855.5,278982.5,251866.5,273562.5,256235.5,272898.5,268760.5,269398,254883.5,261381,264182.4,9700.84748531454
256510.5,271602,247918,271742,258884,272452.5,280583,268580.5,257925.5,258102.5,264430.05,9977.07377621871
252440,267783.5,247355,271903,256121.5,269390,256437.5,269159,252933.5,253609.5,259713.25,8876.05463295614
251224.5,266423,245653.5,266415,250821,267765,266181,272267.5,250236,260756.5,259774.3,9391.97519812644
251541,264520,248657,265997.5,249831.5,266440.5,254618,266467,250292,250798.5,256916.3,7860.6332166478
251518,266225.5,250199.5,268870,252340,267959,262110.5,266326,260279,253323.5,259915.1,7427.44950167956
249927,265754,249514.5,266724.5,255205.5,265598.5,263004.5,266210,255965.5,253788.5,259169.25,6989.02691625316
247645,267139,242417,263652,253443,263398,249121,264208.5,258040.5,258935,256799.9,8295.129564322
286159.5,302959.5,278566.5,305735,290139.5,305152.5,287836,301727.5,280778,284693,292374.7,10486.3171620079
282904.5,294672.5,270740,296756.5,285575,294417,285338,295917,276994.5,276995,286031,9221.68555935169
277074,295918.5,272775.5,292559.5,276094.5,291875,275146,305458.5,274150.5,273472.5,283452.45,11820.3705935747
271726.5,291755,276109.5,288404,274391,290044,281796.5,292149,272752,285218,282434.55,8138.06661946053
281002.5,285975.5,269037.5,286962.5,275163.5,287493.5,272006.5,292182.5,284425,270842,280509.1,8151.86279257011
272962.5,289456,266460.5,285558.5,270717,286199,273793.5,291887.5,277741,276233,279100.85,8620.3955569529
272324.5,289091.5,261751,284533.5,267832,285591.5,269686,287332.5,266695,271812.5,275665,9948.49221127392
272389.5,284103,269667,284470,269032,285122,274951.5,288311,265649,277378.5,277107.35,7970.41273520038
269181.5,283630,264685.5,283135,271753.5,284836.5,267392,283718,267048,270792,274617.2,8175.55210232176
267623,279644,267197,283086.5,269435.5,281397,269555,291443.5,262546,269120,274104.75,9164.23563597459
267750.5,279032.5,266545.5,280440.5,268845.5,283869,263189,280342,269547.5,269410,272897.2,7235.92742347363
267181.5,277520,272812,278841.5,266912.5,282758,262125.5,277008.5,257613.5,272787,271556,7965.07126633389
263147,276914,262283.5,277572.5,263427,282171,271146.5,279063.5,265243.5,263548.5,270451.7,7807.82380834905
263996,286771,260306,278573,264312,282900,262556,281514.5,270044,263884.5,271485.7,9926.80346670904
260808.5,287478,260813,277042.5,262694.5,282893,260699.5,281901,263086,261883,269929.9,10981.473069068
259354,294636,255478,275919,265505,286095.5,257692,280741,260680.5,267285.5,270338.65,13355.7881731106
258630.5,278433.5,257994.5,275984,259834.5,274387,257190,280691,254227.5,261301.5,265867.4,10192.3626630706
256338,277519,257637.5,272485,257415,277192,255298.5,275592,253783,261168.5,264442.85,9954.73762992052
256660.5,273077,250947.5,271342,255647.5,275745,254895.5,270139.5,250957,264373.5,262378.5,9619.39187267054
259249,276881,255529.5,272135,258993,273067.5,255483.5,275420,259607.5,261016,264738.2,8559.63040868783
256287.5,274767.5,257216.5,271165,258003.5,274096.5,258971.5,269571,257113,258587,263577.9,7759.89433920047
255160,274046.5,256692.5,270238,255215.5,273098.5,257315.5,269059.5,259022.5,264683,263453.15,7629.42208037775
256204.5,269767,251934.5,270252.5,254922,270740.5,258039,268959,268202,259800,262882.1,7374.63808452847
252399,268102.5,249325.5,269472.5,257889.5,270635.5,256251.5,272607.5,252847.5,256629,260616,8669.19597707244
250475.5,270768.5,246957,266155.5,256632,266929.5,251497.5,275822,252326,250528.5,258809.2,10171.2877372206
249168.5,269789.5,245178,264782,254460,264933,249731,265499.5,250530.5,253533,256760.5,8647.33598990014
249012,267883.5,244496,263977,253647,265353.5,248961,263458.5,267262,254040.5,257809.1,8706.12448477762
254278.5,263723.5,244985,263934,249394.5,264062,247978.5,262195,254060,247850.5,255246.15,7621.1737870007
246342.5,267948,248174.5,262894.5,254990.5,262915.5,258939,260944.5,248257,250640.5,256204.65,7564.41299422647
250946,260841.5,246079.5,261545.5,251666,261877,246787,259831.5,246840,246352.5,253276.65,6943.00510526002
248435,262173.5,244564.5,259978,249872,267085.5,244181.5,258415,240965,244955.5,252062.55,9073.05787743152
249791.5,262873.5,244758,262212,250469,265680.5,244674,265798,240665.5,256333,254325.5,9466.6865052609
247348.5,264183.5,244579.5,258618.5,246381,261239.5,243699,262489.5,240338,248767,251764.4,8886.44210081353
246051,258787,242850,257348,244388,259836.5,241599.5,260141,237977.5,253712,250269.05,8545.15263971985
246012.5,259707.5,246139.5,257337,243399,259674,241240.5,263790.5,237965,250868,250613.35,8973.84852424594
243231.5,255234,240235.5,255046.5,242765,258011,241501.5,253978,262750.5,245734.5,249848.8,8021.71655985592
240895.5,253351,235984.5,254107,242464,257272,243345,253164,244139,244143,246886.5,7016.74947694602
240381,256828,236928,253842,240171.5,256002,243595.5,254730,237246.5,246108.5,246583.3,8040.5636556152
241885,254681,242342.5,251825,238558,256113.5,241626,254774.5,238765.5,259663.5,248023.45,8106.76407030985
242532,254626.5,236614,254140.5,239168,255617.5,242664,260030.5,234393,246010.5,246579.65,8940.09220077362
241837,251273.5,237316,250963.5,240644,252065,240613.5,254364,232336,238606,244001.85,7535.69650636961
237618.5,252354,233375.5,251662,238967,253424,242770.5,254222,232328,239341.5,243606.3,8554.59675716967
236462,249983.5,231409.5,253550.5,237133,249968,238074,248274,233743.5,243287.5,242188.55,7827.32861500156
237313.5,252696.5,235762,248235.5,238579.5,252908.5,233536.5,247499,236312,238776,242161.9,7372.79479950144
234583.5,255970,231885,247349,237773,249796,235587.5,247565,236713.5,240245,241746.75,7903.6607279651
233328,249343.5,236921.5,248279,234368,248394,236303,252032,234165.5,233852.5,240698.7,7727.31376424635
232220,246208,230775.5,244613,232589,250871,233534.5,246702.5,228286.5,238508,238430.8,8028.24770973647
233710.5,246624,231017,253381,237342,251341,233878,252479.5,240001,238306.5,241808.05,8447.60439891426
231924,250526.5,229781,248229,237367.5,251167,232206,246311,232173,232908.5,239259.35,8733.37251597444
229850,246907.5,224782,245985,234758,248335.5,230274.5,244385,230143.5,229676.5,236509.75,8887.0898788011
229050.5,243672.5,223852,250644,233116.5,246927.5,229246.5,246831.5,228706,234974.5,236702.15,9481.9323483314
229674.5,255363,232349.5,245562.5,230899.5,245839.5,229231,242848,228118,230209.5,237009.5,9549.37760042798
,,,,,,,,,,#DIV/0!,#DIV/0!
nds_n0=1,nds_n0=1,nds_n0=1,nds_n0=1,nds_n0=1,nds_n0=1,nds_n0=1,nds_n0=1,nds_n0=1,nds_n0=1,#DIV/0!,#DIV/0!
192972,225777,196525,199328,192908,202341,190592,198648,186702,191558,197735.1,10900.0269260626
189597,214298,184391,201763,188453,193333,187671,219849,188520,186757,195463.2,12403.0252116167
185885,193619,182078,189946,188651,190978,186968,192167,185356,184368,188001.6,3693.93975767518
184683,202467,180818,189192,185073,190255,188477,190069,180369,182923,187432.6,6431.2420815198
183357,190612,179854,188407,184626,191863,183081,188719,179679,182160,185235.8,4382.53794557953
182670,187910,183972,187031,183663,188797,182246,189884,181165,184334,185167.2,3010.95624530001
181947,187676,182728,186449,184593,187789,181350,189365,186987,183239,185212.3,2802.01994798197
181218,188333,178034,191250,181628,187374,180733,193136,177103,180254,183906.3,5650.30424057954
180250,186003,176732,188022,181348,186614,179890,191795,176558,179380,182659.2,5135.33899778994
181449,185488,175948,184352,180065,186604,179084,187064,176104,178913,181507.1,4157.71607843644
178886,184449,175122,183582,179815,185061,178120,185876,182191,177996,181109.8,3618.92960847695
177705,183719,174236,182771,179210,184498,177147,185525,174240,177384,179643.5,4193.5346334831
177249,183351,174211,182543,178046,183909,176551,184957,173886,176658,179136.1,4155.70754638859
334762,356936,337365,360341,334327,360529,349920,359426,334188,334868,346266.2,12164.7351690587
292257,344728,287035,321004,295140,300224,292579,319244,284872,288712,302579.5,19461.1206497582
280184,309629,271271,292886,277420,287075,275222,289596,271825,292042,284715,11931.7903937339
277909,328970,268692,287882,274505,284665,274663,287274,272355,291031,284794.6,17243.4495079533
276481,296742,268727,283386,278868,284295,280216,285349,271384,277180,280262.8,7895.90311209272
278176,292441,266727,280493,276180,281671,270771,281895,269597,271341,276929.2,7670.82282707953
276586,290015,269340,282377,277125,283474,272125,283422,283097,272312,278987.3,6529.78219902216
273927,279785,266366,284388,276496,279923,270433,280151,275666,269306,275644.1,5669.69363173865
275394,294415,268417,279308,275344,282666,270768,281290,265342,276245,276918.9,8255.35009621707
272681,280205,265716,277710,269013,278699,269585,299781,271611,268599,275360,9832.57409498313
273012,278475,264441,284856,274259,282127,268149,288746,264106,272318,275048.9,8417.84718387731
271582,276378,262739,290257,295208,280314,272635,309707,261688,270570,279107.8,15171.4452091201
270454,274909,262483,275702,280155,279681,265673,283303,261279,270344,272398.3,7634.11031052953
268223,273266,303647,273670,268558,277675,263742,275031,259598,267741,273115.1,12023.7668016308
269472,279828,271723,273927,269485,278168,264412,281764,259925,269249,271795.3,6845.07868715425
269322,274284,270421,273410,266362,277883,263558,279205,259750,264595,269879,6380.14209176497
265791,271050,261862,270444,263606,274647,260438,276137,256894,261487,266235.6,6492.2701935969
265661,292619,261835,279317,262984,274684,261298,273601,257005,268244,269724.8,10619.5423818543
265492,272499,260824,271230,263007,280514,261885,272628,256389,261980,266644.8,7314.29988751107
264282,267751,260391,272710,261619,271694,260555,269707,254702,260404,264381.5,5871.51101600867
260491,265984,258956,265416,261468,269985,258856,268188,252878,259268,262149,5182.83873310113
258222,266992,270171,266132,260947,271131,257709,268285,254224,257420,263123.3,6094.20887309328
255529,264581,261523,263791,258660,270179,259937,266070,263070,255108,261844.8,4705.16047193575
255466,263971,258798,262878,255524,267520,256508,264737,254549,253887,259383.8,4950.38763465381
254222,262971,256624,270016,254840,266737,253248,285870,253566,253108,261120.2,10630.8590099243
255020,263588,269695,274955,254769,266977,258528,276908,257324,253770,263153.4,8601.95644671089
254617,265900,257688,287589,255355,264226,253557,267119,279459,253353,263886.3,11708.0906409011
259569,265058,253548,264053,253586,265410,253102,266174,255353,252157,258801,5856.27547545746
253031,260542,252526,263055,253262,262127,251356,265004,246936,250819,255865.8,6216.29321130277
251063,260232,258243,265309,251965,260670,250573,264248,246262,250673,255923.8,6605.48416595382
249037,256819,245463,262661,250070,259343,248151,261490,244033,248892,252595.9,6835.3058527033
248345,256644,248983,259711,249270,256420,247512,261007,243500,247892,251928.4,5970.47794848397
247821,259968,249033,257312,247833,255436,247645,259524,242140,247247,251395.9,6136.24319469531
246365,259436,248892,254378,247061,255579,246187,255999,241218,253847,250896.2,5742.88922252747
245921,254176,241573,254177,246997,253878,244907,254900,240841,246128,248349.8,5458.86111036196
245081,253005,240557,252848,245305,253247,244325,254778,254531,244535,248821.2,5319.03681339227
246313,252454,275178,251981,244993,252324,246105,253348,239763,243570,250602.9,9757.21652533253
245785,256795,242464,251271,245672,251886,245158,252996,240360,243900,247628.7,5280.6092882882
243146,259785,239251,250725,244001,261076,243826,252558,251449,244978,249079.5,7310.3006968098
244119,253029,240158,249393,242312,253102,241360,253318,239254,246765,246281,5607.66358556653
243206,253889,239311,256286,241542,248729,242455,250906,237121,243142,245658.7,6415.12352093776
240247,248083,237459,248072,240615,248204,239168,250019,235645,239409,242692.1,5297.87662810929
241458,247261,255270,262786,239702,247180,240368,249270,237066,244769,246513,7832.21365047371
240937,246251,249250,256426,239370,249155,239622,248548,236407,243779,244974.5,6078.05749762574
238903,247562,235071,246937,239621,253135,238854,250081,234383,242641,242718.8,6420.65107117477
237869,244837,232386,244210,236997,244641,237402,249322,232232,240291,240018.7,5659.44649924158
238877,246085,232878,244999,238723,245665,238358,250039,233548,237579,240675.1,5716.77670350852
236871,244779,238563,244389,236930,244584,254482,249193,236104,238594,242448.9,6108.46262618963
236174,250308,232489,244441,237083,244060,236167,248511,235902,236097,240123.2,6155.64304430406
235935,245573,234442,243184,235747,243013,239132,247298,234446,239261,239803.1,4723.43473073944
235402,241887,233788,244385,239857,241797,234329,246241,233131,233992,238480.9,4911.23540579263
233803,241290,233037,255125,238660,241729,233015,243318,233541,233133,238665.1,7094.24714430252
234655,240733,232310,240921,237121,240413,232127,242709,231770,232324,236508.3,4366.62674409231
233107,239814,238150,259363,236153,239918,231540,242073,227957,231608,237968.3,8760.72574429006
231791,239047,238470,241101,235336,246308,230873,247235,226968,230595,236772.4,6856.89544586729
231275,238197,228732,237975,231864,258879,233889,241066,227419,233889,236318.5,9016.20859280046
230265,237506,227808,246188,230079,237731,234875,241987,225033,232645,234411.7,6561.93577553318
229675,236947,226989,236893,229795,236632,228523,239433,224090,231864,232084.1,5111.01576010092
230643,235392,223673,235577,233390,235421,227350,238005,223472,231297,231422,5128.12495514253
227140,233521,222031,235593,230559,233458,225803,235241,221589,225838,229077.3,5294.3386755204
227397,232699,221046,233578,229384,232799,224572,234308,220744,224819,228134.6,5174.63300255304
225503,232059,220813,232845,228626,231626,223546,233589,232498,224292,228539.7,4637.05821615386
224442,231060,222581,251808,227970,230648,223003,232519,219121,225336,228848.8,9124.70690914386
223802,230598,222690,236283,227263,230306,223174,251344,218571,224709,228874,9353.36170107364
222967,229568,218041,230894,226382,230297,221848,243255,217409,225185,226584.6,7556.18088719427
222539,235614,217439,229542,225885,228643,223248,230037,216742,224403,225409.2,5829.84729740935
221822,228368,216673,229123,224798,227837,227961,229285,216131,225520,224751.8,4958.86202895606
221962,227281,215971,228090,224017,229769,219175,229657,215225,227857,223900.4,5542.29337208183
220008,226235,214690,226938,219809,233679,218393,227914,214664,222113,222444.3,6153.26688389545
219246,225965,213984,227115,219056,226243,217598,227307,214061,221212,221178.7,5215.79426251543
219898,224937,213122,225898,218770,225001,217093,225993,213116,220828,220465.6,4980.79050397067
217637,224641,218972,226727,217430,231540,216342,225387,213212,219628,221151.6,5662.37777302473
217066,223441,215510,223295,221901,224128,215202,225004,213321,221903,220077.1,4325.01731403085
215993,238232,211378,227771,215953,222763,224367,226503,216984,220029,221997.3,7729.92955336593
215316,231981,212874,226660,214992,225062,217675,222925,216353,216126,219996.4,6268.02473227766
214706,220941,212658,221000,214396,226422,221353,225311,220081,213043,218991.1,4996.98496762464
213823,220372,216363,220960,213533,220567,218868,221182,213808,216223,217569.9,3176.61491563303
213246,218738,208371,219340,212452,221654,219668,220498,208373,215163,215750.3,4954.55846334128
212056,219347,208689,231637,211766,223718,217055,220774,207642,210786,216347,7615.48339459376
211560,218012,207135,224656,210993,217671,213893,218481,206887,210089,213937.7,5688.08972131926
212307,218180,208422,224951,212711,218294,214394,219068,207473,211512,214731.2,5382.7119311118
211995,218159,214257,221199,211102,217811,213838,218382,206480,210039,214326.2,4552.59517686829
210106,217732,215783,217759,210562,216479,213191,217363,206192,210296,213546.3,4068.24843691292
208336,221574,204099,214690,208472,215407,211362,221218,203517,207349,211602.4,6465.23615105349
207521,214266,203327,213554,208016,213902,210316,230565,203051,206852,211137,7950.93144788011
207750,215203,203908,214824,207915,214439,208211,215923,203857,213459,210548.9,4732.15669530172
206616,213939,203421,213694,211559,213824,206144,218346,202694,209325,209956.2,5156.31263167349
206935,213332,202788,212813,210606,213011,205688,216692,201991,205860,208971.6,4988.2032213792
206952,212511,201882,217478,209599,212183,205644,215997,201926,205208,208938,5519.23070323714
206215,209937,200904,225582,209864,213959,204791,213548,201014,204018,208983.2,7464.5383395239
204048,211594,204424,211238,208838,217040,203554,211636,202613,203156,207814.1,4936.90560866712
203284,210380,202597,212872,206436,210001,202584,213302,209246,202969,207367.1,4315.16780798976
201618,208579,197835,210811,202584,208014,208136,209739,205112,201258,205368.6,4336.18404180962
200790,207545,197230,207343,201420,207325,202580,208142,205319,200482,203817.6,3808.58168993247
200550,206759,201125,206423,200798,206719,199222,207844,195655,200289,202538.4,4095.39470896545
201563,205818,195567,205904,201957,205885,200354,207374,196264,200686,202137.2,4116.59402904877
198384,205282,194736,205071,200951,205354,197758,206491,195118,201801,201094.6,4419.16422968064
197888,204770,196755,204730,198075,204383,197947,205649,193436,201086,200471.9,4232.1164773406
198642,205463,216397,237403,198955,204548,200877,205931,194548,197653,206041.7,12593.9495795049
196834,203516,195056,216528,196700,203247,198402,207030,192149,195925,200538.7,7216.90218322392
195890,202197,192250,206356,196398,202120,198418,206329,192083,195391,198743.2,5273.98459526676
195353,201510,191606,210805,195300,201517,198156,205149,190578,194654,198462.8,6316.73049747872
196069,207517,192123,194999,196813,200302,198821,204314,190583,195412,197695.3,5226.82399954525
193471,200679,189678,207880,193572,200167,193765,203837,195672,192767,197148.8,5739.01164158274
192960,199973,189174,199359,193283,198861,192275,200270,199339,192346,195784,4144.78920520158
193988,198954,190361,207618,194577,198773,196726,199399,190494,197080,196797,5016.36860687091
194013,198761,189574,191448,193465,203092,196408,198877,189213,195532,195038.3,4419.47050750049
190496,197580,186858,190177,190963,197792,189753,197979,186716,190005,191831.9,4348.69197320042
190931,198396,190576,235015,191645,197808,190256,198859,188123,191273,197288.2,13801.0665835813
191731,197468,191195,195041,197655,203073,190556,198892,186587,190655,194285.3,4976.90084401037
188876,195168,185424,193114,189220,195052,188466,196900,184753,188124,190509.7,4257.73904659373
187933,194412,190787,196892,190218,194166,187094,197092,191263,187344,191720.1,3757.41800975084
187396,193475,183958,192741,188218,193518,190268,194128,183270,186852,189382.4,4040.4599353154
186552,193648,182707,190213,186983,192909,195379,193956,189817,186107,189827.1,4156.22647896436
185743,192848,182462,188987,186073,192143,187445,192595,185342,185165,187880.3,3613.23957596688
185679,205811,181521,188124,185558,195070,184341,191814,188681,184178,189077.7,7086.38594693296
184775,193586,180784,188918,184918,216578,184059,191404,183869,184172,189306.3,10341.3487950074
184965,190148,179657,183837,184208,196920,183004,190842,180619,183241,185744.1,5312.25401940332
185109,191525,181060,184049,185045,190970,184598,191695,181013,184981,186004.5,4020.07999505814
183292,191532,179176,182006,182849,188642,181751,189700,179328,183091,184136.7,4312.34999223806
183529,192073,179484,182062,183358,189032,186879,190330,186869,182765,185638.1,4035.38059474499
181494,187703,177648,181032,181880,187086,184089,188049,184879,180437,183429.7,3492.60297867746
181225,188636,176556,179737,180721,186377,183197,187762,177419,179699,182132.9,4228.55881543057
180547,191447,175743,179365,179813,185961,182632,186725,176289,179129,181765.1,4954.84289357392
179380,185128,175128,179144,179837,185181,181768,185965,175562,178222,180531.5,3898.12616664868
179612,184611,174445,180049,178673,184591,181345,190189,175139,177574,180622.8,4788.54240870852
177893,183914,181075,182167,178016,184139,180292,194936,174284,176930,181364.6,5708.89676440787
177020,182688,173308,178891,177440,183221,179769,184104,173725,195442,180560.8,6417.24352039098
176644,182267,177294,175588,176730,182747,178997,183217,172975,175906,178236.5,3460.83404366314
175875,181420,172060,175304,176803,182462,178460,182322,172445,174964,177211.5,3842.09978035738
175275,180926,172121,175531,175182,183003,177690,181384,172751,174253,176811.6,3780.55634353817
177076,181118,171122,172986,175395,180710,176869,181054,171341,173656,176132.7,3888.78024435541
174021,180346,169935,175986,174639,179953,178685,182679,170749,173470,176046.3,4253.59766811839
173311,178570,171143,200034,175257,179285,178640,179353,169924,172997,177851.4,8539.27966256847
172578,178595,168732,171168,172257,178721,179133,179343,169046,171952,174152.5,4315.77522970478
171689,178202,168136,170727,172519,177404,179488,178324,168966,171106,173656.1,4258.66393889497
171520,177514,167457,169982,171289,177642,173662,178152,178327,170719,173626.4,3993.22930304117
171709,176523,167058,170178,170747,177695,170063,177777,167468,169658,171887.6,4018.1759322138
170931,176300,169587,168510,170241,175954,169068,176806,168082,171970,171744.9,3378.9997024103
169560,188782,174444,167852,169454,175021,168177,176600,167331,177821,173504.2,6626.62538216516
168318,183610,164800,169831,168803,174758,167725,175894,166610,170378,171072.7,5570.19997745942
167778,174550,164368,167288,169532,173814,166785,175931,166111,169415,169557.2,3922.84740122954
167152,173546,163606,171224,167892,172716,166318,174592,165286,167875,169020.7,3751.70592456878
166348,177624,163016,168078,167022,173261,165709,173445,164975,167316,168679.4,4579.31057887296
165661,173752,162424,164733,166629,171598,165137,173169,163668,166777,167354.8,4029.90470799938
165130,171846,161626,164420,165653,171076,164095,172446,161721,164339,166235.2,4057.12801539874
165173,171292,160941,164033,164953,171048,163742,171994,160850,164011,165803.7,4161.33205302768
164399,170174,160579,163000,164770,170482,163103,171210,160268,163139,165112.4,4064.39087140442
163509,169591,160022,162173,163508,172279,162312,170572,159895,162622,164648.3,4472.56063992181
162700,168902,160131,161803,163384,176563,161753,176990,159364,162150,165374,6528.13861508606
162069,168362,158847,161237,162349,167932,161197,184276,158713,163601,164858.3,7563.41761448561
161418,168015,157983,160655,161416,167643,160141,168229,158141,160668,162430.9,3996.0320166107
160877,167389,157132,160194,161975,167038,160119,168403,158152,160433,162171.2,4002.07789918076
160281,166268,156679,159808,160814,167494,159140,167516,157043,159278,161432.1,4126.35441602714
160429,165265,155872,162979,160309,165339,160823,166202,156237,160818,161427.3,3590.40489979117
160704,165094,155760,161502,159743,165222,160608,167364,156220,161762,161397.9,3748.53080701108
158491,163804,154948,163495,158856,164290,159871,164802,155060,161045,160466.2,3660.54196958744
157768,163353,154084,169860,160562,163525,160474,164599,154382,160469,160907.6,4785.44717984758
156824,162554,155125,159790,157204,162685,161506,163758,153445,159866,159275.7,3489.30005875104
156564,162052,153369,158686,156803,161998,164016,163186,152832,166607,159611.3,4663.41574980781
155848,161819,152685,158246,156062,161090,158584,162500,153933,161360,158212.7,3476.88049997568
155383,161433,152085,157742,155056,163826,157999,161867,158274,156912,158057.7,3535.1661299954
154506,160559,150971,157132,154554,161437,160355,161016,151037,156600,156816.7,3995.66887878474
154088,159935,150810,156795,154376,162631,153142,160712,150480,155742,155871.1,4137.33074041169
153316,159296,150385,151955,153577,159211,154530,159312,149781,152432,154379.5,3657.80441886477
152955,158058,149938,151738,153181,159114,151854,158691,153110,151804,154044.3,3303.2866142004
152056,158033,149236,157572,152830,158077,151403,158898,152305,151292,154170.2,3561.23192792107
151625,157166,148396,152503,152072,157640,150970,158691,157932,153178,154017.3,3552.72174380275
150918,157081,147465,149602,151612,156209,149986,157830,149966,150742,152141.1,3570.49425305673
150321,157717,146993,149210,150785,155870,149241,157682,161034,149655,152850.8,4767.72929414226
149831,155758,146922,148192,150143,155288,149721,156427,151305,149310,151289.7,3347.29575926598
148810,155207,146207,147739,149879,154638,148716,156509,145748,148409,150186.2,3856.21319143247
148630,154313,145257,147056,148631,154131,147643,155722,145055,154206,150064.4,4095.79861158562
147948,154100,144994,146850,147812,153528,146937,155398,144510,148160,149023.7,3883.75282569722
147386,152508,144104,146200,148067,152572,146552,153737,143939,147111,148217.6,3525.21026008063
146740,152122,143369,145374,147276,152326,145790,154076,143497,147248,147781.8,3776.05393087663
146156,151320,142817,145377,146702,151407,145795,176172,142662,154736,150314.4,9889.87070132309
147129,153282,147701,145518,148209,151995,145797,158079,144183,147044,148893.7,4279.76471445699
144751,150916,144297,143397,145109,151628,145192,151429,141358,144204,146228.1,3685.58044425991
144230,149951,144008,144020,144511,149640,143661,151528,140957,143778,145628.4,3449.90271038346
143429,149807,145893,142227,143881,149320,143004,152647,140246,143066,145352,3965.67615083901
142736,149349,147526,141873,142913,148321,142485,149553,139359,142431,144654.6,3649.43795368243
144148,148464,141878,141296,142440,151093,141893,149559,139027,142085,144188.3,4053.71248363768
141972,147456,141598,145191,141923,151026,141119,149102,138576,141574,143953.7,4035.09314363098
141447,147029,140801,144801,144013,167582,140875,149492,138418,140953,145541.1,8428.12404921101
140561,146302,146316,139477,140916,146261,142337,147986,137373,140499,142802.8,3621.93170682288
140231,145183,142882,138889,140632,145352,139686,147213,137680,143335,142108.3,3156.68117032923
140912,145437,139134,138429,140798,144795,139010,146717,136560,142902,141469.4,3366.52752847797
138510,147178,138711,138405,139503,144738,138500,146274,139409,138432,140966,3585.99752122366
138667,146844,137838,137165,138570,144107,137777,145449,135979,137946,140034.2,3876.56826472992
137360,145703,137191,136656,137955,143289,141250,144460,134848,138096,139680.8,3714.38204221854
137086,145376,136547,135966,137298,142844,136588,145631,135356,137503,139019.5,3979.33724939775
136237,145905,137633,135289,137229,141352,135954,143543,134117,137024,138428.3,3858.87966038504
136011,144277,135860,137156,136481,140882,154141,143197,132871,136713,139758.9,6180.8708385002
135867,143198,135452,134442,135443,141007,135040,141839,132060,135085,136943.3,3688.04459029443
134715,142673,135457,138591,134910,140701,132316,141972,131809,133787,136693.1,3991.24596112821
135016,149133,152380,133399,134559,139518,131170,140459,131119,133272,138002.5,7433.73701818645
134167,156575,133677,135003,133802,138162,130638,139870,130633,133337,136586.4,7592.18788843725
132645,142282,133658,131962,132889,138429,132664,139536,130168,132057,134629,3978.88278568523
132157,143537,135607,131208,132763,137484,134135,138720,129762,131855,134722.8,4190.34673187474
131856,139931,134089,130723,132475,137179,129122,138570,129196,131265,133440.6,3873.85760077873
130963,138858,135745,130316,131418,137127,129504,138078,128223,130643,133087.5,3930.59201789134
130475,138037,135713,129652,131005,135906,127950,137333,127755,129812,132363.8,3953.12227654715
130762,138036,130177,129477,130314,135510,127802,136965,129243,129780,131806.6,3609.3603065117
129094,137252,129481,128479,129991,148903,128890,136493,130668,128759,132801,6499.91517893375
129166,136344,128752,128147,129057,137217,126209,135651,131488,134905,131693.6,3983.34287864965
128883,135916,129094,127491,128485,137526,125483,154023,132355,130237,132949.3,8289.38323734375
128161,135592,128409,126868,127932,134518,125023,136508,141366,127083,131146,5409.54214534116
127331,132582,127217,126281,127486,133733,126104,134246,128608,126552,129014,3213.40179733427
130269,131241,126966,125861,126671,132712,123641,132705,124361,126046,128047.3,3390.21589119172
129717,131008,126097,125121,126373,132508,123326,133048,123977,125310,127648.5,3596.12573164201
130860,129920,129111,125005,125987,131864,122432,132263,126706,125096,127924.4,3337.98512745505
130032,130784,127326,130196,126979,131803,123305,133311,128010,130078,129182.4,2852.85148579452
127989,129382,124548,131789,124939,131514,121734,131827,127132,127848,127870.2,3406.16303517935
127135,128030,123718,129564,126527,181097,120774,131156,125368,126813,132018.2,17486.6437145611
128208,134818,129389,127520,125064,136233,121695,131322,126087,128407,128874.3,4372.39339619745
126659,127944,125765,126154,123622,128648,125479,129649,125382,127351,126665.3,1774.09357450815
125706,129910,122876,123766,123414,142332,124122,128946,124930,126723,127272.5,5785.29894070595
125524,126052,121608,121179,121958,138589,118941,128163,123519,121395,124692.8,5601.22394957864
124546,126612,122134,121228,122091,126442,118109,127368,127366,120564,123646,3262.99865495256
124045,125040,120528,120265,121289,125225,118038,126971,118808,120092,122030.1,3050.2337414988
119885,124708,120482,119643,120544,125325,121199,126369,118148,119926,121622.9,2794.61627061749
119020,124258,122087,118792,119767,125760,125471,124504,117585,119310,121655.4,3113.77542185974
118920,123790,121282,119421,119244,124515,122254,124090,117305,119590,121041.1,2513.67095212471
118567,148702,118475,119341,119511,123858,121818,123792,117650,119321,123103.5,9256.1828615616
118273,157062,117989,117287,118137,123485,121082,123526,115895,117249,122998.5,12255.1905579273
118729,123287,119463,117926,119055,123453,124815,125219,120098,118873,121091.8,2781.03768802622
117513,116470,116815,116346,117034,122306,114188,122950,120292,125161,118907.5,3551.592264198
116285,115902,115931,116162,116692,122435,113846,122292,117911,115649,117310.5,2844.87692567222
116553,117111,116750,116419,117451,121815,120434,122158,115128,116320,118013.9,2496.30813847614
115295,115412,115416,114430,115536,120800,112482,121081,113645,114764,115886.1,2829.23026241728
114654,114123,114522,114677,115052,120551,111895,120105,112840,114184,115260.3,2836.15365709735
114551,132276,114356,114336,114723,119075,111705,119162,112349,113655,116618.8,6027.81260860392
113571,115479,113640,112959,113893,118901,115447,119063,112020,113054,114802.7,2443.03622795715
113046,113583,116503,113310,113225,117810,113941,118347,111575,112914,114425.4,2287.45609308196
112394,113227,116007,111759,112998,117918,113552,117536,112765,112093,114024.9,2271.59505634257
112265,112713,115491,111878,112429,117048,114481,116922,110445,111620,113529.2,2309.55136576589
112173,111748,114731,111342,111932,118208,115929,116622,109939,111061,113368.5,2783.48483619605
111020,111321,110683,110546,111162,117784,112325,115184,109349,117279,112665.3,2984.02837527468
110375,110801,110227,109947,110682,114016,109022,118052,108797,110822,111274.1,2771.0951886293
110293,109873,109621,109917,109911,114153,107855,132785,112732,109648,112678.8,7280.82047879526
109684,109244,109275,109702,111024,113175,111482,120203,122396,109863,112604.8,4767.2762966802
109769,108761,108977,109072,109060,112222,110831,111995,110327,109595,110060.9,1257.04816932367
109319,107992,108109,107981,108373,111818,110804,112767,106987,108094,109224.4,1917.70917734908
107895,107500,107804,107710,108241,110763,107765,111507,106108,107676,108296.9,1606.694636686
107516,108252,107264,107216,107508,111193,106915,110875,105377,107156,107927.2,1791.14307388079
108375,107544,106817,109152,106672,110466,106676,110864,105680,106477,107872.3,1776.83307851044
106661,107080,106147,106305,106420,111122,105870,110131,104761,105957,107045.4,1994.98422160288
105916,106252,105769,109804,108709,123644,105712,109844,104063,105852,108556.5,5642.30040261358
105739,105391,105054,107242,106427,122747,106016,108927,103395,105212,107615,5511.73620558894
105067,105132,111168,104547,105888,107821,105144,108619,103049,104953,106138.8,2379.91091336536
104041,104048,106624,104252,105269,106827,108557,108010,102367,104387,105438.2,1987.00695072318
103805,103556,103763,103463,105039,106723,108604,107035,102193,103897,104807.8,2006.44626696611
103375,103022,103141,103484,104320,106103,103698,106226,101389,103311,103806.9,1446.90093725252
102726,102487,102759,102559,102890,106087,102610,105546,102808,106271,103674.3,1597.08735237341
102549,101957,102234,102015,102257,105388,102594,105289,105431,105748,103546.2,1666.16997932384
104034,103495,102988,102874,103710,105917,102876,105987,103962,106914,104275.7,1462.54990798035
107887,101920,102406,102110,103377,105862,102875,106366,104502,106465,104377,2138.89374314023
104753,100804,100983,100826,101133,103400,101211,103951,102556,104441,102405.8,1604.9742677065
104227,100026,100390,100040,100893,103330,100898,103907,102370,103923,102000.4,1731.09260295341
104651,107443,101016,101547,101173,104640,101508,104751,102598,104321,103364.8,2118.93483723413
100400,99127,99345,102273,99971,103185,99999,102123,101121,102941,101048.5,1493.7826147067
99814,104847,99345,99105,99377,101449,99039,101637,97109,102398,100412,2192.40912645833
99970,103031,100361,100185,100092,103038,99894,102278,97900,99402,100615.1,1659.14833909181
98275,97742,98274,97955,98187,100568,98520,100727,97593,97867,98570.8,1129.45530628214
98167,97364,98048,97256,97718,100032,97969,100271,95771,98175,98077.1,1303.618762437
97334,96986,99293,97185,97165,99401,97065,99421,95162,97012,97602.4,1366.70115403641
96556,99372,98829,96304,96870,99185,120132,98961,94716,96638,99756.3,7323.89582197283
96341,112879,96057,98491,96420,98291,96940,98905,94458,99919,98870.1,5178.31528695493
95969,130842,95900,95297,96301,98333,95893,97821,96308,99264,100192.8,10843.7588583377
96037,96880,95608,94751,95345,97694,95781,97931,93812,98632,96247.1,1515.43909661707
95245,95666,94331,94230,95689,97149,94637,97080,101117,94432,95957.6,2099.35091556097
94369,97710,94082,93803,94685,96677,98280,96215,92835,94085,95274.1,1823.82732187014
95515,94324,93991,93655,94684,96306,94187,96027,92182,93806,94467.7,1229.44540794259
93792,93585,93283,93020,94425,95771,93405,95496,94122,93229,94012.8,954.915447100481
92688,93156,92633,92750,93157,100666,93163,95007,91107,92708,93703.5,2622.23997757642
92311,93091,92133,92981,93009,100192,92698,94568,91111,92695,93478.9,2513.91060788653
91880,92501,92473,91690,92363,97392,92078,94049,90227,98111,93276.4,2542.7681416563
91349,93585,91844,93551,92062,98663,91890,95121,90762,91313,93014,2386.08861714918
91146,91869,91227,96487,91709,93824,91336,93701,89243,93189,92373.1,1995.7138210564
91144,91456,90670,88879,90865,94219,90726,93085,89233,90582,91085.9,1593.8048430651
90287,90929,90034,88187,90297,93309,90015,92094,88856,92185,90619.3,1560.05420489873
90896,89881,89639,88059,90364,93127,89755,92051,88340,89532,90164.4,1549.06353072501
411629,401669,392145,398900,415744,441552,460529,470235,392865,393679,417894.7,29175.2328717737
398385,357817,344657,382082,363374,380681,429624,465596,348033,342714,381296.3,40200.87238426
338329,326352,319928,315998,318804,358012,359096,341718,323934,317829,332000,16394.5188333717
318470,317167,318315,311427,317075,328615,310385,326968,342468,317208,320809.8,9524.97284685544
316405,314614,314526,308295,315176,325594,308110,325647,315216,313979,315756.2,5923.30571743703
316874,341734,315319,308925,315731,326275,309180,326057,310522,321354,319197.1,10128.5348775954
314543,329729,312369,306230,313628,336528,306634,323764,319837,319041,318230.3,9709.67467185865
313499,312198,311333,305986,312654,330308,307217,322080,313937,313420,314263.2,7098.8339073713
312382,311299,311831,306968,311823,321396,305273,322626,317826,310103,313152.7,5741.86547406174
311478,310228,312159,308089,310347,331181,306357,320374,312589,312286,313508.8,7218.86500466351
310000,309932,310892,316029,309129,338384,305003,321950,319832,312729,315388,9575.09477759881
308939,307397,308145,305720,308094,319141,308382,340429,307416,307313,312097.6,10621.2115044482
309060,306684,309576,300850,307377,315744,300222,317124,301599,306316,307455.2,5787.00309697899
308712,306032,310622,299504,307032,314421,299370,316388,300250,305601,306793.2,5978.59715615257
306120,304503,300385,307435,308209,314706,303439,315002,299608,304345,306375.2,5231.32275178404
304813,303452,311056,298400,306264,313981,308326,313837,298118,303494,306174.1,5675.70027886917
304015,302824,298405,297560,304262,313320,302678,313514,311813,305526,305391.7,5748.03450561823
303240,301986,297311,303089,304090,310938,301271,312700,297759,304399,303678.3,4939.21041935517
302673,307500,296827,297652,302891,338001,295049,310785,298540,302993,305291.1,12487.1966736601
301895,303051,302069,305334,301929,311197,297784,310338,295821,303415,303283.3,4805.51037987758
300070,298232,298417,297902,300217,308023,293427,308806,294959,298860,299891.3,4964.2826951915
299066,298082,293301,300563,299602,309536,292217,308040,292879,298081,299136.7,5897.20623214454
298288,296892,292412,300038,298380,313676,290731,309641,292057,296788,298890.3,7451.95176596187
297369,297022,290614,299180,297263,310408,289961,306537,291429,297961,297774.4,6599.47954513586
296461,295847,303019,290091,296551,304241,289311,305324,290007,295170,296602.2,5937.58697339809
295844,295099,292278,288838,295658,305709,288101,314922,289444,294117,296001,8348.84163621916
296366,294727,288314,287938,295704,308221,288329,302972,288454,293340,294436.5,6849.90511288701
293731,293749,290889,294145,296867,304251,290331,302079,292917,292261,295122,4636.53810030238
292631,291333,294952,295178,293748,300520,299148,301184,295258,292000,295595.2,3529.28440338831
292398,290173,290153,287291,293881,303989,289007,300485,287929,293003,292830.9,5456.74995762129
291068,289293,288537,284179,291494,298702,288304,299417,296771,289699,291746.4,4973.43990502438
290617,293398,292874,283011,290245,298104,288825,298710,283164,288735,290768.3,5317.06819904854
289238,292082,295707,284158,289165,318337,287981,297941,283682,290263,292855.4,10004.9211135765
288604,286782,284851,283445,289086,300775,290593,295990,284576,289478,289418,5387.81914239065
287596,285740,281660,280591,288126,296628,287293,295456,280979,286377,287044.6,5514.73199107022
286745,284721,280020,279730,286361,301489,279857,296230,282607,284814,286257.4,7241.46589211512
286026,284182,286120,288264,286486,292901,281964,294116,284928,287481,287246.8,3745.54680179603
284883,282937,298014,287196,284901,291894,280218,293408,283426,286831,287370.8,5468.88578536189
284059,286872,308337,279615,283541,291040,293570,292089,282747,291883,289375.3,8174.0236120965
283401,282229,284922,278379,282833,294345,285092,290593,279584,286465,284784.3,4812.11445901557
285057,280773,282773,277254,282445,289224,277257,290106,278637,305294,284882,8468.38088945513
281816,279669,283352,278856,282673,287600,274451,288907,274530,312964,284481.8,11088.8528592156
280577,278879,285871,277464,280285,287727,280568,288513,273647,279249,281278,4710.06987445221
279028,278488,282282,272531,279052,286632,278201,287770,272444,277881,279430.9,5066.89024616349
278445,277080,273676,271792,278762,285507,272340,286360,278017,280448,278242.7,4972.65319410965
277454,276077,272396,278741,277612,284615,275496,285192,273423,278714,277972,4207.19589909162
276791,281623,271768,280239,276819,283467,269717,285127,270668,277691,277391,5367.27447903806
276013,274212,271915,278143,275571,282304,270828,283678,271478,278096,276223.8,4402.56677152974
274644,272998,269915,280844,274940,286110,268137,282160,268313,274872,275293.3,6053.63503378113
273745,272049,268902,274728,273879,285696,266897,285228,267362,274943,274342.9,6561.66605621875
272289,271529,279543,267563,273216,279775,265914,281671,266747,272113,273036,5639.73911926193
271570,270575,268582,266686,272100,277914,265622,287918,265918,278234,272511.9,7027.06602992237
270964,270083,265426,266520,271289,277382,264427,279010,264759,270029,269988.9,5053.3775822601
269913,268676,264226,267139,270383,279657,263523,278547,264183,269671,269591.8,5617.15107307768
270813,270496,263354,263411,268740,281139,262713,278389,262963,268417,269043.5,6502.206193969
268521,269916,262678,268928,268621,288268,264174,276294,264656,267942,269999.8,7445.55976255498
267363,266264,263984,273571,269445,274187,263610,275060,263914,267011,268440.9,4419.60336204255
266581,265546,269554,263969,266731,274325,270466,274002,260680,266414,267826.8,4297.52530339652
265946,265177,259632,261062,265850,273160,259780,274219,260107,264988,264992.1,5257.13211741916
264553,267983,259048,266295,265512,271689,268506,272100,267243,264095,266702.4,3811.9220057312
263465,262610,258207,265668,263525,278144,265054,272385,258093,263188,265033.9,6102.08890371886
262840,266388,258022,260575,263705,277519,262552,270985,257572,262314,264247.2,6071.8226222079
262243,264432,256766,256476,263093,295779,260611,270382,256703,263976,265046.1,11630.7125648718
261258,260099,255698,257617,261710,280255,259481,268589,255913,267334,262795.4,7493.37617425476
260310,259593,254499,255014,260935,266994,259468,270763,254264,261877,260371.7,5336.89064801677
259251,258350,253421,265277,259933,265844,261749,266925,253381,259639,260377,4738.78927340917
258457,257411,252906,257520,258598,266034,257458,290411,252924,263694,261541.3,10929.9985061501
258297,256631,254988,255604,257531,266645,256786,265009,251872,260117,258348,4511.14947164861
257354,255563,256112,251038,256900,268798,255997,264212,251170,257273,257441.7,5404.30353309081
255639,254732,250392,250034,256447,267404,255063,263286,256556,256094,256564.7,5271.77880690084
256955,253760,249509,260524,256001,261995,265503,262082,254284,255414,257602.7,4823.19189034721
254667,253116,249891,263889,256636,260183,256362,261306,248430,254710,255919,4884.67674354085
253878,254915,249458,259761,253828,258892,271388,260479,247856,261219,257167.4,6769.95565716645
252473,253693,246988,254013,252993,258215,254901,259436,246796,254330,253383.8,4068.11386271328
251883,250954,253911,245579,251947,257289,260774,258805,246310,254540,253199.2,4963.23473821929
251117,249493,252690,245249,251653,256514,284418,257770,253983,255786,255867.3,10679.8827506048
250100,252802,248924,248139,249870,255257,245146,256944,244069,263037,251428.8,5741.091046134
248820,254765,248290,250141,248944,255095,243928,256527,243415,252125,250205,4485.0898665591
248337,247538,247249,252084,247452,260822,243770,255224,242545,249376,249439.7,5408.59577277997
248332,246575,246533,247407,247213,256712,242041,256410,242145,250914,248428.2,5036.96943277073
249204,245954,247676,243448,246448,259674,241524,253163,243364,248563,247901.8,5327.71130348983
245601,244790,245303,240174,245393,253398,240343,252415,240534,245743,245369.4,4597.95551667623
245052,244032,247585,239454,244308,250104,239569,252115,239196,251396,245281.1,4931.01065705602
244834,242690,253659,238965,244445,251713,239402,253179,238758,244069,245171.4,5772.58604093521
243356,241962,243413,237946,242767,251520,237969,267927,237437,243287,244758.4,9106.3974850407
244626,243574,242196,247905,241807,247427,238336,248508,239251,242759,243638.9,3509.07523272
243880,243192,295263,238170,240806,246499,238460,248515,238590,243180,247655.5,17082.767445912
240721,239825,243716,235966,242698,248010,234655,246857,235144,240641,240823.3,4653.22402092236
239760,238473,240014,246352,241218,248222,238087,246907,234437,240084,241355.4,4419.29341260191
239145,238013,238703,233490,238431,244032,242182,244930,241485,254383,241479.4,5614.62358884765
238465,237042,233671,232899,236841,243060,236817,244682,238671,245782,238793,4392.05343015466
237531,236436,232454,232331,236123,242265,239284,243079,236694,239783,237598,3620.75299105341
236394,240431,231822,230974,235300,241283,233996,242376,235074,241575,236922.5,4203.21142434898
237001,250847,230804,230394,234862,240756,235533,241675,230255,235610,236773.7,6354.09198076326
235249,234166,230517,229250,233596,254270,229371,240573,229484,234602,235107.8,7604.34001519308
234190,237443,229928,231093,232659,262895,228641,242566,228696,233876,236198.7,10303.9458466702
233470,234453,228795,230994,231978,237869,234818,239512,227856,233220,233296.5,3653.4777419756
232454,234432,236153,226378,231824,236769,227091,238398,227015,236976,232749,4555.61736272435
231480,230527,227133,226112,234989,235969,226321,237362,226139,238476,231450.8,4941.42601550065
231539,232265,227287,224834,230219,234801,229309,235943,225335,246781,231831.3,6414.12115829857
230549,231102,225138,223808,229674,234355,228933,235459,224530,237453,230100.1,4700.76935665264
229272,228100,224485,224131,228813,233285,223390,234928,223553,236327,228628.4,4852.9455019034
231018,227409,223981,223108,227736,232387,223039,234996,223408,231083,227816.5,4380.09718943414
229263,226437,224759,223907,226710,231613,224364,232668,224000,228833,227255.4,3200.22663086365
228815,226008,224386,222762,227283,230733,223193,232031,228226,228438,227187.5,3093.19817413053
226073,224683,228518,225557,224800,231127,223959,231808,220796,225382,226270.3,3343.88304055164
224977,223984,227681,224342,223968,229234,237537,230882,219673,225679,226795.7,4899.11747267925
226543,222910,228981,218596,223051,228738,222971,230006,221295,225776,224886.7,3723.16293402979
225737,222382,227180,218090,222427,228181,219827,229205,220454,224541,223802.4,3765.53045399981
222535,221362,222800,217619,221296,227115,219828,228464,218837,221823,222167.9,3390.18427719399
221923,225283,217853,224009,222172,226085,219012,227566,216710,221105,222171.8,3607.59984230821
221059,224621,216056,245424,224625,231379,215775,233153,215847,224930,225286.9,9358.14278167534
220386,218966,215560,218506,219799,224541,215301,227509,215788,230645,220700.1,5254.05791217079
219173,218240,216923,219516,220716,223554,214336,224278,215021,220656,219241.3,3274.03906343356
218606,217289,217993,217881,217600,223121,213791,224094,213974,217661,218201,3300.56749329229
218332,216447,213490,212083,216442,221669,212819,222870,213129,216875,216415.6,3714.99424853749
216805,215714,212745,211435,215471,221096,211801,222196,212287,237288,217683.8,7838.99535513179
218315,215606,213942,212432,214946,225372,213365,221441,211268,218694,216538.1,4406.14972888273
217789,214151,212737,212269,214895,225173,212504,221416,211537,216966,215943.7,4458.78291938756
215522,213351,216857,209177,213737,218318,209450,220303,210229,216088,214303.2,3814.6930501243
213823,212631,213064,208687,213104,217647,208682,219469,209383,212435,212892.5,3571.56076215676
215831,211743,208359,207107,211484,217230,207752,218955,208222,211656,211833.9,4217.60006665191
212311,210827,207769,206860,211457,216391,207088,217938,207875,211557,211007.3,3831.36572835907
211639,209924,206881,206520,216914,215490,206211,216523,206877,210457,210743.6,4266.31212589463
210585,209766,210993,215341,209934,215466,208132,215763,206143,209496,211161.9,3301.89785325551
210129,209288,209612,208082,210858,216561,214120,214787,205459,208930,210782.6,3393.8909234093
208982,207724,204301,210810,211065,216124,203980,214302,205053,208284,209062.5,4101.01354003563
208378,207001,211344,203648,207255,212212,203858,213119,205769,207290,207987.4,3306.54724918776
208345,206318,203049,202785,206749,211377,204983,212649,207532,206649,207043.6,3183.96346991886
207272,217779,202126,210527,206025,215030,203993,213006,202820,212112,209069,5413.96726583709
207151,205457,201235,201625,215008,218494,200838,211236,209889,204718,207565.1,6028.11933911951
205978,203813,208113,200636,203905,209533,209002,212249,200700,204855,205878.4,3832.71004208076
205377,203072,199646,206377,203372,208886,206287,209543,199875,203039,204547.4,3375.23718343533
204592,202398,199961,205473,202192,212836,204938,208907,198694,202409,204240,4187.43209563517
204323,203353,199318,198974,202280,207661,204795,207201,198274,217525,204370.4,5669.46229470759
204730,200689,199129,198857,201101,206478,209046,206987,198785,209452,203525.4,4285.24287396746
203443,199938,197997,197972,200071,205717,198476,205818,198560,203387,201137.9,3152.44034043469
200612,199540,195535,195525,199818,204249,195177,204942,195688,199745,199083.1,3598.9369557011
200433,198372,195442,194848,198637,203683,195474,204294,195963,199418,198656.4,3384.36264145686
199782,197817,194608,194084,197982,202873,194558,203379,194389,197680,197715.2,3446.54096482578
202205,196799,195100,194974,199871,201942,194782,203310,195587,197760,198233,3326.99413885868
200052,201462,194771,194248,199037,201332,202223,202325,194615,198857,198892.2,3225.75582185357
197684,196114,191813,192086,200472,200484,195406,201550,192076,195416,196310.1,3677.81343403326
196504,195267,191033,193215,197792,199600,196669,200132,191612,195030,195685.4,3093.30065356301
196359,194446,195787,201798,194789,198806,198658,200085,190952,193755,196543.5,3280.69644537051
195707,194090,194531,190255,201271,208341,197553,205461,196931,193257,197739.7,5666.94348441517
194749,192947,188999,189263,195829,203135,192625,198739,193175,192453,194191.4,4255.30631355984
193850,191985,188567,188681,192423,201310,195062,198166,189125,191872,193104.1,4170.87846995224
192448,190835,187466,187812,191718,195147,187754,196730,190414,190905,191122.9,3092.29068096056
191597,192671,186589,187229,192873,201332,186895,196183,187407,191017,191379.3,4740.72348088583
190650,190445,186197,186091,192636,193421,186188,197461,186477,190261,189982.7,3825.20695300703
189980,189135,185408,188589,189196,192669,186049,194841,185708,189324,189089.9,3004.3873270787
188863,187895,192541,192162,188508,192229,193117,193851,185364,188386,190291.6,2825.32791410523
188561,188120,189922,186688,188212,191203,188394,192962,185024,187804,188689,2235.40113228526
187589,186400,191968,184296,187008,190263,186368,192430,183559,186871,187675.2,2991.27043987073
186766,185916,189065,193428,186447,189383,186153,190888,183176,185940,187716.2,2967.39361131018
186410,185066,185868,181855,185861,189578,185893,190260,182038,191921,186475,3295.09389513831
185376,184713,184664,181043,185207,188269,189853,189739,181406,184589,185485.9,3045.18196683074
184566,183797,183241,180388,183765,187404,180233,189966,181166,183999,183852.5,3040.90758564683
184030,183163,183256,179793,183551,186925,179720,188862,179802,182881,183198.3,3020.60810838554
183438,182614,182992,178668,182663,186623,180158,187883,179196,182275,182651,2944.778995669
193211,182209,182285,183105,181536,185754,179338,186814,178197,181619,183406.8,4300.10609171448
182202,181171,180495,180255,180753,189491,178725,185789,178114,181036,181803.1,3406.41432366124
180827,179855,180684,177970,184836,184179,179412,185111,178333,182094,181330.1,2626.4631245164
180572,179585,183009,175807,181700,182744,176654,184868,176581,179668,180118.8,3056.97863911412
180204,178706,179290,183084,178716,182007,176139,183641,175379,178755,179592.1,2724.61938014591
179538,177743,183340,181090,183240,181366,182290,183122,174227,178098,180405.4,2987.14606271605
178161,176675,182087,173437,176776,184391,177359,182502,173995,177251,178263.4,3624.53455096115
177355,176294,180291,173220,176386,204074,174007,182077,172989,176993,179368.6,9152.05807091134
177046,175818,176638,172380,175251,179349,173301,180902,173609,177032,176132.6,2673.65269081665
177798,177415,177478,171877,174742,180528,175899,180055,174978,176513,176728.3,2559.52817049462
175134,178914,174787,175080,174076,178711,180854,179335,171340,173967,176219.8,3030.57617550781
174432,174012,173950,173637,173330,177202,178495,181427,170701,173051,175023.7,3121.47543639222
175812,173154,177432,170514,173011,176459,172684,184949,172237,174547,175079.9,4059.45640723265
175006,172236,177094,169806,171998,175906,169732,179614,175700,173704,174079.6,3189.81222714511
172217,174250,172550,171745,171308,179836,168688,176838,175756,171873,173506.1,3217.56904268493
171533,182241,171954,171256,170590,173846,167729,176440,177634,170739,173396.2,4253.63911648994
174066,174245,178373,169951,172962,176730,171347,179658,173720,173760,174481.2,2999.70542257439
171863,171462,171584,167193,170368,174305,167377,175604,183203,177591,173055,4848.3920816883
170875,170086,180876,166550,169714,173229,177710,175289,170226,172667,172722.2,4241.97270146803
169943,169526,170097,165606,168902,172905,174588,174439,168979,169316,170430.1,2780.96907370235
169129,167968,171110,164804,168203,172210,165101,173157,178068,168882,169863.2,3963.0760443541
168563,167730,168225,163783,167535,171237,164009,173177,194075,170374,170870.8,8658.80387941789
167709,166944,167299,163611,166481,170535,163589,172353,167007,169761,167528.9,2788.0991712794
169015,165597,166423,162752,166319,171693,162492,170716,163549,166558,166511.4,3175.30860092545
166914,165100,165824,162303,165365,170439,162606,170360,162271,165143,165632.5,2967.79548748824
165518,180076,165511,161274,165982,167577,161602,169430,161768,164920,166365.8,5500.23213247506
165039,165093,164629,160975,164248,167030,160920,168670,161225,163697,164152.6,2580.21761356156
163922,168824,163323,159739,163089,166371,160178,168589,160483,163260,163777.8,3273.3407603446
163251,162412,171006,167033,162200,165603,164093,167501,160932,162810,164684.1,3083.82743608581
163136,159366,167085,162746,161385,164753,167282,166761,160212,162155,163488.1,2872.13867082431
161703,172870,169057,157881,160839,164187,157969,166568,160299,161579,163295.2,4882.5563158839
161294,166202,162024,156731,159992,163084,156524,165945,159553,160401,161175,3306.78188643346
160644,164166,167984,156297,159366,166871,159978,164130,156817,160188,161644.1,3986.54574649394
159860,172813,163987,155312,158682,164945,160818,164564,157786,159324,161809.1,4970.86841172311
159229,161043,164587,155755,160189,161722,159763,164798,155349,158784,160121.9,3158.45818398788
158568,155371,160313,154414,159719,160537,156615,162915,154731,158311,158149.4,2818.00339878354
159215,154499,157088,154834,157029,159927,157487,161754,154329,158770,157493.2,2474.33626565905
159051,154253,157830,157259,156308,159055,159131,161476,154898,157909,157717,2157.41645904952
157754,154011,157078,160340,155168,159341,153661,160791,154084,156902,156913,2655.3593186443
157789,154011,156335,155107,155001,157715,152601,159905,153635,156235,155833.4,2215.56770753382
156637,154130,155823,152298,154263,157078,152006,159365,153255,156308,155116.3,2331.28357825088
154461,150908,153785,152149,156112,159508,149922,158269,150808,155915,154183.7,3273.0735827014
154484,150253,152613,157807,155313,158459,150280,157440,150084,158611,154534.4,3523.10589615974
152750,149632,153678,153981,152778,155285,149235,157349,149570,155163,152942.1,2740.58892494945
152218,149103,154161,150704,152157,154429,147819,155966,148716,156402,152167.5,3051.52010388994
152133,154529,150476,150832,151049,153702,147424,156063,147436,151414,151505.8,2790.46861058616
150837,150499,150080,150295,150482,153251,146604,154851,147515,150714,150512.8,2379.65262637685
150838,149115,148818,149427,150004,154655,145994,154274,146533,149887,149954.5,2812.81256040995
152581,146413,148809,148102,149026,157224,145242,154884,145722,149026,149702.9,3979.71471478938
149653,147704,148902,148731,148496,152396,146461,153584,146466,148747,149114,2304.334177154
149612,147080,149085,148097,148140,151717,145498,152288,145873,148214,148560.4,2224.70118842459
147876,144274,148638,145875,148931,150833,143524,151742,143557,147254,147250.4,2914.11649275271
148727,147656,149692,147169,147929,150147,144570,151844,144517,147624,147987.5,2300.41731721297
147935,144678,151312,146276,146008,149392,143866,172947,144178,147367,149395.9,8601.37538678812
145760,142425,149684,151754,145247,148274,141269,154497,141737,144882,146552.9,4424.73051156791
145188,141044,143679,144694,146967,147343,147450,148638,141136,144105,145024.4,2621.40349177052
144153,141064,143189,142387,145928,147069,142972,148267,141151,144074,144025.4,2413.36184145225
145382,142008,142549,143113,143267,146916,139980,147291,141116,144763,143638.5,2412.7988934016
144549,141305,142749,145456,142347,150816,139306,147015,140485,143666,143769.4,3391.14052266261
142617,139245,141175,141075,141984,147121,139100,147542,138849,141914,142062.2,3068.71550399258
142042,146206,141150,141367,151939,143626,141025,146120,140051,140805,143433.1,3694.69410701948
140989,146943,140569,168719,143755,143345,140071,145204,137518,140560,144767.3,8856.04771454074
140373,137595,139495,148529,141986,142229,136272,143502,137658,139575,140721.4,3566.16903693585
140477,136366,138445,146835,138897,141671,135617,142812,136722,139004,139684.6,3406.49944795077
139797,143914,138771,140401,138580,141120,135152,143915,135727,138033,139541,2965.61374573441
138673,143396,137706,151726,137537,140421,134529,141975,135398,138093,139945.4,4954.42085863166
139195,137325,138025,138527,137164,139310,134509,141125,134816,138693,137868.9,2026.9281328048
138757,137615,137139,135697,136526,138450,141219,140224,134734,138185,137854.6,1970.31544005861
136999,141594,135647,134250,135967,138287,135801,139341,132996,135802,136668.4,2505.70283775054
135741,137812,134829,133347,135141,142945,139238,138938,132892,139507,137039,3179.98902863237
135541,135134,133806,132693,134508,137238,131062,139648,131518,139104,135025.2,2951.11593958775
134502,131622,133432,132033,133992,135977,130551,139597,130994,133682,133638.2,2688.60499970606
134165,130923,133180,130879,133789,135652,129870,138387,130634,133145,133062.4,2630.05138099366
133550,130147,131988,130340,132696,135320,129626,135871,130242,132407,132218.7,2198.41109541515
132864,129912,132013,130115,132182,133918,129305,135247,129634,131775,131696.5,1969.34773465734
131963,128776,130775,129117,131927,133807,128660,134503,128798,138115,131644.1,3114.09745976084
133762,128343,130576,128424,130700,132815,127439,134242,127824,137603,131172.8,3357.69996674311
131324,127362,130129,127433,130825,132394,126762,132827,127379,131911,129834.6,2367.71278288187
130458,127582,129485,126763,130052,131499,126371,132349,126467,129483,129050.9,2146.79344604925
129773,131718,128365,129103,128749,131108,126431,132044,126080,128348,129171.9,2039.26067485253
129015,130589,128512,125124,134593,130123,124834,130769,125877,127760,128719.6,3005.89880069173
128307,132133,127116,125020,131335,129640,124290,130174,124785,127994,128079.4,2777.15306664137
127958,124445,127073,124835,126610,128650,124502,129317,124263,126772,126442.5,1857.61276014854
127278,124354,130138,143630,129017,128109,122945,128768,123554,125745,128353.8,5901.71123582907
126767,126793,127890,127977,126207,127570,122616,128093,123251,125458,126262.2,1949.38444985419
126068,126752,125207,123239,125780,127129,128396,127760,122609,124666,125760.6,1876.42888961393
125550,121973,124644,122554,125357,126119,124610,126998,121495,124250,124355,1819.21442142237
124962,122948,123983,124095,124173,142362,121664,126345,122707,124503,125774.2,5968.78321491631
124359,122402,124574,126593,123913,125745,121098,125163,122006,124701,124055.4,1732.02265830701
123704,120510,122242,129367,123230,124819,119654,126756,119803,122410,123249.5,3098.75043812466
122914,119712,121450,123198,122517,121498,119139,124838,121294,122135,121869.5,1663.77283772622
122283,130244,121736,119136,121578,120981,118413,123790,120827,121817,122080.5,3248.03438850159
121814,119639,120551,118515,120970,121413,117980,124135,125148,120451,121061.6,2247.99160733902
121162,117603,120235,119627,121142,122246,121057,121709,121075,119827,120568.3,1317.94124384292
120485,117015,119003,120370,124242,121602,124189,121065,126929,119195,121409.5,2949.79164047602
119813,116853,118597,117143,119551,119175,119626,120853,121356,118564,119153.1,1435.5634937001
119183,115933,120359,116505,119333,118406,115272,119984,115812,117980,117876.7,1868.67642107099
118605,115409,118401,115939,120943,117480,115117,120024,115374,117528,117482,2034.78532856253
118028,114688,119599,115369,117874,117207,114349,119900,115036,116846,116889.6,1995.01451957958
117712,114824,118257,115840,116924,118790,114267,117373,113921,116340,116424.8,1686.32254724099
116671,113848,113430,115654,116717,115681,114015,117797,113363,116124,115330,1566.00659853867
116990,113396,112668,113663,115953,117469,113348,116362,112759,118022,115063,2093.95696655346
115903,113059,112869,113348,115094,114552,112777,116063,112919,115288,114187.2,1330.89191480334
115327,111681,112017,112734,114411,113992,111660,115440,111611,114315,113318.8,1547.69116930851
114959,111264,111269,116564,113747,113335,111102,114654,111227,113913,113203.4,1918.37808809653
114346,110435,110157,115715,112687,112593,110352,113149,110292,113304,112303,1935.3474566025
113545,109949,110025,112635,114183,112029,110436,112601,110365,112639,111840.7,1538.35713596609
112996,109766,109781,111644,112482,111456,109320,111776,109286,111668,111017.5,1358.80922134051
112028,109017,109316,111155,112228,110816,108932,111382,108773,111087,110473.4,1333.64014803261
113268,108259,108598,110634,111488,109809,108134,110826,108191,110667,109987.4,1706.49427514748
111273,108409,109000,113176,110711,109597,108688,111015,107646,110282,109979.7,1642.32234283583
111687,108310,108147,112998,109503,108991,108555,109624,107107,109745,109466.7,1738.72744333959
110951,108002,107843,110021,109471,108553,107653,109140,106727,109220,108758.1,1250.28560737137
109707,106810,106746,108575,113328,107918,112466,108501,105864,108252,108816.7,2421.65155076723
108638,106230,105530,108117,119080,107049,105428,107717,105250,107746,108078.5,4049.49929003575
109168,106380,105840,108125,107415,107542,105934,108193,106214,108245,107305.6,1152.55033151124
108763,106095,106021,107992,106893,105905,105601,107091,105433,107600,106739.4,1114.65093689061
107178,104218,108629,107684,106479,105397,103497,106287,103853,106253,105947.5,1696.30934351282
106163,103222,106201,119367,105972,107458,102756,106390,103061,105438,106602.8,4767.75061801218
105505,103198,105257,103369,105326,104533,102116,104917,102624,105052,104189.7,1245.40792513939
105042,102763,102082,102531,104719,103944,106118,104224,101911,104626,103796,1408.24761080335
105272,102838,102359,103567,105126,103547,105735,104041,102926,104947,104035.8,1172.41714229857
105221,103049,102393,103553,103540,102906,101995,103213,102556,104448,103287.4,967.998071623424
103272,101172,100178,102008,102937,106834,100254,102707,101356,102515,102323.3,1916.36050018431
102914,100138,99856,102116,104167,104245,99578,103759,100290,102523,101958.6,1849.60056949242
102332,99955,102010,102321,101247,101232,99481,101940,99774,101446,101173.8,1071.71262731926
101373,98919,103282,99333,100394,100350,98500,100996,99011,101450,100360.8,1474.55114074306
101162,102588,99685,100042,102551,100062,98079,100536,98246,100334,100328.5,1518.29248024073
100673,101930,100180,98300,104648,99134,97923,100143,99726,99985,100264.2,1919.65713373798
99788,101642,97353,98346,101773,98953,97066,99395,98091,98836,99124.3,1599.59106232395
99341,96751,97164,98904,98134,98479,96721,98895,96763,98600,97975.2,1024.29789503727
100087,96667,97102,96779,97861,98089,96986,98220,96009,99271,97707.1,1258.53348959988
99725,95435,96446,95937,97379,97745,96537,98659,96360,98642,97286.5,1384.91846932109
98790,95845,95961,97163,96929,96862,96006,98246,96064,97832,96969.8,1041.79607729472
98253,95421,95461,95677,96368,96034,95702,96687,102714,97371,96968.8,2212.97074339249
97338,93907,93943,94212,95352,95748,93868,95986,94489,95811,95065.4,1164.86453194257
96101,93661,93277,93508,95288,95502,93332,95903,97733,95337,94964.2,1479.58468647268
97171,94138,93770,93807,94861,94684,94250,94926,98071,96026,95170.4,1463.36531476062
96322,93329,93346,93874,94073,96282,93319,94347,93902,97663,94645.7,1539.85670689768
94279,91763,91652,91837,93476,98556,91775,93864,92151,97266,93661.9,2454.40549262387
93809,91203,91157,91375,93205,95626,91579,93759,92102,93044,92685.9,1463.47907019161
93096,91180,90721,90714,92524,92576,90473,92499,91663,92890,91833.6,998.839014945741
92943,90810,90303,90330,91582,92490,89822,91894,90661,91994,91282.9,1043.20206309442
92693,90236,89712,90022,91186,91718,89347,91443,90107,91363,90782.7,1054.15453747963
91673,89115,89865,91345,90845,91015,88963,90881,89555,91023,90428,967.120468194113
91161,89167,88887,88756,90209,90352,89041,91219,88855,90664,89831.1,992.639069461918
91446,90159,88632,88023,91646,89620,88640,95858,88623,90267,90291.4,2310.21664207782
90182,91921,88470,94488,89826,89490,87740,102667,88016,89987,91278.7,4467.69841442126
89611,94811,87242,87224,91396,88637,87393,89097,88184,88727,89232.2,2334.55781204445
91478,89036,86701,87022,88050,88313,86564,88547,89487,88327,88352.5,1466.32475181243
88772,86209,86398,87108,87514,87713,86527,87650,96454,88043,88238.8,2994.03550784259
88052,88389,85502,85979,86952,87452,85833,87464,92006,87777,87540.6,1851.35219051733
87220,85347,85009,86333,86508,86502,84728,86634,87335,86756,86237.2,902.398630810624
87587,84721,84735,85134,86302,86620,84462,86268,87298,86907,86003.4,1151.07680987075
86390,84233,84635,84792,87275,85390,83795,85473,86773,86428,85518.4,1164.07733610978
86022,83706,83415,83654,87728,85056,83498,85071,93964,85817,85793.1,3188.16796748366
85398,83443,83498,83370,86742,84717,82888,84863,83127,84956,84300.2,1233.89120716176
84933,83243,82820,82811,84221,84460,82755,84522,82635,84899,83729.9,958.847392561623
84988,82595,82791,82153,84242,83511,82223,83370,82300,84588,83276.1,1036.60797797432
84490,82244,82321,81722,82664,82775,85496,83183,81950,83302,83014.7,1178.7248335949
83627,81125,83055,112029,83166,82627,85384,82165,81249,82916,85734.3,9318.14882724389
82917,80759,85881,85756,82330,82104,80735,81736,81165,82478,82586.1,1850.85208305076
82422,80060,82593,82933,81976,81333,80188,81544,80662,82248,81595.9,1017.58684587061
82015,79947,79692,79911,81523,80841,80182,80716,80623,82076,80752.6,867.451337091725
81590,79082,79909,79593,81186,80658,83250,81433,79291,81226,80721.8,1282.19029615559
81166,79129,78536,79606,80982,80417,81918,79879,78865,81021,80151.9,1122.90480946121
80552,77987,77990,78666,79556,81154,80343,79529,78379,80308,79446.4,1140.30436482741
80052,77562,77470,78099,79563,83816,77688,79013,78050,79293,79060.6,1900.62014440901
79690,77670,78125,77881,78520,78594,77495,79717,77599,78628,78391.9,805.568460433032
79188,76593,76460,77559,78120,78206,76572,78820,76725,78355,77659.8,1017.6106874002
79832,76018,76033,76519,77856,77776,76586,77447,76651,78173,77289.1,1179.4093107239
78702,76400,75717,76591,77433,77489,75668,77126,76714,77309,76914.9,906.258541722198
78199,75060,76074,75578,76808,76816,75208,76781,76125,77143,76379.2,962.799944606009
77760,79233,74988,75441,76290,76495,74765,76371,75162,76373,76287.8,1369.97930235785
76798,80404,74213,74911,75675,76303,74528,75846,75480,75863,76002.1,1734.88292592517
134045,135056,131216,134460,135867,132430,135060,150530,158430,134843,138193.7,8888.56230156986
118425,108172,108018,134573,111140,109810,108225,125398,111178,110709,114564.8,8926.76353942955
110568,106927,106961,107005,108716,108343,106896,112679,106938,108731,108376.4,1938.01434463215
110693,105939,106151,130878,108106,107878,105903,110475,106183,108058,110026.4,7535.93386087985
108809,108848,105381,107382,107664,107200,112013,107966,105451,107272,107798.6,1888.40486478227
107764,109555,105051,104929,106855,106483,104509,107267,104807,106636,106385.6,1596.20795080786
107199,104011,104738,104124,106196,105732,103985,106810,103984,106158,105293.7,1266.35654536943
106445,103472,103545,105961,105446,105291,103420,105885,103474,105634,104857.3,1227.17272622887
105949,102840,106281,102761,107429,104593,103021,105144,103111,106422,104755.1,1738.89476072846
105331,102153,106508,107779,107176,103863,102484,104782,102449,104502,104702.7,2013.54116201063
104662,101481,105574,103575,103922,103139,101655,104303,101711,103695,103371.7,1381.01742285252
104145,100824,105169,104929,107968,102570,101328,103766,101043,103200,103494.2,2214.78314965597
103473,100456,100749,105140,105133,102080,100811,103317,100571,102683,102441.3,1810.75914405472
103676,99944,100144,99816,104345,101367,100012,103322,100064,101956,101464.6,1755.42797567368
102481,99293,99621,99435,101213,100639,99422,102566,99659,101318,100564.7,1272.8249465046
101914,98670,99051,99639,101011,100314,99051,101831,99040,100859,100138,1215.91931384355
101108,98081,98343,98130,99943,99494,98252,101010,98274,100227,99286.2,1221.25452802527
102650,97597,98664,98503,99620,99046,97738,102120,98834,99624,99439.6,1694.7246384
100139,97903,98259,97894,98990,98329,98255,99630,98376,99192,98696.7,758.774164908989
99589,96263,96702,96542,98498,98107,96726,98691,96806,98545,97646.9,1163.73598093955
98810,95875,96154,95953,97641,97213,95905,98103,96185,97908,96974.7,1090.76029039891
98232,95468,95351,95246,97343,96687,95411,97421,95664,97416,96423.9,1116.41215507536
97783,94688,94901,94731,100823,96119,94813,96643,95050,96606,96215.7,1932.7865347443
97203,94146,94338,94276,100558,95591,94129,95905,94374,96167,95668.7,2017.84880228646
96649,93597,93691,93802,95465,95201,93781,95465,93958,95592,94720.1,1077.44011950136
96053,93222,93155,93258,94911,94423,93192,94982,93178,95016,94139,1065.9085847816
95488,92632,92636,92752,94260,93996,92531,95394,92551,94518,93675.8,1201.35338496029
94974,91896,92031,96784,105025,95687,92298,94379,92139,93709,94892.2,3944.44675179901
94383,91373,96347,96332,97863,97714,91500,92892,91494,93566,94346.4,2570.28192141554
93615,90823,93035,93472,108152,92479,90957,92328,91053,92795,93870.9,5121.5200315271
93021,90283,92608,90472,94435,92024,90213,91871,90232,92078,91723.7,1422.17673929009
92628,89664,93196,90097,91545,91438,91563,92469,89813,91637,91405,1211.58261973521
91978,89318,94065,89455,91085,91003,94486,90830,89085,91012,91231.7,1852.49705652788
91601,88752,91397,88990,93062,92581,91449,90255,88703,90412,90720.2,1562.0327781452
90766,88135,88214,88339,92218,90016,88478,92140,88277,89791,89637.4,1616.82763459807
90411,87615,87872,87912,89380,89411,87999,89802,87746,89371,88751.9,1022.9815301906
89917,87193,87121,87317,89244,89064,87247,88729,87036,88740,88160.8,1083.29126072149
89379,86644,86639,86744,88437,88512,86761,88277,86767,88225,87638.5,1027.36385959406
88591,85978,86167,86092,87689,87833,86305,87441,87191,87724,87101.1,906.683755966397
88292,87289,85656,85527,87207,87433,85690,86986,85893,87225,86719.8,952.565984882704
87731,94720,85107,85120,86524,86861,85275,86516,86423,86678,87095.5,2809.740962754
87302,91317,84673,84470,86205,86249,84978,85820,84652,86069,86173.5,2021.25578402251
86589,84225,84210,83999,85426,85751,84293,85515,84106,85661,84977.5,912.46263241601
86131,83607,83668,83632,84947,85093,83666,84918,83540,85028,84423,910.804894341019
85824,83430,83408,83424,84692,85042,83515,84412,83602,84846,84219.5,862.556310561165
85150,82665,82494,82444,86172,84176,82596,83734,82666,83931,83602.8,1281.9719012348
84602,82052,81893,85368,85645,83767,82080,83237,82012,83517,83417.3,1425.43966316829
85035,81392,81470,83108,85448,83017,81482,82693,81548,82891,82808.4,1461.50981294459
84302,80902,80813,85661,108722,82749,80862,82148,81013,82269,84944.1,8509.00968842895
82844,80393,80269,80604,110030,82740,80413,81745,80474,82000,84151.2,9147.58084352846
82311,79912,79735,80010,81582,84220,79817,81349,80097,81239,81027.2,1436.67577723329
81756,79325,79332,79455,80889,83356,79439,80421,79415,80742,80413,1333.93852931835
81343,78904,78935,79070,80206,91689,79009,80024,79008,81806,80999.4,3900.42021098012
80785,78318,78421,78483,82115,84554,78434,79963,78513,79985,79957.1,2057.47242184839
80336,77903,78010,78119,79333,80088,77962,79616,78064,79389,78882,965.187143626676
79775,77358,77476,77405,78605,79261,77450,78496,77583,78848,78225.7,886.919769639722
79174,76780,76991,77025,78108,79777,76846,78034,76975,78286,77799.6,1057.69489404501
78694,76281,76321,76682,77676,78407,76490,77583,76309,77887,77233,925.366954240317
78177,75786,75848,76033,77128,82075,75821,76865,76188,77315,77123.6,1912.16550887556
77597,75154,75346,75618,76531,77976,75206,76389,75190,76834,76184.1,1044.60449187453
77246,74612,74958,75056,76047,77307,75566,75746,74734,76312,75758.4,973.86312065802
76859,74428,74431,74700,75689,81239,74415,75133,74246,75843,75698.3,2117.63804744815
78057,74002,73936,74078,75320,97490,73887,74757,73712,75434,77067.3,7292.56667283733
75853,73257,73396,73407,74723,78660,73279,74522,73345,77135,74757.7,1892.93816592091
75354,73345,72931,73099,74010,74630,72938,74445,72678,80323,74375.3,2267.13926690787
74927,72599,72502,72641,73760,74050,72286,73955,72462,78208,73739,1804.45233304242
74424,72063,71900,72156,73231,73514,77564,73222,71786,75339,73519.9,1833.84159318325
73869,71775,71738,71682,72741,73144,73952,82210,71545,75078,73773.4,3194.74235441782
73407,71064,71025,71038,76105,72510,71945,72080,70846,72269,72228.9,1589.28666388415
72885,70694,70612,70606,71896,72143,72361,71744,70332,71924,71519.7,886.120263972234
72545,70186,70170,70351,71531,71679,76583,71308,70060,71335,71574.8,1939.62629848581
71950,69693,69579,69700,71003,71069,69521,70770,69471,70757,70351.3,866.273891766083
71505,69138,69207,69408,70219,70736,68980,70467,68857,70406,69892.3,893.856818014558
71123,68606,68699,68792,69882,70265,68564,70062,68380,69894,69426.7,934.239209196446
70696,68160,68264,68235,69557,69597,68141,69572,68041,69322,68958.5,909.627671083065
70624,67741,67856,67837,69085,69171,67702,68963,67662,68941,68558.2,968.862655098464
69986,67594,67353,67379,70737,68843,67238,68236,67070,68502,68293.8,1247.44893460392
69120,69470,66891,70832,68039,68555,66833,67938,66581,68156,68241.5,1324.77916398671
68500,70274,66465,72987,67321,67942,66470,67450,66150,67578,68113.7,2087.70427077741
68270,65972,70337,65938,67034,67559,66785,67435,65653,67286,67226.9,1368.84188276075
67642,65634,67422,65600,66608,67129,65760,66611,70260,66862,66952.8,1370.31203259209
67125,65008,67327,65262,66262,66754,64961,66064,67954,66269,66298.6,1015.15715258498
66820,64630,64599,64720,65801,66097,64344,65611,67614,65778,65601.4,1062.42010941477
66258,64188,64336,64381,65203,65646,65493,65069,63878,65429,64988.1,761.125548119363
65817,63671,63669,63849,64741,68863,70569,64748,63407,64914,65424.8,2411.49335014173
65401,63356,63370,63382,65535,66957,63312,64510,63167,64433,64342.3,1278.00035211263
64957,62930,62943,63115,63956,66751,62943,65182,62674,64001,63945.2,1323.87392820381
64577,62470,62444,62645,63534,63874,62433,63504,62258,63558,63129.7,783.243548045916
64073,62065,62094,62013,65126,63427,62737,63038,61774,63101,62944.8,1058.10016329058
63660,61709,61577,61649,62586,63059,62281,62727,61387,62593,62322.8,737.8796649861
63225,61159,61112,61331,62207,62493,61285,62282,60854,62250,61819.8,772.568127164919
62773,60786,60783,61097,61522,61965,60815,61666,60737,61848,61399.2,676.75529797212
62338,62639,60251,60341,63441,61651,60332,61111,60899,61373,61437.6,1082.54157733856
61746,61836,59771,59935,62893,61129,59979,60725,60433,61076,60952.3,995.698866793235
61242,64224,59419,62469,64007,60729,59390,60258,59193,60517,61144.8,1845.63399525595
61029,62207,59002,63260,60080,60344,58905,59748,60118,60040,60473.3,1362.83830050866
61307,64631,58580,59520,59640,59801,58439,59574,58569,59605,59966.6,1837.30595044907
61006,58128,58144,58997,60926,59493,58103,58902,58157,59904,59176,1130.4870140293
59523,57770,57744,57837,60896,59069,57597,58391,57643,58817,58528.7,1070.25968292228
59327,57343,57355,59065,58411,58471,57257,58072,57152,58405,58085.8,781.759809660231
58676,56745,56802,57083,59876,58027,56913,57674,56650,57878,57632.4,1032.91014990549
58419,56592,56612,56912,58632,58931,56333,57255,56181,57475,57334.2,1001.10503389449
57985,56042,56269,56796,57105,57195,56062,56854,55897,56988,56719.3,653.452718684034
57365,55593,55525,61834,56607,56741,55584,56472,56646,56614,56898.1,1835.813501179
57127,55214,55123,55604,56163,56700,55134,56068,58089,56164,56138.6,959.382695046953
56736,54780,54846,55199,55837,57741,54672,55539,54606,55778,55573.4,1011.58909093015
56220,54505,54617,54852,55405,55826,54429,55210,54142,55343,55054.9,661.826840394575
55832,54074,54101,56426,54915,55328,54031,54774,53869,54942,54829.2,848.98773711861
55503,53690,53715,53829,54575,57239,53478,54338,53340,54366,54407.3,1182.49604650502
55036,53254,53258,53568,54209,57180,53080,53995,55204,54139,54292.3,1246.50846144117
54613,52671,52802,53052,53747,71752,53980,53601,52650,53748,55261.6,5829.07168519234
54215,52427,52445,52704,53525,58438,52259,53164,52431,53256,53486.4,1845.32708332275
53829,52056,52791,52293,54428,54879,51898,52742,51891,54061,53086.8,1118.18104278531
53461,51796,52905,51907,52631,53116,52191,52555,51580,53798,52594,735.812325105918
53029,51318,51226,51286,52166,52314,55336,52167,50990,52161,52199.3,1272.11940826673
52666,52010,50856,51080,52890,54432,50714,51773,50506,51776,51870.3,1207.60700469059
52152,50308,50255,50823,51199,51358,50347,51314,50222,51292,50927,643.113088379054
51854,50039,50086,50290,51055,51168,49974,51000,49988,50988,50644.2,652.738640907165
51577,49626,49699,49979,50644,50945,49684,50562,49710,50652,50307.8,666.925249851053
51031,49371,49300,49645,50274,50379,49254,50222,49250,50280,49900.6,618.352686130209
50646,48821,48902,49281,49882,50317,48769,49773,48737,49763,49489.1,687.376243406768
50251,48467,48438,48667,50697,49751,48466,49399,48397,49456,49198.9,839.306784065146
49884,48265,48100,48291,49062,49144,48127,48993,48402,49002,48727,580.558926093353
49403,48038,47693,47816,48711,48855,47743,48564,47817,48493,48313.3,578.659187739688
49130,47506,47384,47402,48294,48419,47976,48234,47444,48145,47993.4,568.140280016985
49399,47155,47023,47697,48031,48070,47120,47864,47148,47828,47733.5,711.929030482986
49128,46724,46578,47380,47668,47598,46630,47412,46741,47362,47322.1,759.982229324403
49980,46376,48036,46373,47140,47107,46325,47026,46345,47114,47182.2,1122.18059548759
47563,46095,47473,45939,46797,46759,45865,46779,45887,46656,46581.3,625.904509933868
47111,45671,46798,45751,46480,46659,45554,46563,45527,46277,46239.1,572.58700454846
46699,45342,45168,45387,46104,45982,45175,46071,45125,45905,45695.8,530.789516768287
46451,44879,45408,45008,45672,45743,44690,45664,44716,45643,45387.4,559.813103732943
46151,44598,45414,46572,45368,45334,44370,45363,44286,45302,45275.8,726.098983151287
45674,44334,44945,44979,45039,44961,44051,44917,44055,44698,44765.3,499.468395174087
45317,45031,47001,45319,44655,44441,43689,44520,43725,44379,44807.7,956.225920539237
44990,43436,43368,43592,44291,44209,43354,44151,43289,44143,43882.3,559.761864049744
44642,43137,43039,43152,43777,43971,42953,43906,42938,43832,43534.7,572.149951207432
44301,42707,42735,42816,46543,43534,42584,43464,42712,43419,43481.5,1204.1119595416
44094,42520,42363,42415,44989,43314,42349,43056,42420,43169,43068.9,880.301267874937
43399,42091,41854,42158,42702,42935,41935,42806,42055,42606,42454.1,509.993997786031
43122,41854,41520,41743,42417,42591,41517,42549,41741,42295,42134.9,538.169211308116
42754,41353,41182,41482,43328,42078,41360,43116,41222,41959,41983.4,813.326939865581
42467,40984,40895,41133,41644,42954,40822,48891,40919,41606,42231.5,2447.70528590896
42138,40719,40589,40738,41376,41484,40531,48457,40388,41279,41769.9,2411.52180859584
41890,40365,40153,40498,41053,41188,40244,47155,40298,40899,41374.3,2101.86298580833
41487,39642,39820,39963,40542,40786,39863,40746,39944,40529,40332.2,581.124924416238
41063,39483,39507,39708,40302,40506,39483,40304,39642,40463,40046.1,553.152269572614
40756,39131,39147,39320,39914,40107,39070,39966,39228,39872,39651.1,557.440868812309
40315,38933,38837,39178,39592,39760,38797,39650,38915,39571,39354.8,500.90757630525
40090,38655,38554,38698,39362,39391,38501,39365,38739,39211,39056.6,510.337840171696
39656,38361,38246,38507,39016,40230,38292,38870,38370,38936,38848.4,654.277582953562
39411,37967,37929,38139,38774,38755,37877,38608,38087,38586,38413.3,495.878804637674
38888,37568,37589,37668,38364,38385,37528,38273,37771,38246,38028,463.976053021897
38693,37826,37758,37297,37942,37816,37079,38004,37219,37950,37758.4,468.748973332209
38322,38614,36979,38489,37575,38538,36918,37590,36949,37489,37746.3,690.669570457216
37993,36560,36558,37086,37338,37386,36486,37259,36628,37083,37037.7,483.963508725377
37521,36192,36179,37042,36993,36889,36090,36955,36308,36876,36704.5,478.846124669618
37412,35991,35991,37603,36820,36728,35995,36608,36047,36704,36589.9,591.945277125438
37031,35583,36824,35857,36690,36316,35578,36277,35765,36315,36223.6,518.708267397645
36686,35276,37847,35561,36041,35964,35310,35871,35418,35913,35988.7,777.434248738188
36399,34954,35691,35149,35694,35712,35008,35670,35291,35565,35513.3,430.204098849217
36107,34714,35998,34625,35316,35391,34597,35373,34828,35248,35219.7,538.161076671701
35614,34235,34327,34575,35036,34994,34303,34947,34482,34917,34743,434.670756626975
35359,33942,33976,34075,34627,34880,33995,34665,34136,34570,34422.5,474.289937110671
35061,33744,33754,33648,34256,37877,33662,34349,33744,34325,34442,1287.80208969477
34738,33356,33552,33460,34040,35995,33298,34043,33435,33942,33985.9,833.237521158683
34354,33141,33130,33066,33976,33694,33084,33683,33020,33703,33485.1,462.312893083365
33938,32751,32814,32766,33505,33542,33813,33401,32698,33329,33255.7,465.16139373579
33732,32546,32516,33549,33168,33145,33636,33098,32398,32965,33075.3,477.01317242469
33342,32206,32153,32151,32924,32761,34139,32855,32208,32682,32742.1,635.095522124209
33023,32254,31790,31776,32504,32553,31746,32435,31811,32431,32232.3,434.707577318107
32862,31563,31544,31437,32138,32246,31640,33682,31495,31990,32059.7,723.931097089587
32500,31168,31284,31230,31828,31789,31323,31858,31263,31768,31601.1,422.44774824823
32198,30912,30987,30950,31577,31535,31045,31475,31022,31528,31322.9,412.181850374052
31912,30615,30722,30649,31328,31153,30647,31144,30751,31132,31005.3,413.109630324284
31483,30532,30484,30231,31040,30954,30333,30890,30292,30898,30713.7,403.130265684817
31245,29976,30205,29995,30680,30645,29886,30600,30004,30847,30408.3,458.791661747344
30956,29725,29759,29690,30321,30265,29814,30257,29801,30277,30086.5,402.65238661213
30643,29386,29493,29476,30134,30151,29536,29910,29615,29930,29827.4,400.200005552779
30433,29172,29155,29189,29895,29863,29083,29792,29266,29706,29555.4,448.115362130978
30147,28806,28871,28860,29424,29539,28845,29363,28793,29353,29200.1,445.051170591028
29799,28623,28697,28540,29300,29229,28660,29211,28634,29188,28988.1,415.583244769725
29406,28373,28289,28287,28890,28852,28294,28816,28277,28838,28632.2,385.047702672452
29143,28224,27971,27984,28534,28699,27976,28558,28023,28551,28366.3,395.220346417315
28886,28044,27726,27736,28251,28227,27676,28255,27733,28129,28066.3,374.19663577085
28683,27613,27391,27576,27976,28025,27391,28026,27942,27930,27855.3,385.653284123908
28174,27412,27157,27115,27726,27770,27113,27706,28350,27672,27619.5,428.609703317339
27900,27020,26867,26904,27495,27546,26850,27404,26905,27311,27220.2,363.169320779654
27564,26701,26590,26612,27134,27194,26610,27157,26625,27056,26924.3,340.740712761674
27280,26527,26334,26329,26889,27003,26247,26926,26507,26771,26681.3,343.274121107639
27081,26148,26050,26075,26712,26641,26041,26574,26194,26502,26401.8,353.204316067753
26909,27074,25725,25690,26422,26238,25770,26366,25821,26191,26220.6,489.324296011006
26767,25877,25467,25465,26256,26040,25504,26038,25581,25923,25891.8,415.364043808427
26413,25660,25211,25227,25855,25885,25153,25730,26444,25564,25714.2,459.612590486089
25898,25446,24944,24901,25529,25346,25012,25429,25106,25807,25341.8,349.000413880684
25670,25926,24693,24648,25293,25232,24566,25261,24842,25094,25122.5,447.761903495845
25451,24388,24393,24392,25067,24924,24424,24958,24396,24874,24726.7,379.125616825523
25114,24348,24112,24163,24794,24783,24196,24673,24143,24717,24504.3,353.935979772865
24922,23971,23850,23821,24443,24280,23851,24391,23817,24372,24171.8,369.972611598931
24563,23661,23516,23608,24179,24264,23580,24146,23628,24079,23922.4,365.70637888278
24300,23368,23353,23489,23988,23767,23384,23876,23316,23707,23654.8,330.066255974968
23965,23330,23179,23500,23468,23597,22980,23485,23082,23583,23416.9,287.089010587309
23760,23061,22968,23356,23339,23261,22820,23322,22897,23275,23205.9,276.986341420174
23514,22811,22580,22991,23016,22986,22861,23041,22601,23052,22945.3,264.540713102707
23246,22542,22284,22734,22704,22735,22447,22819,22343,22727,22658.1,276.350200530655
22960,22299,22134,22518,22437,22529,22147,22613,22056,22516,22420.9,271.475986251291
22707,21968,21827,23164,22290,22169,21778,22326,21781,22224,22223.4,441.333887210126
22476,21759,21624,21626,21978,21923,21650,21971,21640,21994,21864.1,266.793907143489
22137,21470,21347,21271,21755,21616,21314,21999,21580,21599,21608.8,287.213354687959
21934,21308,21065,21016,21494,21404,21123,21551,21331,21345,21357.1,268.961975833842
21746,21015,20852,20873,21278,21081,20891,21233,21042,21250,21126.1,268.750379844693
21392,20813,20521,20625,21172,20933,20584,21012,20689,20988,20872.9,279.144108541329
21092,20533,20362,20382,20762,20737,20510,20770,20537,20675,20636,218.420593249711
21075,20326,20224,20168,20645,20460,20124,20465,20396,20484,20436.7,275.586263969903
20618,20043,20188,19918,20168,20199,19819,20169,19913,20130,20116.5,222.044665176476
20364,19825,19974,20041,20046,19905,19583,19995,19850,19996,19957.9,198.697117353132
20152,19546,19707,20043,19745,19758,19352,19735,19568,19731,19733.7,231.051725810477
19831,19274,19480,19641,19509,19441,19063,19570,19373,19625,19480.7,213.014892541448
19719,18906,19221,20097,19304,19243,18892,19271,19182,19461,19329.6,361.155614351733
19603,18656,19093,18737,19167,18944,18650,19070,18822,19328,19007,308.574860357166
19341,18478,19701,18399,18782,18766,18407,18849,18625,18764,18811.2,416.061373677811
19206,18338,18179,18186,18620,18502,18202,18545,18383,18579,18474,306.362167667253
18849,18066,17974,18069,18229,18267,17966,18375,18125,18369,18228.9,263.299343797975
18554,17695,17714,17721,18103,18220,17813,18183,17912,18478,18039.3,317.600045479986
18314,17573,17514,17700,17956,17867,17513,17936,17598,18242,17821.3,292.278805252793
18038,17324,17310,17366,17703,17667,17313,17661,17368,17568,17531.8,239.536496871214
17845,17091,17090,17197,17611,17369,17104,17464,17128,17398,17329.7,256.596548863949
17599,16883,16899,16841,17331,17478,16819,17282,16901,17605,17163.8,327.587749058681
17774,16660,16692,16652,17130,17051,16639,16990,16700,17330,16961.8,374.888664954158
17651,16482,16501,16449,17008,16848,16417,16886,16434,17114,16779,403.55668746782
17081,16255,16293,16313,16784,16591,16318,16590,16287,16596,16510.8,270.592682827899
16787,16044,16068,16041,16452,16348,16010,16440,16038,16320,16254.8,258.485245656734
16515,15819,15808,15886,16333,16098,15753,16114,15781,16129,16023.6,258.494874223842
16389,15676,15653,15613,16073,16041,15678,15969,15691,15963,15874.6,253.361489663375
16466,15407,15427,15448,15858,15735,15783,15818,15504,16053,15749.9,332.626734410276
16334,15313,15270,15166,15515,15540,15642,15568,15284,16624,15625.6,480.031526742428
15697,15022,14988,14974,15311,15238,15086,15332,15027,15285,15196,225.065916270471
15573,14798,14828,14762,15137,15101,14808,15173,14811,15034,15002.5,255.590492780933
15243,14582,14616,14548,14894,14799,14643,14919,14602,14863,14770.9,216.919058124863
14997,14359,14359,14318,14624,14587,14416,14687,14368,14628,14534.3,212.631162135542
14831,14141,14188,14199,14442,14410,14226,14405,14148,14399,14338.9,209.900743739088
14597,13907,14110,13934,14262,14241,14056,14225,13936,14202,14147,208.382660826983
14877,14067,13875,14162,14099,13996,14157,13882,14041,14085,14124.1,282.601977660769
